{"level":"info","message":"[Multi‑chain] Collector started on ethereum (Ethereum), RPC: https://eth-mainnet.g.alchemy.com/v2/aV47nGP_5mNeGM8mQpTwD","timestamp":"2026-08-04T18:03:18.464Z"}
{"level":"info","message":"[BACKFILL MODE] Will process last 40 days of historical data","timestamp":"2026-08-04T18:03:18.466Z"}
{"level":"info","message":"[Stage 2 Analyzer] Running for chain: ethereum (ID: 1)","timestamp":"2026-08-04T18:27:22.422Z"}
{"level":"info","message":"Starting Stage 2 Behavioral Analyzer (continuous mode)","timestamp":"2026-08-04T18:27:22.426Z"}
{"level":"info","message":"Polling interval: 18000s | Chain: ethereum | Lookback: 7200 blocks","timestamp":"2026-08-04T18:27:22.426Z"}
{"level":"info","message":"Fetching qualified pairs and running Stage 1 + Stage 2 heuristics...","timestamp":"2026-08-04T18:27:22.426Z"}
{"level":"info","message":"[Stage 2 Analyzer] Running for chain: bsc (ID: 56)","timestamp":"2026-08-04T18:27:22.423Z"}
{"level":"info","message":"Starting Stage 2 Behavioral Analyzer (continuous mode)","timestamp":"2026-08-04T18:27:22.426Z"}
{"level":"info","message":"Polling interval: 18000s | Chain: bsc | Lookback: 10000 blocks","timestamp":"2026-08-04T18:27:22.426Z"}
{"level":"info","message":"Fetching qualified pairs and running Stage 1 + Stage 2 heuristics...","timestamp":"2026-08-04T18:27:22.427Z"}
{"level":"info","message":"Threshold block for 40-day window: 112618100 (max block: 113770100)","timestamp":"2026-08-04T18:27:24.750Z"}
{"level":"info","message":"Threshold block for 40-day window: 25394810 (max block: 25682810)","timestamp":"2026-08-04T18:27:24.751Z"}
{"level":"info","message":"Fetched 592 raw pairs (page 1). Running Stage 1 + Stage 2 checks...","timestamp":"2026-08-04T18:27:29.134Z"}
{"level":"info","message":"Fetched 496 raw pairs (page 1). Running Stage 1 + Stage 2 checks...","timestamp":"2026-08-04T18:27:30.645Z"}
{"level":"warn","message":"[Analyzer] Failed to analyze 0x0567e7a85ba8e5a4cfc744d9ff5f1d6c741efc67: Analysis timeout","timestamp":"2026-08-04T18:28:59.148Z"}
{"level":"warn","message":"[Analyzer] Failed to analyze 0x00ceb50b1759d289a17d3dfbf06b5af541f84c0a: Analysis timeout","timestamp":"2026-08-04T18:28:59.150Z"}
{"level":"warn","message":"[Analyzer] Failed to analyze 0x8965bc531394878f6e835b58ed0d8c4621a65c5c: Analysis timeout","timestamp":"2026-08-04T18:28:59.150Z"}
{"level":"warn","message":"[Analyzer] Failed to analyze 0xdffc80f1edcaac53bede97b47527ef13a81da880: Analysis timeout","timestamp":"2026-08-04T18:28:59.150Z"}
{"level":"warn","message":"[Analyzer] Failed to analyze 0x5a07d0d2f7a4c6ae62538c55632913e006b16883: Analysis timeout","timestamp":"2026-08-04T18:28:59.151Z"}
{"level":"warn","message":"[Analyzer] Failed to analyze 0x334981034b55beef29c8a5ac7b8c29d8d90a665b: Analysis timeout","timestamp":"2026-08-04T18:28:59.152Z"}
{"level":"warn","message":"[Analyzer] Failed to analyze 0x7977b8d4b37bc63bf7a5a862a785cf9280d3b790: Analysis timeout","timestamp":"2026-08-04T18:28:59.154Z"}
{"level":"warn","message":"[Analyzer] Failed to analyze 0x74a08cc8fa3963d88b7e8ca350da6df341255096: Analysis timeout","timestamp":"2026-08-04T18:28:59.154Z"}
{"level":"warn","message":"[Analyzer] Failed to analyze 0x1a95b0b4d695d3016d69496b8738961348e74429: Analysis timeout","timestamp":"2026-08-04T18:28:59.155Z"}
{"level":"warn","message":"[Analyzer] Failed to analyze 0xc277caa017b0eec98c606482f933496b282a24b1: Analysis timeout","timestamp":"2026-08-04T18:28:59.157Z"}
{"level":"warn","message":"[Analyzer] Failed to analyze 0x32642c2b98e35f301e266d48a78a4db645727e58: Analysis timeout","timestamp":"2026-08-04T18:28:59.159Z"}
{"level":"warn","message":"[Analyzer] Failed to analyze 0x6338214b3a90503ec5adebe20b4b1ce7af3874c7: Analysis timeout","timestamp":"2026-08-04T18:28:59.159Z"}
{"level":"warn","message":"[Analyzer] Failed to analyze 0xc59a084c6be5f532d6cfae3e27ea622010a7dd3d: Analysis timeout","timestamp":"2026-08-04T18:28:59.159Z"}
{"level":"warn","message":"[Analyzer] Failed to analyze 0x3e141a5b74ab88d69fa8c6a52f058d52e44d2ed2: Analysis timeout","timestamp":"2026-08-04T18:28:59.159Z"}
{"level":"warn","message":"[Analyzer] Failed to analyze 0x029c5a853392248fcafd39f0a90a38bc2d0accef: Analysis timeout","timestamp":"2026-08-04T18:28:59.160Z"}
{"level":"warn","message":"[Analyzer] Failed to analyze 0x6c399722deee9e744935d3baa6184b8be7fef7f4: Analysis timeout","timestamp":"2026-08-04T18:28:59.161Z"}
{"level":"warn","message":"[Analyzer] Failed to analyze 0x765a1289a18a02694dd7f45bf98be179dc28408a: Analysis timeout","timestamp":"2026-08-04T18:28:59.161Z"}
{"level":"warn","message":"[Analyzer] Failed to analyze 0x23187e6e197ef0e02142f1280639671e0bd37462: Analysis timeout","timestamp":"2026-08-04T18:28:59.161Z"}
{"level":"warn","message":"[Analyzer] Failed to analyze 0xa2658d1f0187225af2b5fba2c02da82de27ecac2: Analysis timeout","timestamp":"2026-08-04T18:28:59.161Z"}
{"level":"warn","message":"[Analyzer] Failed to analyze 0xcbff447f7d5edeea1be1096e6ac68a25b9d2f319: Analysis timeout","timestamp":"2026-08-04T18:28:59.162Z"}
{"level":"warn","message":"[Analyzer] Failed to analyze 0x5c132d8fb9e34631ed3f2f9d1d6edd52d006fc14: Analysis timeout","timestamp":"2026-08-04T18:28:59.163Z"}
{"level":"warn","message":"[Analyzer] Failed to analyze 0xa16f5ba49954c5ed6273cf8578586be4344f8968: Analysis timeout","timestamp":"2026-08-04T18:28:59.163Z"}
{"level":"warn","message":"[Analyzer] Failed to analyze 0x250a3e7c0affe4b9f798b4897640f3715c7b0dfa: Analysis timeout","timestamp":"2026-08-04T18:28:59.163Z"}
{"level":"warn","message":"[Analyzer] Failed to analyze 0x234e2d8b094f1c5b62b9648e2ed97869a6f0cb05: Analysis timeout","timestamp":"2026-08-04T18:28:59.163Z"}
{"level":"warn","message":"[Analyzer] Failed to analyze 0x7977b8d4b37bc63bf7a5a862a785cf9280d3b790: Analysis timeout","timestamp":"2026-08-04T18:28:59.165Z"}
{"level":"warn","message":"[Analyzer] Failed to analyze 0xed3ab099d9de62fd994b6ba14f10c4e1b0c9d63a: Analysis timeout","timestamp":"2026-08-04T18:28:59.165Z"}
{"level":"warn","message":"[Analyzer] Failed to analyze 0x6c9ae6b9a81343680e4c90b710958112c1109b9e: Analysis timeout","timestamp":"2026-08-04T18:28:59.165Z"}
{"level":"warn","message":"[Analyzer] Failed to analyze 0x4436482946c682132d5a5d500a8f8cef57e98472: Analysis timeout","timestamp":"2026-08-04T18:28:59.165Z"}
{"level":"warn","message":"[Analyzer] Failed to analyze 0x136ca854dafeddd470826987b2d7457c731433ed: Analysis timeout","timestamp":"2026-08-04T18:28:59.167Z"}
{"level":"warn","message":"[Analyzer] Failed to analyze 0x721422d1b1bc7522e5b98716692ca1715190babb: Analysis timeout","timestamp":"2026-08-04T18:28:59.167Z"}
{"level":"warn","message":"[Analyzer] Failed to analyze 0xd578ffeb883ece52c73d032b80a812fcc98dacdd: Analysis timeout","timestamp":"2026-08-04T18:28:59.167Z"}
{"level":"warn","message":"[Analyzer] Failed to analyze 0x8eb2ff34615c618e28d4a14c9c25e007e9db2d4d: Analysis timeout","timestamp":"2026-08-04T18:28:59.168Z"}
{"level":"warn","message":"[Analyzer] Failed to analyze 0x42ce86ccea1254993346b8a570f9141f124ccb9f: Analysis timeout","timestamp":"2026-08-04T18:28:59.168Z"}
{"level":"warn","message":"[Analyzer] Failed to analyze 0x9f493d83c0af52482c2099f5740fc83329f51543: Analysis timeout","timestamp":"2026-08-04T18:28:59.168Z"}
{"level":"warn","message":"[Analyzer] Failed to analyze 0x2c8120ccc3a945551886defcd6ba5459a130249d: Analysis timeout","timestamp":"2026-08-04T18:28:59.168Z"}
{"level":"warn","message":"[Analyzer] Failed to analyze 0xa958bf27a8ebe803e757dcfc59ec5f9167963a40: Analysis timeout","timestamp":"2026-08-04T18:28:59.169Z"}
{"level":"warn","message":"[Analyzer] Failed to analyze 0x155dfd535de1da6fe1cc73fe8ca1a3a1b494ce9c: Analysis timeout","timestamp":"2026-08-04T18:28:59.170Z"}
{"level":"warn","message":"[Analyzer] Failed to analyze 0xfa192a7593386bbae701aa902aa3d5770646729e: Analysis timeout","timestamp":"2026-08-04T18:28:59.170Z"}
{"level":"warn","message":"[Analyzer] Failed to analyze 0x2e8eb61e0fc3ebc098232d9f0e8d1b35301679fb: Analysis timeout","timestamp":"2026-08-04T18:28:59.170Z"}
{"level":"warn","message":"[Analyzer] Failed to analyze 0xd4ae7ca347cab9ac1d445b74df185c61eea3a9a4: Analysis timeout","timestamp":"2026-08-04T18:28:59.170Z"}
{"level":"warn","message":"[Analyzer] Failed to analyze 0xa255620805f404e8fea07d604504ddaa9aaab0d3: Analysis timeout","timestamp":"2026-08-04T18:28:59.171Z"}
{"level":"warn","message":"[Analyzer] Failed to analyze 0xaf3ec378ff596c923b901afffe8aa60425dbdd13: Analysis timeout","timestamp":"2026-08-04T18:28:59.172Z"}
{"level":"warn","message":"[Analyzer] Failed to analyze 0x2fa0ef1259cbc6d9cd386ea3bec8b7aba2a720b4: Analysis timeout","timestamp":"2026-08-04T18:28:59.172Z"}
{"level":"warn","message":"[Analyzer] Failed to analyze 0x151a4b8d0fafa5551bec221febb1e04cd3919dc1: Analysis timeout","timestamp":"2026-08-04T18:28:59.173Z"}
{"level":"warn","message":"[Analyzer] Failed to analyze 0xb1a89ba43009ad087458db6ae8250ca11960a3c2: Analysis timeout","timestamp":"2026-08-04T18:28:59.173Z"}
{"level":"warn","message":"[Analyzer] Failed to analyze 0x26389836fbe95c2deb70df506fab2363f3649a09: Analysis timeout","timestamp":"2026-08-04T18:28:59.173Z"}
{"level":"warn","message":"[Analyzer] Failed to analyze 0xba133e30398f9b1f011f32ef5e75d018607b9592: Analysis timeout","timestamp":"2026-08-04T18:28:59.175Z"}
{"level":"warn","message":"[Analyzer] Failed to analyze 0x04193e9a9bca76cbaeb4c4a4d847d453812fe0bd: Analysis timeout","timestamp":"2026-08-04T18:28:59.175Z"}
{"level":"warn","message":"[Analyzer] Failed to analyze 0x497fa85afcba2a57074a4fe4cdc8d8b51c249536: Analysis timeout","timestamp":"2026-08-04T18:28:59.175Z"}
{"level":"warn","message":"[Analyzer] Failed to analyze 0x71c94f5d82d65d444ddd4c9560c485b0caf1b7bd: Analysis timeout","timestamp":"2026-08-04T18:28:59.175Z"}
{"level":"warn","message":"[Analyzer] Failed to analyze 0x8794aecc66fb8389f612c67fcf6ffae5fa53e077: Analysis timeout","timestamp":"2026-08-04T18:28:59.175Z"}
{"level":"warn","message":"[Analyzer] Failed to analyze 0xe69175090ef36db0c6df0e0443be1602baf71ba2: Analysis timeout","timestamp":"2026-08-04T18:28:59.179Z"}
{"level":"warn","message":"[Analyzer] Failed to analyze 0x5c56592247d2c093206eeab188b88623fd9e13c5: Analysis timeout","timestamp":"2026-08-04T18:28:59.180Z"}
{"level":"warn","message":"[Analyzer] Failed to analyze 0x1787c03f2da21fc59e281544aa2b416e30b6e778: Analysis timeout","timestamp":"2026-08-04T18:28:59.180Z"}
{"level":"warn","message":"[Analyzer] Failed to analyze 0x6e2f74ede5a828dbd29baae78d97a2a6662c7352: Analysis timeout","timestamp":"2026-08-04T18:28:59.180Z"}
{"level":"warn","message":"[Analyzer] Failed to analyze 0x5a065f3122a7d81a242891099c42c0fa7fe3d415: Analysis timeout","timestamp":"2026-08-04T18:28:59.181Z"}
{"level":"warn","message":"[Analyzer] Failed to analyze 0x58b20471a42d0d1c2214f141b98d8e8a955d92d0: Analysis timeout","timestamp":"2026-08-04T18:28:59.182Z"}
{"level":"warn","message":"[Analyzer] Failed to analyze 0xfc4ef54df650a4a68e7b2f2713b751fe587e65da: Analysis timeout","timestamp":"2026-08-04T18:28:59.182Z"}
{"level":"warn","message":"[Analyzer] Failed to analyze 0xa16f5ba49954c5ed6273cf8578586be4344f8968: Analysis timeout","timestamp":"2026-08-04T18:28:59.182Z"}
{"level":"warn","message":"[Analyzer] Failed to analyze 0x3fb302f48f97a8fb7c2ed4dd440d17f626784bbd: Analysis timeout","timestamp":"2026-08-04T18:28:59.184Z"}
{"level":"warn","message":"[Analyzer] Failed to analyze 0xab778890f1f7eba95f2c7a301cf8a81e13a802fe: Analysis timeout","timestamp":"2026-08-04T18:28:59.184Z"}
{"level":"warn","message":"[Analyzer] Failed to analyze 0xd1bfe162404570736854bf0000ef8308285af1dc: Analysis timeout","timestamp":"2026-08-04T18:28:59.184Z"}
{"level":"warn","message":"[Analyzer] Failed to analyze 0x8e7b14988378d252549962c212b947e287a8216c: Analysis timeout","timestamp":"2026-08-04T18:28:59.185Z"}
{"level":"warn","message":"[Analyzer] Failed to analyze 0x32175c82a42f64ee9dfee338608ef4477228c67b: Analysis timeout","timestamp":"2026-08-04T18:28:59.185Z"}
{"level":"warn","message":"[Analyzer] Failed to analyze 0x06d4922ba212a0c73485501b3dad383271a2636b: Analysis timeout","timestamp":"2026-08-04T18:28:59.185Z"}
{"level":"warn","message":"[Analyzer] Failed to analyze 0xbefeb5b38c51e139bb12d26e9fadeacf91401af1: Analysis timeout","timestamp":"2026-08-04T18:28:59.187Z"}
{"level":"warn","message":"[Analyzer] Failed to analyze 0x11446623f6fb2475fd4b0518b8f57c11ef03a7a0: Analysis timeout","timestamp":"2026-08-04T18:28:59.187Z"}
{"level":"warn","message":"[Analyzer] Failed to analyze 0xaedba9536fac5a17fe4e00a21b1101e24925da90: Analysis timeout","timestamp":"2026-08-04T18:28:59.187Z"}
{"level":"warn","message":"[Analyzer] Failed to analyze 0x8c0174ffce96d4904af0a456352e035a047d8a78: Analysis timeout","timestamp":"2026-08-04T18:28:59.187Z"}
{"level":"warn","message":"[Analyzer] Failed to analyze 0x0e9c7a3e15908d18c5792c808f30abeddca3c7a2: Analysis timeout","timestamp":"2026-08-04T18:28:59.188Z"}
{"level":"warn","message":"[Analyzer] Failed to analyze 0xde8bb1ac4075f33f8207c6f42d8b4820822c012a: Analysis timeout","timestamp":"2026-08-04T18:28:59.189Z"}
{"level":"warn","message":"[Analyzer] Failed to analyze 0xff0ccf79fb1629b08619db37fd036ecf66323f16: Analysis timeout","timestamp":"2026-08-04T18:28:59.189Z"}
{"level":"warn","message":"[Analyzer] Failed to analyze 0x5681d84a7992a301321b2e2eb4e01a322430fa26: Analysis timeout","timestamp":"2026-08-04T18:28:59.189Z"}
{"level":"warn","message":"[Analyzer] Failed to analyze 0xfc05c046d52d6f925fa3aa1c50671785a28094d5: Analysis timeout","timestamp":"2026-08-04T18:28:59.189Z"}
{"level":"warn","message":"[Analyzer] Failed to analyze 0xebed0be9b8126868158b34eb9d2de5ef1759aad8: Analysis timeout","timestamp":"2026-08-04T18:28:59.190Z"}
{"level":"warn","message":"[Analyzer] Failed to analyze 0xcd18bbdb95d802cd4872358fd48df7f6228d15fe: Analysis timeout","timestamp":"2026-08-04T18:28:59.190Z"}
{"level":"warn","message":"[Analyzer] Failed to analyze 0xc25d960b0d0288396b7d3f69844eb7ecbea2f061: Analysis timeout","timestamp":"2026-08-04T18:28:59.190Z"}
{"level":"warn","message":"[Analyzer] Failed to analyze 0xa7af2a159cebdb41aa72fd562cbd5cf32798e05d: Analysis timeout","timestamp":"2026-08-04T18:28:59.191Z"}
{"level":"warn","message":"[Analyzer] Failed to analyze 0xd4299c1a5c806c7036befb53712d5281d2907557: Analysis timeout","timestamp":"2026-08-04T18:28:59.191Z"}
{"level":"warn","message":"[Analyzer] Failed to analyze 0x5ff6a9e88256f2e35107aacd7e962ff277a3695d: Analysis timeout","timestamp":"2026-08-04T18:28:59.192Z"}
{"level":"warn","message":"[Analyzer] Failed to analyze 0x70907f1065b4dccadda760f736fd5d9469143a49: Analysis timeout","timestamp":"2026-08-04T18:28:59.192Z"}
{"level":"warn","message":"[Analyzer] Failed to analyze 0xd29d888cf2d8a62cb63ac78271deb8bdad622d31: Analysis timeout","timestamp":"2026-08-04T18:28:59.192Z"}
{"level":"warn","message":"[Analyzer] Failed to analyze 0xfed9ad389606e3f8a6271d75f37bc7a7249a60f2: Analysis timeout","timestamp":"2026-08-04T18:28:59.192Z"}
{"level":"warn","message":"[Analyzer] Failed to analyze 0x01f59d88e6243b5594b343e399e24b43cde668dc: Analysis timeout","timestamp":"2026-08-04T18:28:59.192Z"}
{"level":"warn","message":"[Analyzer] Failed to analyze 0x9745b01363ae749fd63a3e25de3e1b83f9a2aebf: Analysis timeout","timestamp":"2026-08-04T18:28:59.194Z"}
{"level":"warn","message":"[Analyzer] Failed to analyze 0xabb72d8a54acf84bbee5880974a63ec251d16e6f: Analysis timeout","timestamp":"2026-08-04T18:28:59.194Z"}
{"level":"warn","message":"[Analyzer] Failed to analyze 0xc617a0c3714cb2ab293a97905ce49168fbd58a6c: Analysis timeout","timestamp":"2026-08-04T18:28:59.194Z"}
{"level":"warn","message":"[Analyzer] Failed to analyze 0x5758863b7c543907d1604302a71876a5c57860f3: Analysis timeout","timestamp":"2026-08-04T18:28:59.194Z"}
{"level":"warn","message":"[Analyzer] Failed to analyze 0x1941fd26f99c0f3946214d28b977612250798a42: Analysis timeout","timestamp":"2026-08-04T18:28:59.196Z"}
{"level":"warn","message":"[Analyzer] Failed to analyze 0xc311cfa05c004aeea750eb1a0589b04e1f8689d8: Analysis timeout","timestamp":"2026-08-04T18:28:59.197Z"}
{"level":"warn","message":"[Analyzer] Failed to analyze 0xc7175506c613ae8a2ac5471a46ac226c586f788e: Analysis timeout","timestamp":"2026-08-04T18:28:59.197Z"}
{"level":"warn","message":"[Analyzer] Failed to analyze 0x1c244ad85b650a10d92175f16d466406a1221acb: Analysis timeout","timestamp":"2026-08-04T18:28:59.197Z"}
{"level":"warn","message":"[Analyzer] Failed to analyze 0x876bde874aacd665388b3cde41585cdb30c4737f: Analysis timeout","timestamp":"2026-08-04T18:28:59.197Z"}
{"level":"warn","message":"[Analyzer] Failed to analyze 0x0e82a11e1375f9ca14d5c1f43139751da2989b2a: Analysis timeout","timestamp":"2026-08-04T18:28:59.197Z"}
{"level":"warn","message":"[Analyzer] Failed to analyze 0x11a63b5733cf84f2050a1ef24a1d2363f405676e: Analysis timeout","timestamp":"2026-08-04T18:28:59.197Z"}
{"level":"warn","message":"[Analyzer] Failed to analyze 0x9d7d8b567ee10bcb4f9db438245e1d0668175d72: Analysis timeout","timestamp":"2026-08-04T18:28:59.198Z"}
{"level":"warn","message":"[Analyzer] Failed to analyze 0xbf63774f207e42066b699f86f2c1e67ce1e64f37: Analysis timeout","timestamp":"2026-08-04T18:28:59.198Z"}
{"level":"warn","message":"[Analyzer] Failed to analyze 0x9270aeeeae8d83a8c56889935fa496978ef2d9db: Analysis timeout","timestamp":"2026-08-04T18:28:59.199Z"}
{"level":"warn","message":"[Analyzer] Failed to analyze 0x971ea309be35b4606394676a8510642b3f404968: Analysis timeout","timestamp":"2026-08-04T18:28:59.200Z"}
{"level":"warn","message":"[Analyzer] Failed to analyze 0xae7991076b8274b191723600509252a6643dbfea: Analysis timeout","timestamp":"2026-08-04T18:28:59.200Z"}
{"level":"warn","message":"[Analyzer] Failed to analyze 0x30934b845a47f96269c96c614c576b46a27236ec: Analysis timeout","timestamp":"2026-08-04T18:28:59.200Z"}
{"level":"warn","message":"[Analyzer] Failed to analyze 0x0c0c4151735b415ead8980bbf4da465b9a2c45a1: Analysis timeout","timestamp":"2026-08-04T18:28:59.200Z"}
{"level":"warn","message":"[Analyzer] Failed to analyze 0x5982832fd7fac79d7e1f11fd04118abd8dfa15a7: Analysis timeout","timestamp":"2026-08-04T18:28:59.202Z"}
{"level":"warn","message":"[Analyzer] Failed to analyze 0x399aa81ea797e9ff68f4aa58608a837e6db4d194: Analysis timeout","timestamp":"2026-08-04T18:28:59.202Z"}
{"level":"warn","message":"[Analyzer] Failed to analyze 0x12b56fad9d244f16f5bc27f2fe26b6725813d014: Analysis timeout","timestamp":"2026-08-04T18:28:59.202Z"}
{"level":"warn","message":"[Analyzer] Failed to analyze 0x7e73f0ba4a859787c2762aa7bd10cda4f10267b6: Analysis timeout","timestamp":"2026-08-04T18:28:59.202Z"}
{"level":"warn","message":"[Analyzer] Failed to analyze 0x493b05f631324793366f5ffb61ea7a8a123645d4: Analysis timeout","timestamp":"2026-08-04T18:28:59.203Z"}
{"level":"warn","message":"[Analyzer] Failed to analyze 0xf5f983bacb484881b6ace8ab1958ae4cd2600408: Analysis timeout","timestamp":"2026-08-04T18:28:59.204Z"}
{"level":"warn","message":"[Analyzer] Failed to analyze 0xa054fe05190fff641acc70ccf6b6d46795c7a4be: Analysis timeout","timestamp":"2026-08-04T18:28:59.204Z"}
{"level":"warn","message":"[Analyzer] Failed to analyze 0x695ca5a83e5913e121b1de9c76eafc83f8ff8d8e: Analysis timeout","timestamp":"2026-08-04T18:28:59.204Z"}
{"level":"warn","message":"[Analyzer] Failed to analyze 0x5b9415d47ee3f40c534e302f7ba8710eced19c2c: Analysis timeout","timestamp":"2026-08-04T18:28:59.204Z"}
{"level":"warn","message":"[Analyzer] Failed to analyze 0x6febc7b3891b5de9dfb980217d1d1477369455b5: Analysis timeout","timestamp":"2026-08-04T18:28:59.205Z"}
{"level":"warn","message":"[Analyzer] Failed to analyze 0x4e7499601b54b8f68cc78b82d2ec913bf5472b7b: Analysis timeout","timestamp":"2026-08-04T18:28:59.205Z"}
{"level":"warn","message":"[Analyzer] Failed to analyze 0xfbbcb3d84aee409e04ae0709fe156a45742ca709: Analysis timeout","timestamp":"2026-08-04T18:28:59.205Z"}
{"level":"warn","message":"[Analyzer] Failed to analyze 0xba6daa08789abd642500afa036ca008c98dbb691: Analysis timeout","timestamp":"2026-08-04T18:28:59.207Z"}
{"level":"warn","message":"[Analyzer] Failed to analyze 0x8f9866196a2a30fab2a0e8c835bf18a8971514e5: Analysis timeout","timestamp":"2026-08-04T18:28:59.207Z"}
{"level":"warn","message":"[Analyzer] Failed to analyze 0x9e30ac2e4c7e9f0fbccf3e37c593ec090aca6f75: Analysis timeout","timestamp":"2026-08-04T18:28:59.207Z"}
{"level":"warn","message":"[Analyzer] Failed to analyze 0xafba3833cf51f3cd7a554700d042524b0a6847c5: Analysis timeout","timestamp":"2026-08-04T18:28:59.207Z"}
{"level":"warn","message":"[Analyzer] Failed to analyze 0x891b933001ccdfbeee8eff8b9e4b6676f03893c8: Analysis timeout","timestamp":"2026-08-04T18:28:59.207Z"}
{"level":"warn","message":"[Analyzer] Failed to analyze 0x51eb0eefcaf9f71d13fbb6e56ba64aedfdd98e23: Analysis timeout","timestamp":"2026-08-04T18:28:59.207Z"}
{"level":"warn","message":"[Analyzer] Failed to analyze 0xc1f1c4bbe116cac0566f45d80582ea6e02d397b9: Analysis timeout","timestamp":"2026-08-04T18:28:59.207Z"}
{"level":"warn","message":"[Analyzer] Failed to analyze 0x4eda545e6f63b8c9b7ff57d4037d59885f7b8788: Analysis timeout","timestamp":"2026-08-04T18:28:59.209Z"}
{"level":"warn","message":"[Analyzer] Failed to analyze 0xb0c91fac229c9200e184821894c3cc45c402207b: Analysis timeout","timestamp":"2026-08-04T18:28:59.209Z"}
{"level":"warn","message":"[Analyzer] Failed to analyze 0xc25d960b0d0288396b7d3f69844eb7ecbea2f061: Analysis timeout","timestamp":"2026-08-04T18:28:59.209Z"}
{"level":"warn","message":"[Analyzer] Failed to analyze 0xa12f87aba554cf4fe4b4fff47290b79d2386ed98: Analysis timeout","timestamp":"2026-08-04T18:28:59.209Z"}
{"level":"warn","message":"[Analyzer] Failed to analyze 0xcbc2b3f80ab8dff1a3f34896115c11f6643f6232: Analysis timeout","timestamp":"2026-08-04T18:28:59.210Z"}
{"level":"warn","message":"[Analyzer] Failed to analyze 0xb61abcc8209fabdd3cb7b1c3e6651fa0f45324cf: Analysis timeout","timestamp":"2026-08-04T18:28:59.210Z"}
{"level":"warn","message":"[Analyzer] Failed to analyze 0x210c1a84b1aee39562d55bf61f184addfbf2e184: Analysis timeout","timestamp":"2026-08-04T18:28:59.210Z"}
{"level":"warn","message":"[Analyzer] Failed to analyze 0x3e2016058262ba9b209684ccc486a6d4a329ea07: Analysis timeout","timestamp":"2026-08-04T18:28:59.210Z"}
{"level":"warn","message":"[Analyzer] Failed to analyze 0xd51a478286bf17a0f396e25bc1bc13f62245f3b7: Analysis timeout","timestamp":"2026-08-04T18:28:59.210Z"}
{"level":"warn","message":"[Analyzer] Failed to analyze 0x74a08cc8fa3963d88b7e8ca350da6df341255096: Analysis timeout","timestamp":"2026-08-04T18:28:59.210Z"}
{"level":"warn","message":"[Analyzer] Failed to analyze 0x3db7aff7d18e44189cdcdce8a02bc4a42ef702fe: Analysis timeout","timestamp":"2026-08-04T18:28:59.210Z"}
{"level":"warn","message":"[Analyzer] Failed to analyze 0x16c51a91fd5143ab48b56acc41c02ecbfc9ba4cd: Analysis timeout","timestamp":"2026-08-04T18:28:59.211Z"}
{"level":"warn","message":"[Analyzer] Failed to analyze 0x4640d52ae6d683d10390418b4619239cb2e8a20e: Analysis timeout","timestamp":"2026-08-04T18:28:59.212Z"}
{"level":"warn","message":"[Analyzer] Failed to analyze 0xaa8ddfaa147216a34431c60273762a910cff0f1b: Analysis timeout","timestamp":"2026-08-04T18:28:59.212Z"}
{"level":"warn","message":"[Analyzer] Failed to analyze 0x6812bc510554c87a370a9a9a052bf3b929f0588f: Analysis timeout","timestamp":"2026-08-04T18:28:59.212Z"}
{"level":"warn","message":"[Analyzer] Failed to analyze 0x96736c756b4a9bbd04b8d27b185b30a3fe4e92a5: Analysis timeout","timestamp":"2026-08-04T18:28:59.213Z"}
{"level":"warn","message":"[Analyzer] Failed to analyze 0x85f6349aa9861032ae0615238123f53ae3792018: Analysis timeout","timestamp":"2026-08-04T18:28:59.213Z"}
{"level":"warn","message":"[Analyzer] Failed to analyze 0x4e5b6ef5affc936800a8faeba84150fe0f969acc: Analysis timeout","timestamp":"2026-08-04T18:28:59.213Z"}
{"level":"warn","message":"[Analyzer] Failed to analyze 0xfa307815eadaa52693f329c20925371c9da3e58f: Analysis timeout","timestamp":"2026-08-04T18:28:59.213Z"}
{"level":"warn","message":"[Analyzer] Failed to analyze 0xecba5e6832c5595a68f84ae1e0df44f4ae5c032b: Analysis timeout","timestamp":"2026-08-04T18:28:59.214Z"}
{"level":"warn","message":"[Analyzer] Failed to analyze 0x54dcc0f41c91a18fdecdc988ae166229f3ee2e8f: Analysis timeout","timestamp":"2026-08-04T18:28:59.216Z"}
{"level":"warn","message":"[Analyzer] Failed to analyze 0x4a9a36623802bd2596147a5499823f853447ee48: Analysis timeout","timestamp":"2026-08-04T18:28:59.216Z"}
{"level":"warn","message":"[Analyzer] Failed to analyze 0x83ccd72062e60addc6eaffa1b1aed2f98e9cd651: Analysis timeout","timestamp":"2026-08-04T18:28:59.216Z"}
{"level":"warn","message":"[Analyzer] Failed to analyze 0xfee303e0af88c6ea0fc828a7198df54df2ff8d34: Analysis timeout","timestamp":"2026-08-04T18:28:59.216Z"}
{"level":"warn","message":"[Analyzer] Failed to analyze 0x2d5598407b901089e211e0ba25d139576270058c: Analysis timeout","timestamp":"2026-08-04T18:28:59.217Z"}
{"level":"warn","message":"[Analyzer] Failed to analyze 0x2529b99b9f197dd7bfd56660f0539e6bb0010ff8: Analysis timeout","timestamp":"2026-08-04T18:28:59.219Z"}
{"level":"warn","message":"[Analyzer] Failed to analyze 0x7af95bbbb4e32605c5e9aca1f5e805e311c3579d: Analysis timeout","timestamp":"2026-08-04T18:28:59.219Z"}
{"level":"warn","message":"[Analyzer] Failed to analyze 0x10659d742bd6b579b5b9584abc3010de025ec7f5: Analysis timeout","timestamp":"2026-08-04T18:28:59.219Z"}
{"level":"warn","message":"[Analyzer] Failed to analyze 0x18e4012c52ceef2679c677a1578d897f954b5b16: Analysis timeout","timestamp":"2026-08-04T18:28:59.220Z"}
{"level":"warn","message":"[Analyzer] Failed to analyze 0x549d4fc107185de6997f7bcba5d28f0dfb7eaf2c: Analysis timeout","timestamp":"2026-08-04T18:28:59.221Z"}
{"level":"warn","message":"[Analyzer] Failed to analyze 0xc8bf85ea67b33d449e021ad362ed838d83ae983a: Analysis timeout","timestamp":"2026-08-04T18:28:59.221Z"}
{"level":"warn","message":"[Analyzer] Failed to analyze 0xcf6b2590ee1d5fc92cbae005d877cc8bfee4471f: Analysis timeout","timestamp":"2026-08-04T18:28:59.221Z"}
{"level":"warn","message":"[Analyzer] Failed to analyze 0xc517f8a41c4cb1b94152e9b9a4bc6c46d3ddac81: Analysis timeout","timestamp":"2026-08-04T18:28:59.221Z"}
{"level":"warn","message":"[Analyzer] Failed to analyze 0x41faf2ff965c115ba0552735c01273d2cc34f45d: Analysis timeout","timestamp":"2026-08-04T18:28:59.221Z"}
{"level":"warn","message":"[Analyzer] Failed to analyze 0xe81a86001c8754c388c1c27894a45b4c64bc036c: Analysis timeout","timestamp":"2026-08-04T18:28:59.221Z"}
{"level":"warn","message":"[Analyzer] Failed to analyze 0x9208f96e41dbaf194bae647f3e6b8b9d0a9d2eb4: Analysis timeout","timestamp":"2026-08-04T18:28:59.222Z"}
{"level":"warn","message":"[Analyzer] Failed to analyze 0x01f5217fbae57c302fe08f01e4cf5dc4d7da2354: Analysis timeout","timestamp":"2026-08-04T18:28:59.223Z"}
{"level":"warn","message":"[Analyzer] Failed to analyze 0x794558655eae7a20917f02207651e362754a6151: Analysis timeout","timestamp":"2026-08-04T18:28:59.223Z"}
{"level":"warn","message":"[Analyzer] Failed to analyze 0xe15d887773f8b22003581e28acbc1f7b39b54914: Analysis timeout","timestamp":"2026-08-04T18:28:59.223Z"}
{"level":"warn","message":"[Analyzer] Failed to analyze 0xbd918ac14f9ac096c94eccd11a8c31a434c28e45: Analysis timeout","timestamp":"2026-08-04T18:28:59.223Z"}
{"level":"warn","message":"[Analyzer] Failed to analyze 0x66b5f1a5a1cd85a97ada1e4d76e1d2527ce7e3b2: Analysis timeout","timestamp":"2026-08-04T18:28:59.223Z"}
{"level":"warn","message":"[Analyzer] Failed to analyze 0xca4ef5214c70d10341d3fae1286ba89eb9ba83bf: Analysis timeout","timestamp":"2026-08-04T18:28:59.223Z"}
{"level":"warn","message":"[Analyzer] Failed to analyze 0x6bc97e9b9b9801ac41ff1dc2991e8e95d4e0aa1f: Analysis timeout","timestamp":"2026-08-04T18:28:59.223Z"}
{"level":"warn","message":"[Analyzer] Failed to analyze 0xecb2837528361c9a0e0752c30efeb5e81efe13d2: Analysis timeout","timestamp":"2026-08-04T18:28:59.224Z"}
{"level":"warn","message":"[Analyzer] Failed to analyze 0xfb438c0fed3f5cf8c62e1b5b6745b05c1187c0b0: Analysis timeout","timestamp":"2026-08-04T18:28:59.225Z"}
{"level":"warn","message":"[Analyzer] Failed to analyze 0xeec1813f2d283205ddfd2cee7cc892aec1cea3e3: Analysis timeout","timestamp":"2026-08-04T18:28:59.225Z"}
{"level":"warn","message":"[Analyzer] Failed to analyze 0xa0af6aa9421507402898919adcd94f4131dafb57: Analysis timeout","timestamp":"2026-08-04T18:28:59.225Z"}
{"level":"warn","message":"[Analyzer] Failed to analyze 0xc4518c80bd4e7985e8e37b907671f14800f81743: Analysis timeout","timestamp":"2026-08-04T18:28:59.226Z"}
{"level":"warn","message":"[Analyzer] Failed to analyze 0x876bde874aacd665388b3cde41585cdb30c4737f: Analysis timeout","timestamp":"2026-08-04T18:28:59.226Z"}
{"level":"warn","message":"[Analyzer] Failed to analyze 0x5f84806982d4fac025dee28d79a6632110f70b1d: Analysis timeout","timestamp":"2026-08-04T18:28:59.232Z"}
{"level":"warn","message":"[Analyzer] Failed to analyze 0x5b31543a4a55891007e5eaa64b5080c947f0b617: Analysis timeout","timestamp":"2026-08-04T18:28:59.232Z"}
{"level":"warn","message":"[Analyzer] Failed to analyze 0xebed99440972d6add3b853611611c64398a71c18: Analysis timeout","timestamp":"2026-08-04T18:28:59.232Z"}
{"level":"warn","message":"[Analyzer] Failed to analyze 0x1359e0a81b8382b9c011d480a284d831e038300d: Analysis timeout","timestamp":"2026-08-04T18:28:59.232Z"}
{"level":"warn","message":"[Analyzer] Failed to analyze 0x300c4c8ab2c16b60b5fb9fa816e380952b13bc1e: Analysis timeout","timestamp":"2026-08-04T18:28:59.232Z"}
{"level":"warn","message":"[Analyzer] Failed to analyze 0x42ce86ccea1254993346b8a570f9141f124ccb9f: Analysis timeout","timestamp":"2026-08-04T18:28:59.232Z"}
{"level":"warn","message":"[Analyzer] Failed to analyze 0x12fe98ba945ad7aee9c2ed4fa83e48c5b35cd8be: Analysis timeout","timestamp":"2026-08-04T18:28:59.234Z"}
{"level":"warn","message":"[Analyzer] Failed to analyze 0x51b7ec1ae2d8f38a58c2db06f69c56433638da10: Analysis timeout","timestamp":"2026-08-04T18:28:59.234Z"}
{"level":"warn","message":"[Analyzer] Failed to analyze 0x5758863b7c543907d1604302a71876a5c57860f3: Analysis timeout","timestamp":"2026-08-04T18:28:59.234Z"}
{"level":"warn","message":"[Analyzer] Failed to analyze 0x72222db46138e8cd22fa810eb03edc3c84ebb828: Analysis timeout","timestamp":"2026-08-04T18:28:59.234Z"}
{"level":"warn","message":"[Analyzer] Failed to analyze 0xd254adb67e3ca63bd0fd75ea3a636064a80b8401: Analysis timeout","timestamp":"2026-08-04T18:28:59.234Z"}
{"level":"warn","message":"[Analyzer] Failed to analyze 0x42164301b719b000050c0ee726a28f3b074a4eef: Analysis timeout","timestamp":"2026-08-04T18:28:59.234Z"}
{"level":"warn","message":"[Analyzer] Failed to analyze 0x926853ae7ab1d1b445bf772d9217202ed9ca2f06: Analysis timeout","timestamp":"2026-08-04T18:28:59.236Z"}
{"level":"warn","message":"[Analyzer] Failed to analyze 0x44b990bf4e2be028ff54d9c75319bf2b5814c2f1: Analysis timeout","timestamp":"2026-08-04T18:28:59.236Z"}
{"level":"warn","message":"[Analyzer] Failed to analyze 0x0d2589f2c056989a1de9764ab83e716241480fc5: Analysis timeout","timestamp":"2026-08-04T18:28:59.236Z"}
{"level":"warn","message":"[Analyzer] Failed to analyze 0x58283a20d3ca88e588092e7d8028273983a36ff3: Analysis timeout","timestamp":"2026-08-04T18:28:59.236Z"}
{"level":"warn","message":"[Analyzer] Failed to analyze 0x56145b0523947a7b6ae49654e555369f81ffb235: Analysis timeout","timestamp":"2026-08-04T18:28:59.236Z"}
{"level":"warn","message":"[Analyzer] Failed to analyze 0x6efb72175c5fcccb5dae940336ffcb774ddd99f8: Analysis timeout","timestamp":"2026-08-04T18:28:59.236Z"}
{"level":"warn","message":"[Analyzer] Failed to analyze 0x7350f94a7a8af1f8abd2acc3eaccc5e4dc82a794: Analysis timeout","timestamp":"2026-08-04T18:28:59.236Z"}
{"level":"warn","message":"[Analyzer] Failed to analyze 0xfde9f2856b072ab98a3dbfbc66d6641b542b463d: Analysis timeout","timestamp":"2026-08-04T18:28:59.238Z"}
{"level":"warn","message":"[Analyzer] Failed to analyze 0x389c80c388bbb9d4b2def8df995f32feea94b75b: Analysis timeout","timestamp":"2026-08-04T18:28:59.238Z"}
{"level":"warn","message":"[Analyzer] Failed to analyze 0x1e2da3e7f59f2a8e8f93ceac32913665e5dbf06f: Analysis timeout","timestamp":"2026-08-04T18:28:59.238Z"}
{"level":"warn","message":"[Analyzer] Failed to analyze 0x5c8e8ef77df31f0e6385f1067098bb7fd9368c4d: Analysis timeout","timestamp":"2026-08-04T18:28:59.238Z"}
{"level":"warn","message":"[Analyzer] Failed to analyze 0xd92476407fbc35eda311eaeaacb24d985c627f93: Analysis timeout","timestamp":"2026-08-04T18:28:59.238Z"}
{"level":"warn","message":"[Analyzer] Failed to analyze 0xaf8e2f867dccf84bdfc53c36a131cabd95ff9913: Analysis timeout","timestamp":"2026-08-04T18:28:59.238Z"}
{"level":"warn","message":"[Analyzer] Failed to analyze 0x80e13aba3921a3651b9d863bc771bc194816bde1: Analysis timeout","timestamp":"2026-08-04T18:28:59.239Z"}
{"level":"warn","message":"[Analyzer] Failed to analyze 0xa00068c514e2c12d6ef0b3f1a8cb69296018820a: Analysis timeout","timestamp":"2026-08-04T18:28:59.239Z"}
{"level":"warn","message":"[Analyzer] Failed to analyze 0x641d112049b0656531b983397ee204bf516b86b7: Analysis timeout","timestamp":"2026-08-04T18:28:59.239Z"}
{"level":"warn","message":"[Analyzer] Failed to analyze 0x796f8a302fbad7a9207e1fb51af160cf8d51039f: Analysis timeout","timestamp":"2026-08-04T18:28:59.239Z"}
{"level":"warn","message":"[Analyzer] Failed to analyze 0xd227d0d589c7b8166e5cc8e52c73aadd04ee4015: Analysis timeout","timestamp":"2026-08-04T18:28:59.239Z"}
{"level":"warn","message":"[Analyzer] Failed to analyze 0x4d22b59722de51462e736c99895db6915e3f05a7: Analysis timeout","timestamp":"2026-08-04T18:28:59.239Z"}
{"level":"warn","message":"[Analyzer] Failed to analyze 0x2a1910c65c8996346adbde9c9ca2b8223cd89972: Analysis timeout","timestamp":"2026-08-04T18:28:59.241Z"}
{"level":"warn","message":"[Analyzer] Failed to analyze 0x817eeff3ec41d91dc627a59d383c4a750b4941dd: Analysis timeout","timestamp":"2026-08-04T18:28:59.241Z"}
{"level":"warn","message":"[Analyzer] Failed to analyze 0x47c3bfaa2410a6fcf3dff7d0284f6d477146e9da: Analysis timeout","timestamp":"2026-08-04T18:28:59.241Z"}
{"level":"warn","message":"[Analyzer] Failed to analyze 0x1c244ad85b650a10d92175f16d466406a1221acb: Analysis timeout","timestamp":"2026-08-04T18:28:59.241Z"}
{"level":"warn","message":"[Analyzer] Failed to analyze 0xb8fbbad6ffb3000a05ddbcd090e3a3e71718480a: Analysis timeout","timestamp":"2026-08-04T18:28:59.241Z"}
{"level":"warn","message":"[Analyzer] Failed to analyze 0x8bbff7178ebf3790c21ce858d4a50969a939dc9b: Analysis timeout","timestamp":"2026-08-04T18:28:59.241Z"}
{"level":"warn","message":"[Analyzer] Failed to analyze 0x4ddafc723bf3b3bb7acda4b83d0c46be68b4282c: Analysis timeout","timestamp":"2026-08-04T18:28:59.242Z"}
{"level":"warn","message":"[Analyzer] Failed to analyze 0xebc749eb87e456592217915408161905de9ad8c6: Analysis timeout","timestamp":"2026-08-04T18:28:59.243Z"}
{"level":"warn","message":"[Analyzer] Failed to analyze 0xbd1718496c6e624500ebcdc3867b7701e9e58544: Analysis timeout","timestamp":"2026-08-04T18:28:59.243Z"}
{"level":"warn","message":"[Analyzer] Failed to analyze 0xdd4d10b41c3a2b101e2782a50307be20e74e61c0: Analysis timeout","timestamp":"2026-08-04T18:28:59.243Z"}
{"level":"warn","message":"[Analyzer] Failed to analyze 0xc71331709e9b06473356aa3b116cd6f3970c6c53: Analysis timeout","timestamp":"2026-08-04T18:28:59.243Z"}
{"level":"warn","message":"[Analyzer] Failed to analyze 0x447f4d494b754c7c5367567cda7022a243d0db89: Analysis timeout","timestamp":"2026-08-04T18:28:59.243Z"}
{"level":"warn","message":"[Analyzer] Failed to analyze 0xe0f54424dc6d7ac8d20aa8004cd1b7c598d68201: Analysis timeout","timestamp":"2026-08-04T18:28:59.243Z"}
{"level":"warn","message":"[Analyzer] Failed to analyze 0xd644f5f201c6ed7e44fbb7b924252cf6b6be6866: Analysis timeout","timestamp":"2026-08-04T18:28:59.244Z"}
{"level":"warn","message":"[Analyzer] Failed to analyze 0x2f32c00cafa4e684035e86cb026924b310407104: Analysis timeout","timestamp":"2026-08-04T18:28:59.245Z"}
{"level":"warn","message":"[Analyzer] Failed to analyze 0xd3d651b78d190b523f3437dafa8b99095b84a3a9: Analysis timeout","timestamp":"2026-08-04T18:28:59.245Z"}
{"level":"warn","message":"[Analyzer] Failed to analyze 0xe0616b211f6cc34a5f33e6fa316ae6e0375cbc36: Analysis timeout","timestamp":"2026-08-04T18:28:59.245Z"}
{"level":"warn","message":"[Analyzer] Failed to analyze 0x457c9aecfd0182b51203ea7dabede43c8615e8a8: Analysis timeout","timestamp":"2026-08-04T18:28:59.245Z"}
{"level":"warn","message":"[Analyzer] Failed to analyze 0x3f1c2789a7f0123abcf4dd54509214d049cb5519: Analysis timeout","timestamp":"2026-08-04T18:28:59.245Z"}
{"level":"warn","message":"[Analyzer] Failed to analyze 0x42ce86ccea1254993346b8a570f9141f124ccb9f: Analysis timeout","timestamp":"2026-08-04T18:28:59.246Z"}
{"level":"warn","message":"[Analyzer] Failed to analyze 0x4287887314a6c8de2284aa3fe2c8cfc0b16459aa: Analysis timeout","timestamp":"2026-08-04T18:28:59.247Z"}
{"level":"warn","message":"[Analyzer] Failed to analyze 0xbe4b38eda816f795a63025547698fc11f89c5fd1: Analysis timeout","timestamp":"2026-08-04T18:28:59.247Z"}
{"level":"warn","message":"[Analyzer] Failed to analyze 0xbe4b38eda816f795a63025547698fc11f89c5fd1: Analysis timeout","timestamp":"2026-08-04T18:28:59.247Z"}
{"level":"warn","message":"[Analyzer] Failed to analyze 0xbe4b38eda816f795a63025547698fc11f89c5fd1: Analysis timeout","timestamp":"2026-08-04T18:28:59.248Z"}
{"level":"warn","message":"[Analyzer] Failed to analyze 0xbe4b38eda816f795a63025547698fc11f89c5fd1: Analysis timeout","timestamp":"2026-08-04T18:28:59.250Z"}
{"level":"warn","message":"[Analyzer] Failed to analyze 0xbe4b38eda816f795a63025547698fc11f89c5fd1: Analysis timeout","timestamp":"2026-08-04T18:28:59.250Z"}
{"level":"warn","message":"[Analyzer] Failed to analyze 0xbe4b38eda816f795a63025547698fc11f89c5fd1: Analysis timeout","timestamp":"2026-08-04T18:28:59.250Z"}
{"level":"warn","message":"[Analyzer] Failed to analyze 0xd394a7be1ba53ea3850785d1436900060d95a2a5: Analysis timeout","timestamp":"2026-08-04T18:28:59.250Z"}
{"level":"warn","message":"[Analyzer] Failed to analyze 0xb8099f8701310234b9465d32ebbe8b40fbe80c2e: Analysis timeout","timestamp":"2026-08-04T18:28:59.251Z"}
{"level":"warn","message":"[Analyzer] Failed to analyze 0xf4c2181bef782b9ee72e836bfbf5c1e8e59d6009: Analysis timeout","timestamp":"2026-08-04T18:28:59.251Z"}
{"level":"warn","message":"[Analyzer] Failed to analyze 0xf059deb624a88a72351cdf09153f419618756b35: Analysis timeout","timestamp":"2026-08-04T18:28:59.251Z"}
{"level":"warn","message":"[Analyzer] Failed to analyze 0xfb5ddde57a40a08e81e78053a50deffa42234be8: Analysis timeout","timestamp":"2026-08-04T18:28:59.251Z"}
{"level":"warn","message":"[Analyzer] Failed to analyze 0x31ba2c0de28ce8ef3c78079f1b88d0ed80abfa4a: Analysis timeout","timestamp":"2026-08-04T18:28:59.251Z"}
{"level":"warn","message":"[Analyzer] Failed to analyze 0x125006f0f69ef3e0456ae8c768262e86834f90f8: Analysis timeout","timestamp":"2026-08-04T18:28:59.251Z"}
{"level":"warn","message":"[Analyzer] Failed to analyze 0x1a408e2ed0e387b19154c7c5b84631732e2ea8bd: Analysis timeout","timestamp":"2026-08-04T18:28:59.251Z"}
{"level":"warn","message":"[Analyzer] Failed to analyze 0xf73f6f5398f54c8afb0800297fdc15217b1ca21f: Analysis timeout","timestamp":"2026-08-04T18:28:59.252Z"}
{"level":"warn","message":"[Analyzer] Failed to analyze 0x3092df80e2667f45ad697c98776bee204f416097: Analysis timeout","timestamp":"2026-08-04T18:28:59.252Z"}
{"level":"warn","message":"[Analyzer] Failed to analyze 0x6fe8b12db69ad011748f57219532ab9aa58e170e: Analysis timeout","timestamp":"2026-08-04T18:28:59.252Z"}
{"level":"warn","message":"[Analyzer] Failed to analyze 0xa0277eb181577b712813b8f0a11b931bd82fef4a: Analysis timeout","timestamp":"2026-08-04T18:28:59.252Z"}
{"level":"warn","message":"[Analyzer] Failed to analyze 0x7d1316c1a1108019374074c810d21e2ac5cf70cc: Analysis timeout","timestamp":"2026-08-04T18:28:59.252Z"}
{"level":"warn","message":"[Analyzer] Failed to analyze 0x3347b4c8fd9a08ffa46494ff785329247ccc2b27: Analysis timeout","timestamp":"2026-08-04T18:28:59.252Z"}
{"level":"warn","message":"[Analyzer] Failed to analyze 0x78c6789ae260e3499318770c473a4888a3153c7a: Analysis timeout","timestamp":"2026-08-04T18:28:59.253Z"}
{"level":"warn","message":"[Analyzer] Failed to analyze 0xb7ff956106a19af2c9ef272642c240f42aa7b0fd: Analysis timeout","timestamp":"2026-08-04T18:28:59.253Z"}
{"level":"warn","message":"[Analyzer] Failed to analyze 0xd6da06be90e7ff4598b9d313577949204f425975: Analysis timeout","timestamp":"2026-08-04T18:28:59.254Z"}
{"level":"warn","message":"[Analyzer] Failed to analyze 0x35aa9c1229ffd7202565e59cb2c4d4a9eb39a92a: Analysis timeout","timestamp":"2026-08-04T18:28:59.254Z"}
{"level":"warn","message":"[Analyzer] Failed to analyze 0xb80bd4e28bee3c268dc2fa86302d088dca17dba7: Analysis timeout","timestamp":"2026-08-04T18:28:59.254Z"}
{"level":"warn","message":"[Analyzer] Failed to analyze 0x80998cd325c909d410fb39a91eb9a2684fbd1695: Analysis timeout","timestamp":"2026-08-04T18:28:59.255Z"}
{"level":"warn","message":"[Analyzer] Failed to analyze 0x370cee341088f9379c57558bc472855c9e5b74c6: Analysis timeout","timestamp":"2026-08-04T18:28:59.255Z"}
{"level":"warn","message":"[Analyzer] Failed to analyze 0x8b03d0632aef7982d5f0871eefe55cbe88a235f1: Analysis timeout","timestamp":"2026-08-04T18:28:59.256Z"}
{"level":"warn","message":"[Analyzer] Failed to analyze 0x4971ac49256203b1b0d12b1d4a3f8664177e05d8: Analysis timeout","timestamp":"2026-08-04T18:28:59.257Z"}
{"level":"warn","message":"[Analyzer] Failed to analyze 0x6cba22aa9a62a8f94f9e48d87e3af8e8cfdc0f53: Analysis timeout","timestamp":"2026-08-04T18:28:59.257Z"}
{"level":"warn","message":"[Analyzer] Failed to analyze 0xbe248ccffaa31f07adbb0d1f9815f52800fa183b: Analysis timeout","timestamp":"2026-08-04T18:28:59.257Z"}
{"level":"warn","message":"[Analyzer] Failed to analyze 0x84ac26dac0a4dd626d547b62b53cb6d9c537a508: Analysis timeout","timestamp":"2026-08-04T18:28:59.259Z"}
{"level":"warn","message":"[Analyzer] Failed to analyze 0xa99cdee0a7877201aa71a7b9af55fd39a2fe5fbc: Analysis timeout","timestamp":"2026-08-04T18:28:59.259Z"}
{"level":"warn","message":"[Analyzer] Failed to analyze 0x21c91b6b1b33f067914839f6a4b986feb7008610: Analysis timeout","timestamp":"2026-08-04T18:28:59.259Z"}
{"level":"warn","message":"[Analyzer] Failed to analyze 0xc0c6026f4cee7eeb994043101d82885b9b0f0e14: Analysis timeout","timestamp":"2026-08-04T18:28:59.259Z"}
{"level":"warn","message":"[Analyzer] Failed to analyze 0x941704c7965e15d6cfff76d8bd6573704f145f01: Analysis timeout","timestamp":"2026-08-04T18:28:59.259Z"}
{"level":"warn","message":"[Analyzer] Failed to analyze 0xc119e9596d70538dbe9e7238076ccb394c951fcd: Analysis timeout","timestamp":"2026-08-04T18:28:59.259Z"}
{"level":"warn","message":"[Analyzer] Failed to analyze 0x91eff1e17d6bf1c4721801fa6cd5f3037c7750f7: Analysis timeout","timestamp":"2026-08-04T18:28:59.259Z"}
{"level":"warn","message":"[Analyzer] Failed to analyze 0xe4a71e1544cef265442a583ad15722efcb419957: Analysis timeout","timestamp":"2026-08-04T18:28:59.259Z"}
{"level":"warn","message":"[Analyzer] Failed to analyze 0x4692c4937a93bd6f2dffe7ba58aec622be22d0dc: Analysis timeout","timestamp":"2026-08-04T18:28:59.261Z"}
{"level":"warn","message":"[Analyzer] Failed to analyze 0xfa4617ad61135b2ad2b6d5cd5e6cafdb6de245f5: Analysis timeout","timestamp":"2026-08-04T18:28:59.261Z"}
{"level":"warn","message":"[Analyzer] Failed to analyze 0xbfdaa9d1b2a6a0c54bb4415f62713bad7585dfce: Analysis timeout","timestamp":"2026-08-04T18:28:59.261Z"}
{"level":"warn","message":"[Analyzer] Failed to analyze 0x4019c02ad95dad13cb547d8c117ac6c63f7e0033: Analysis timeout","timestamp":"2026-08-04T18:28:59.261Z"}
{"level":"warn","message":"[Analyzer] Failed to analyze 0xaf76ba9e3901893b443a1691138706fb75acfe7b: Analysis timeout","timestamp":"2026-08-04T18:28:59.261Z"}
{"level":"warn","message":"[Analyzer] Failed to analyze 0x9708cd151a9cb4009c31902d083ae7d253c6a88b: Analysis timeout","timestamp":"2026-08-04T18:28:59.261Z"}
{"level":"warn","message":"[Analyzer] Failed to analyze 0x8c53100c83e129f1a43d4ba16eb416197c5cd728: Analysis timeout","timestamp":"2026-08-04T18:28:59.263Z"}
{"level":"warn","message":"[Analyzer] Failed to analyze 0x500d3cfa4b559804c5e5782c205000ae4e0192b7: Analysis timeout","timestamp":"2026-08-04T18:28:59.263Z"}
{"level":"warn","message":"[Analyzer] Failed to analyze 0x03d9e7a0b929be8f29c80effba55701dd976ad6c: Analysis timeout","timestamp":"2026-08-04T18:28:59.263Z"}
{"level":"warn","message":"[Analyzer] Failed to analyze 0x3960212c41791d0cd768afdd05ad5ac5dc7d575c: Analysis timeout","timestamp":"2026-08-04T18:28:59.263Z"}
{"level":"warn","message":"[Analyzer] Failed to analyze 0xa05ce9187765ffb27b5ab0678df2fd7033bf724f: Analysis timeout","timestamp":"2026-08-04T18:28:59.263Z"}
{"level":"warn","message":"[Analyzer] Failed to analyze 0x51c77a70e4f25c223462cdcfb27934ce6021c769: Analysis timeout","timestamp":"2026-08-04T18:28:59.264Z"}
{"level":"warn","message":"[Analyzer] Failed to analyze 0xf401361994d063575cbdbf70bb2eae45ec0d369f: Analysis timeout","timestamp":"2026-08-04T18:28:59.265Z"}
{"level":"warn","message":"[Analyzer] Failed to analyze 0xab257ce5911615913150e881756a854eb4a5da8f: Analysis timeout","timestamp":"2026-08-04T18:28:59.265Z"}
{"level":"warn","message":"[Analyzer] Failed to analyze 0x8e343cac07098e899105b04b9336b9ebfa22356f: Analysis timeout","timestamp":"2026-08-04T18:28:59.265Z"}
{"level":"warn","message":"[Analyzer] Failed to analyze 0x3bc86d9f8919f3ae21dca7c1a24395d15d0dcf10: Analysis timeout","timestamp":"2026-08-04T18:28:59.265Z"}
{"level":"warn","message":"[Analyzer] Failed to analyze 0xba6daa08789abd642500afa036ca008c98dbb691: Analysis timeout","timestamp":"2026-08-04T18:28:59.265Z"}
{"level":"warn","message":"[Analyzer] Failed to analyze 0xc843a521c4ddbac3a443be72e99d3a07acefc62a: Analysis timeout","timestamp":"2026-08-04T18:28:59.266Z"}
{"level":"warn","message":"[Analyzer] Failed to analyze 0xe59c8bc1d036597477e7f8105ed18c7c9b871d5a: Analysis timeout","timestamp":"2026-08-04T18:28:59.267Z"}
{"level":"warn","message":"[Analyzer] Failed to analyze 0x657c582ce07c555061a57cacc7fb4a593c85aaaa: Analysis timeout","timestamp":"2026-08-04T18:28:59.267Z"}
{"level":"warn","message":"[Analyzer] Failed to analyze 0xac78e9cf5862577faaad59622fe5f86d23ad336b: Analysis timeout","timestamp":"2026-08-04T18:28:59.267Z"}
{"level":"warn","message":"[Analyzer] Failed to analyze 0x3a53f284a65b694f3c68fefcd95cb4ddf583f451: Analysis timeout","timestamp":"2026-08-04T18:28:59.267Z"}
{"level":"warn","message":"[Analyzer] Failed to analyze 0x008b53430e62f762fd1cd7137675a4350db8e7e4: Analysis timeout","timestamp":"2026-08-04T18:28:59.268Z"}
{"level":"warn","message":"[Analyzer] Failed to analyze 0x331610321f2cf046daec4c1ef68c8ccce2246ac9: Analysis timeout","timestamp":"2026-08-04T18:28:59.269Z"}
{"level":"warn","message":"[Analyzer] Failed to analyze 0x76e4d334055bd4cbba6de2c0fc96bcea6f6c0e33: Analysis timeout","timestamp":"2026-08-04T18:28:59.277Z"}
{"level":"warn","message":"[Analyzer] Failed to analyze 0xd0f0a5fb07f5a539386749bbe2311b6b274d523d: Analysis timeout","timestamp":"2026-08-04T18:28:59.278Z"}
{"level":"warn","message":"[Analyzer] Failed to analyze 0x0fde1fbbeac7ebbcbe562b8d3fea1107bba159f4: Analysis timeout","timestamp":"2026-08-04T18:28:59.278Z"}
{"level":"warn","message":"[Analyzer] Failed to analyze 0x6b26c734b38ec8e4a6c0053fb349ea20759a5f9f: Analysis timeout","timestamp":"2026-08-04T18:28:59.278Z"}
{"level":"warn","message":"[Analyzer] Failed to analyze 0x063d88e85bae7127d867e84d269ba3003c7ecb9d: Analysis timeout","timestamp":"2026-08-04T18:28:59.278Z"}
{"level":"warn","message":"[Analyzer] Failed to analyze 0x526c739a95951f76b492932836448af25741245b: Analysis timeout","timestamp":"2026-08-04T18:28:59.278Z"}
{"level":"warn","message":"[Analyzer] Failed to analyze 0xa458a1151af0ac8b1b9b12508192d6bb1d2c8c1b: Analysis timeout","timestamp":"2026-08-04T18:28:59.279Z"}
{"level":"warn","message":"[Analyzer] Failed to analyze 0xd5749097485c967ecda912280b390b9ebcee0a22: Analysis timeout","timestamp":"2026-08-04T18:28:59.279Z"}
{"level":"warn","message":"[Analyzer] Failed to analyze 0x30b70cf3bcb3aceb575a485b639254930639641f: Analysis timeout","timestamp":"2026-08-04T18:28:59.280Z"}
{"level":"warn","message":"[Analyzer] Failed to analyze 0xd8c165956bdb8c21bdd8acc0bb3c13ff0c77825e: Analysis timeout","timestamp":"2026-08-04T18:28:59.281Z"}
{"level":"warn","message":"[Analyzer] Failed to analyze 0xa0676cbbc8d9aa1c9aef8061c3cf7c08dfcd055f: Analysis timeout","timestamp":"2026-08-04T18:28:59.281Z"}
{"level":"warn","message":"[Analyzer] Failed to analyze 0xad5f0bbd4da9dccd24d66e9f128369789c4e16f8: Analysis timeout","timestamp":"2026-08-04T18:28:59.281Z"}
{"level":"warn","message":"[Analyzer] Failed to analyze 0xc3c0b1928728a2602c18b702a28116bb530040e9: Analysis timeout","timestamp":"2026-08-04T18:28:59.281Z"}
{"level":"warn","message":"[Analyzer] Failed to analyze 0xa9dc5641b1e05d8ad62bd1dfe77cfb95ed7a86b6: Analysis timeout","timestamp":"2026-08-04T18:28:59.281Z"}
{"level":"warn","message":"[Analyzer] Failed to analyze 0xa756685019adf464ff50bca41a9236be366fcdfe: Analysis timeout","timestamp":"2026-08-04T18:28:59.281Z"}
{"level":"warn","message":"[Analyzer] Failed to analyze 0x0e80bc10e7acbc45b48def1d798e63e9d5581d85: Analysis timeout","timestamp":"2026-08-04T18:28:59.281Z"}
{"level":"warn","message":"[Analyzer] Failed to analyze 0x33878e1b41082aaab1e77128e3b146c014f4aea4: Analysis timeout","timestamp":"2026-08-04T18:28:59.283Z"}
{"level":"warn","message":"[Analyzer] Failed to analyze 0x9a6d872e3c6aaf131e97204249e06ca7455bed84: Analysis timeout","timestamp":"2026-08-04T18:28:59.283Z"}
{"level":"warn","message":"[Analyzer] Failed to analyze 0xb06fc9e0597f223fe2fbafbc3ecaaec8584c9122: Analysis timeout","timestamp":"2026-08-04T18:28:59.283Z"}
{"level":"warn","message":"[Analyzer] Failed to analyze 0x376fa9dcfcb3c403f9b9ef4a64657612ebf85513: Analysis timeout","timestamp":"2026-08-04T18:28:59.283Z"}
{"level":"warn","message":"[Analyzer] Failed to analyze 0x0b00a44ada1a51be47f841fb47ee7d2e927a161e: Analysis timeout","timestamp":"2026-08-04T18:28:59.283Z"}
{"level":"warn","message":"[Analyzer] Failed to analyze 0x029c5a853392248fcafd39f0a90a38bc2d0accef: Analysis timeout","timestamp":"2026-08-04T18:28:59.284Z"}
{"level":"warn","message":"[Analyzer] Failed to analyze 0x686a82d5216cfc613f6a13a744b5d6045b704b11: Analysis timeout","timestamp":"2026-08-04T18:28:59.284Z"}
{"level":"warn","message":"[Analyzer] Failed to analyze 0x6c0857e85f2454b64b4812e6a3fbad2f756c9b90: Analysis timeout","timestamp":"2026-08-04T18:28:59.284Z"}
{"level":"warn","message":"[Analyzer] Failed to analyze 0xc0712a8aff1d5ea2974f8640fabf8b0922923865: Analysis timeout","timestamp":"2026-08-04T18:28:59.284Z"}
{"level":"warn","message":"[Analyzer] Failed to analyze 0x7ee3ac06a7347240be43e542f3f83c11f70b0a11: Analysis timeout","timestamp":"2026-08-04T18:28:59.284Z"}
{"level":"warn","message":"[Analyzer] Failed to analyze 0x1c70e6f20a64c0506519613e4a992dd8d392085d: Analysis timeout","timestamp":"2026-08-04T18:28:59.284Z"}
{"level":"warn","message":"[Analyzer] Failed to analyze 0x8aa47b7ad21e0820331fea66a9871be0e080a58c: Analysis timeout","timestamp":"2026-08-04T18:28:59.286Z"}
{"level":"warn","message":"[Analyzer] Failed to analyze 0xf0b4e0914fae6a0e4a204a52e01327929150d062: Analysis timeout","timestamp":"2026-08-04T18:28:59.286Z"}
{"level":"warn","message":"[Analyzer] Failed to analyze 0xae2443e466316c883f799f7944c6494483dd43a0: Analysis timeout","timestamp":"2026-08-04T18:28:59.286Z"}
{"level":"warn","message":"[Analyzer] Failed to analyze 0x488eb546052580a2b1f01bd09cd79da95db6371a: Analysis timeout","timestamp":"2026-08-04T18:28:59.286Z"}
{"level":"warn","message":"[Analyzer] Failed to analyze 0x16cb83756286a9e95426ab88a3f51264cc96675d: Analysis timeout","timestamp":"2026-08-04T18:28:59.286Z"}
{"level":"warn","message":"[Analyzer] Failed to analyze 0xc55d17330c659a48bbaca2d6a2b7d4f5f04d6e8c: Analysis timeout","timestamp":"2026-08-04T18:28:59.287Z"}
{"level":"warn","message":"[Analyzer] Failed to analyze 0xcd5e600c3335524bb6572a0ebd639aa5ea4eff0f: Analysis timeout","timestamp":"2026-08-04T18:28:59.288Z"}
{"level":"warn","message":"[Analyzer] Failed to analyze 0x3c44f9f51883638807244d6b3e5b2c13f25a5ff7: Analysis timeout","timestamp":"2026-08-04T18:28:59.288Z"}
{"level":"warn","message":"[Analyzer] Failed to analyze 0x1a669e9b58a45f6d37e77e0908608e91be6afd7f: Analysis timeout","timestamp":"2026-08-04T18:28:59.288Z"}
{"level":"warn","message":"[Analyzer] Failed to analyze 0x2ac7304ba37cf4ca3cd689906c099429762fed27: Analysis timeout","timestamp":"2026-08-04T18:28:59.288Z"}
{"level":"warn","message":"[Analyzer] Failed to analyze 0x832304164ca73535b82f80bd76ab63fcb3f4e6c6: Analysis timeout","timestamp":"2026-08-04T18:28:59.288Z"}
{"level":"warn","message":"[Analyzer] Failed to analyze 0xcd1807ee2c6e2679a6d250eb3133b4b682287d77: Analysis timeout","timestamp":"2026-08-04T18:28:59.288Z"}
{"level":"warn","message":"[Analyzer] Failed to analyze 0xf107eff67cf03fef27f9bcdf6b603d307e44b52c: Analysis timeout","timestamp":"2026-08-04T18:28:59.288Z"}
{"level":"warn","message":"[Analyzer] Failed to analyze 0x2bc2079449ac1dccab8f5f7a5dfb49bef0e21034: Analysis timeout","timestamp":"2026-08-04T18:28:59.289Z"}
{"level":"warn","message":"[Analyzer] Failed to analyze 0x8c867f02a5bbcf4e0b6aea14cecddbd7e5c7e04f: Analysis timeout","timestamp":"2026-08-04T18:28:59.290Z"}
{"level":"warn","message":"[Analyzer] Failed to analyze 0xb95b7ad93becdc76e19b55af71c71940fcd21b48: Analysis timeout","timestamp":"2026-08-04T18:28:59.290Z"}
{"level":"warn","message":"[Analyzer] Failed to analyze 0x600c89690391e72f16a58b3f353e388a7ab993b6: Analysis timeout","timestamp":"2026-08-04T18:28:59.290Z"}
{"level":"warn","message":"[Analyzer] Failed to analyze 0x48617686f9f0c310e9e94f3eaab181e1d3515a0f: Analysis timeout","timestamp":"2026-08-04T18:28:59.290Z"}
{"level":"warn","message":"[Analyzer] Failed to analyze 0xd0f083769384684414b849dcb1c296067a34baad: Analysis timeout","timestamp":"2026-08-04T18:28:59.290Z"}
{"level":"warn","message":"[Analyzer] Failed to analyze 0x59eb4d1ff7ed88664caf0ea3b50235b276ee75d3: Analysis timeout","timestamp":"2026-08-04T18:28:59.290Z"}
{"level":"warn","message":"[Analyzer] Failed to analyze 0x55b8ea6f199a61d87d51d3d29c321e588c6e4592: Analysis timeout","timestamp":"2026-08-04T18:28:59.291Z"}
{"level":"warn","message":"[Analyzer] Failed to analyze 0xcd05a0d44b878611d138446ab48ec4886e8b4020: Analysis timeout","timestamp":"2026-08-04T18:28:59.292Z"}
{"level":"warn","message":"[Analyzer] Failed to analyze 0x9923a502a20279880b6e5dfa7c518adcf1b8f158: Analysis timeout","timestamp":"2026-08-04T18:28:59.292Z"}
{"level":"warn","message":"[Analyzer] Failed to analyze 0xb9b12351c6c1c08f951148a713ccca1566030ff4: Analysis timeout","timestamp":"2026-08-04T18:28:59.292Z"}
{"level":"warn","message":"[Analyzer] Failed to analyze 0x3e51edbdb0e1232f6ccce76f0e8ac74cf93b3e12: Analysis timeout","timestamp":"2026-08-04T18:28:59.292Z"}
{"level":"warn","message":"[Analyzer] Failed to analyze 0x73173f35ad711d1b848062b6aff153bb4b93002d: Analysis timeout","timestamp":"2026-08-04T18:28:59.292Z"}
{"level":"warn","message":"[Analyzer] Failed to analyze 0x638c702187d5cad6900a656292ad21a42d0583dc: Analysis timeout","timestamp":"2026-08-04T18:28:59.294Z"}
{"level":"warn","message":"[Analyzer] Failed to analyze 0xe0901f8e79b89a042aed47462ca24194a794da8c: Analysis timeout","timestamp":"2026-08-04T18:28:59.294Z"}
{"level":"warn","message":"[Analyzer] Failed to analyze 0xa9782ee64c4265ec8be550a67974fdeb2467121f: Analysis timeout","timestamp":"2026-08-04T18:28:59.294Z"}
{"level":"warn","message":"[Analyzer] Failed to analyze 0xf28c17c5a8231e77a4f8bed618960317cc3468c9: Analysis timeout","timestamp":"2026-08-04T18:28:59.294Z"}
{"level":"warn","message":"[Analyzer] Failed to analyze 0xfe148fa33c3b4b39115cb20730c93a3ef03f73de: Analysis timeout","timestamp":"2026-08-04T18:28:59.295Z"}
{"level":"warn","message":"[Analyzer] Failed to analyze 0xc4ff4a3df49caa834dec2ba55834f05212d4285e: Analysis timeout","timestamp":"2026-08-04T18:28:59.295Z"}
{"level":"warn","message":"[Analyzer] Failed to analyze 0x2c5e5e554d4265112884f8612a6b87adaa8d6c26: Analysis timeout","timestamp":"2026-08-04T18:28:59.295Z"}
{"level":"warn","message":"[Analyzer] Failed to analyze 0x2051b85ab3e7cb41c13f6dcbcdccc64f9dd1a271: Analysis timeout","timestamp":"2026-08-04T18:28:59.295Z"}
{"level":"warn","message":"[Analyzer] Failed to analyze 0x868c9711d31a805df750c2345d7cf34a4ddf0bfb: Analysis timeout","timestamp":"2026-08-04T18:28:59.295Z"}
{"level":"warn","message":"[Analyzer] Failed to analyze 0x8aad836431bd5313595bdb28181a947b2af327d7: Analysis timeout","timestamp":"2026-08-04T18:28:59.295Z"}
{"level":"warn","message":"[Analyzer] Failed to analyze 0x93c5aa6d0892bb0bdc1497c8c29cef012ed99abb: Analysis timeout","timestamp":"2026-08-04T18:28:59.296Z"}
{"level":"warn","message":"[Analyzer] Failed to analyze 0x191440c3b1556ce9c8008c64fb7de93735270d4d: Analysis timeout","timestamp":"2026-08-04T18:28:59.296Z"}
{"level":"warn","message":"[Analyzer] Failed to analyze 0xa6af183458ebba55e56dc54e6f08f00490b840d0: Analysis timeout","timestamp":"2026-08-04T18:28:59.296Z"}
{"level":"warn","message":"[Analyzer] Failed to analyze 0x9517cbfe2168f02174ebadb11412ed9213affddf: Analysis timeout","timestamp":"2026-08-04T18:28:59.296Z"}
{"level":"warn","message":"[Analyzer] Failed to analyze 0xc807c1b3286cd880b58c179c6f8e32bd2037e254: Analysis timeout","timestamp":"2026-08-04T18:28:59.296Z"}
{"level":"warn","message":"[Analyzer] Failed to analyze 0x2e5ee88e3578866be4a26c852b4b45fab1596180: Analysis timeout","timestamp":"2026-08-04T18:28:59.298Z"}
{"level":"warn","message":"[Analyzer] Failed to analyze 0xb688d9eadd071a35137a1e2c692b695d01e57a5b: Analysis timeout","timestamp":"2026-08-04T18:28:59.298Z"}
{"level":"warn","message":"[Analyzer] Failed to analyze 0x07ccc1c3dca43d686ba780334862933d7080ef0d: Analysis timeout","timestamp":"2026-08-04T18:28:59.298Z"}
{"level":"warn","message":"[Analyzer] Failed to analyze 0xca4e40d7a146d54da436b003fc0b8c1a661baf1a: Analysis timeout","timestamp":"2026-08-04T18:28:59.298Z"}
{"level":"warn","message":"[Analyzer] Failed to analyze 0x36f071fee4d13d86bcd698bc5838bb724d89c562: Analysis timeout","timestamp":"2026-08-04T18:28:59.298Z"}
{"level":"warn","message":"[Analyzer] Failed to analyze 0x1394a21e62cde65490d8daef4ed620dc4bd55229: Analysis timeout","timestamp":"2026-08-04T18:28:59.298Z"}
{"level":"warn","message":"[Analyzer] Failed to analyze 0x17310900e966862e037f3c95ce6ea8ad54fc5592: Analysis timeout","timestamp":"2026-08-04T18:28:59.298Z"}
{"level":"warn","message":"[Analyzer] Failed to analyze 0x86dc56ac52948eb7628eb6d26443acdcbfa6056a: Analysis timeout","timestamp":"2026-08-04T18:28:59.300Z"}
{"level":"warn","message":"[Analyzer] Failed to analyze 0x5c132d8fb9e34631ed3f2f9d1d6edd52d006fc14: Analysis timeout","timestamp":"2026-08-04T18:28:59.300Z"}
{"level":"warn","message":"[Analyzer] Failed to analyze 0xb62e79363f98c314f29a34a9656a991444748ee2: Analysis timeout","timestamp":"2026-08-04T18:28:59.300Z"}
{"level":"warn","message":"[Analyzer] Failed to analyze 0x30635319b0bfb50e0535c802db9e54a3da901ce5: Analysis timeout","timestamp":"2026-08-04T18:28:59.300Z"}
{"level":"warn","message":"[Analyzer] Failed to analyze 0x8b1fd010fdf7d7cb715306f1a7c1965b1508fc0b: Analysis timeout","timestamp":"2026-08-04T18:28:59.300Z"}
{"level":"warn","message":"[Analyzer] Failed to analyze 0x87b9c0470763efa6a63b131688faa8d6cd2375aa: Analysis timeout","timestamp":"2026-08-04T18:28:59.300Z"}
{"level":"warn","message":"[Analyzer] Failed to analyze 0x51e40123c34b8ff2d8219a0dbc5c4d2048f25d43: Analysis timeout","timestamp":"2026-08-04T18:28:59.300Z"}
{"level":"warn","message":"[Analyzer] Failed to analyze 0x801d317b71cd3ca057b1369cc8118a6ad21eb7df: Analysis timeout","timestamp":"2026-08-04T18:28:59.300Z"}
{"level":"warn","message":"[Analyzer] Failed to analyze 0x913df8da73fdcc27dbb40275d98f1b8177908998: Analysis timeout","timestamp":"2026-08-04T18:28:59.302Z"}
{"level":"warn","message":"[Analyzer] Failed to analyze 0x0a166a99752e289b5101d4a5ab624eae5553a9e8: Analysis timeout","timestamp":"2026-08-04T18:28:59.302Z"}
{"level":"warn","message":"[Analyzer] Failed to analyze 0x7dadc94e0c9e70ee141d88e598882691101ce80f: Analysis timeout","timestamp":"2026-08-04T18:28:59.302Z"}
{"level":"warn","message":"[Analyzer] Failed to analyze 0xa52354f11351773fa5bd51021d8a96034de9b36d: Analysis timeout","timestamp":"2026-08-04T18:28:59.303Z"}
{"level":"warn","message":"[Analyzer] Failed to analyze 0x53424506b458f0b602e4ce779b54091bb31257b3: Analysis timeout","timestamp":"2026-08-04T18:28:59.303Z"}
{"level":"warn","message":"[Analyzer] Failed to analyze 0x5de391698ce22179ba5f53537502f0c027813e01: Analysis timeout","timestamp":"2026-08-04T18:28:59.303Z"}
{"level":"warn","message":"[Analyzer] Failed to analyze 0x1c5909f0bb3b652b7040ae46126d4df2dff23ae3: Analysis timeout","timestamp":"2026-08-04T18:28:59.303Z"}
{"level":"warn","message":"[Analyzer] Failed to analyze 0x9ab69a248703d1cfdca6ca8754a1123304d7dbe6: Analysis timeout","timestamp":"2026-08-04T18:28:59.303Z"}
{"level":"warn","message":"[Analyzer] Failed to analyze 0x218c09acd52a514d864167ad15a6e704c05f6a6b: Analysis timeout","timestamp":"2026-08-04T18:28:59.303Z"}
{"level":"warn","message":"[Analyzer] Failed to analyze 0x9356fc55f40abfca897f4006ae39e6fe5f273bf3: Analysis timeout","timestamp":"2026-08-04T18:28:59.303Z"}
{"level":"warn","message":"[Analyzer] Failed to analyze 0x18abf8d2a8efa9ae296a0cad9cad13556ccc2e52: Analysis timeout","timestamp":"2026-08-04T18:28:59.303Z"}
{"level":"warn","message":"[Analyzer] Failed to analyze 0x05b60046d0537657e300df86f19ec48f8fad3e5e: Analysis timeout","timestamp":"2026-08-04T18:28:59.305Z"}
{"level":"warn","message":"[Analyzer] Failed to analyze 0x0567e7a85ba8e5a4cfc744d9ff5f1d6c741efc67: Analysis timeout","timestamp":"2026-08-04T18:28:59.305Z"}
{"level":"warn","message":"[Analyzer] Failed to analyze 0xd876797505ac6e3c124afe47f42510f6718038d7: Analysis timeout","timestamp":"2026-08-04T18:28:59.305Z"}
{"level":"warn","message":"[Analyzer] Failed to analyze 0xf32475b8461a00335503de1d41a69a8bc0dd09ee: Analysis timeout","timestamp":"2026-08-04T18:28:59.305Z"}
{"level":"warn","message":"[Analyzer] Failed to analyze 0x5c56592247d2c093206eeab188b88623fd9e13c5: Analysis timeout","timestamp":"2026-08-04T18:28:59.305Z"}
{"level":"warn","message":"[Analyzer] Failed to analyze 0xdd039a11d85479b5f5c4d4051537c6f23a715c73: Analysis timeout","timestamp":"2026-08-04T18:28:59.305Z"}
{"level":"warn","message":"[Analyzer] Failed to analyze 0xeff93379f4df27c1f334585ed1191d6614a7fda0: Analysis timeout","timestamp":"2026-08-04T18:28:59.305Z"}
{"level":"warn","message":"[Analyzer] Failed to analyze 0x7af4caa9caedaa2448e1d24838300c1c1bbda1fe: Analysis timeout","timestamp":"2026-08-04T18:28:59.307Z"}
{"level":"warn","message":"[Analyzer] Failed to analyze 0x38742b828a84b060b3c69353fed93accd8cd9aa8: Analysis timeout","timestamp":"2026-08-04T18:28:59.307Z"}
{"level":"warn","message":"[Analyzer] Failed to analyze 0x68fa4082a914b26a21c35a42a9c9ee75f76106ea: Analysis timeout","timestamp":"2026-08-04T18:28:59.307Z"}
{"level":"warn","message":"[Analyzer] Failed to analyze 0x2ffbd7ee7cf65008b86bba8b1e67a2491f343a88: Analysis timeout","timestamp":"2026-08-04T18:28:59.307Z"}
{"level":"warn","message":"[Analyzer] Failed to analyze 0x4607b63e53eb1b9bf9a24a2603aa7a31795cf3fe: Analysis timeout","timestamp":"2026-08-04T18:28:59.307Z"}
{"level":"warn","message":"[Analyzer] Failed to analyze 0xd5ccb41756a6cb0878aae2a702f15e4ee07d4273: Analysis timeout","timestamp":"2026-08-04T18:28:59.307Z"}
{"level":"warn","message":"[Analyzer] Failed to analyze 0x911e5dfe16ee6c1c7d1efc139e730ba96feaac91: Analysis timeout","timestamp":"2026-08-04T18:28:59.308Z"}
{"level":"warn","message":"[Analyzer] Failed to analyze 0x992f0bea81f38513bc834bb3a0264605df9717a5: Analysis timeout","timestamp":"2026-08-04T18:28:59.309Z"}
{"level":"warn","message":"[Analyzer] Failed to analyze 0x2e834ca8b1682381acba5019aef74f9ae9e70cd0: Analysis timeout","timestamp":"2026-08-04T18:28:59.309Z"}
{"level":"warn","message":"[Analyzer] Failed to analyze 0xd0ca5b5529f9d499bf7e8dfadcf63b7c70f86ae0: Analysis timeout","timestamp":"2026-08-04T18:28:59.309Z"}
{"level":"warn","message":"[Analyzer] Failed to analyze 0x8c71278895ff6e91374ee4c520cd78234043a9a1: Analysis timeout","timestamp":"2026-08-04T18:28:59.309Z"}
{"level":"warn","message":"[Analyzer] Failed to analyze 0xc16b011bded64d003697862bb2a888ead085ec7f: Analysis timeout","timestamp":"2026-08-04T18:28:59.309Z"}
{"level":"warn","message":"[Analyzer] Failed to analyze 0xe4a09821250353a5c35b95883da7831f4712afe2: Analysis timeout","timestamp":"2026-08-04T18:28:59.309Z"}
{"level":"warn","message":"[Analyzer] Failed to analyze 0x3e99d46b12e05e391e4a6c000b5f8d465a03116d: Analysis timeout","timestamp":"2026-08-04T18:28:59.310Z"}
{"level":"warn","message":"[Analyzer] Failed to analyze 0xc1a8bae79ada7b1f0e4a4e0171d19f71d95a4607: Analysis timeout","timestamp":"2026-08-04T18:28:59.310Z"}
{"level":"warn","message":"[Analyzer] Failed to analyze 0x65a213a39a8a0ec58cbe3c5fef6f1794dcd7c798: Analysis timeout","timestamp":"2026-08-04T18:28:59.310Z"}
{"level":"warn","message":"[Analyzer] Failed to analyze 0xcdbfadf31a73ca3d12d1dd4e7771a8e2cff2f844: Analysis timeout","timestamp":"2026-08-04T18:28:59.311Z"}
{"level":"warn","message":"[Analyzer] Failed to analyze 0x46ad40d4f4af9e198bb214f3bee45a8075fc2e27: Analysis timeout","timestamp":"2026-08-04T18:28:59.312Z"}
{"level":"warn","message":"[Analyzer] Failed to analyze 0x9b81d948ca97902328b14f6330eafa797339db47: Analysis timeout","timestamp":"2026-08-04T18:28:59.312Z"}
{"level":"warn","message":"[Analyzer] Failed to analyze 0x7553307a6ec1e3a4443285f5966bae95162652c1: Analysis timeout","timestamp":"2026-08-04T18:28:59.312Z"}
{"level":"warn","message":"[Analyzer] Failed to analyze 0x7bd9a95bab06a09408320e2fd4dabe4924e6455d: Analysis timeout","timestamp":"2026-08-04T18:28:59.312Z"}
{"level":"warn","message":"[Analyzer] Failed to analyze 0x80cead198861a780c721bfa70c7772cd44eb5dcb: Analysis timeout","timestamp":"2026-08-04T18:28:59.312Z"}
{"level":"warn","message":"[Analyzer] Failed to analyze 0xc03f7588f7fe243934573921249f501b82dc6a2f: Analysis timeout","timestamp":"2026-08-04T18:28:59.312Z"}
{"level":"warn","message":"[Analyzer] Failed to analyze 0x9ae4bf126687caa04d9ce47638791a0b47cb92fc: Analysis timeout","timestamp":"2026-08-04T18:28:59.312Z"}
{"level":"warn","message":"[Analyzer] Failed to analyze 0x73b458e2904997e9869911334870018a453e4241: Analysis timeout","timestamp":"2026-08-04T18:28:59.319Z"}
{"level":"warn","message":"[Analyzer] Failed to analyze 0x9d80a423f6d915e5616be9cca7ced3d7b9bf026d: Analysis timeout","timestamp":"2026-08-04T18:28:59.320Z"}
{"level":"warn","message":"[Analyzer] Failed to analyze 0x7cea7d502639416be09ee19626e42752148bbb4e: Analysis timeout","timestamp":"2026-08-04T18:28:59.320Z"}
{"level":"warn","message":"[Analyzer] Failed to analyze 0x037ec25db53573c12361d374ce94e83add7903cc: Analysis timeout","timestamp":"2026-08-04T18:28:59.320Z"}
{"level":"warn","message":"[Analyzer] Failed to analyze 0x6bdda7ccecb91037ff8efb547109dcaf3dd1d59b: Analysis timeout","timestamp":"2026-08-04T18:28:59.320Z"}
{"level":"warn","message":"[Analyzer] Failed to analyze 0xf9bb7911b04910b0946233d0e8f4c9957ede9a31: Analysis timeout","timestamp":"2026-08-04T18:28:59.321Z"}
{"level":"warn","message":"[Analyzer] Failed to analyze 0xb54a43d431fa7cd697c053e1bdf3e8aa642ef5ee: Analysis timeout","timestamp":"2026-08-04T18:28:59.321Z"}
{"level":"warn","message":"[Analyzer] Failed to analyze 0x84a811efd109af7c8e6aad14284631bc6ba7aac2: Analysis timeout","timestamp":"2026-08-04T18:28:59.323Z"}
{"level":"warn","message":"[Analyzer] Failed to analyze 0xb27a30c105864511b754d3d4df3623fed8a40810: Analysis timeout","timestamp":"2026-08-04T18:28:59.323Z"}
{"level":"warn","message":"[Analyzer] Failed to analyze 0xf30ae52f6b1d4a2fe9cb9838080754b98df9fca3: Analysis timeout","timestamp":"2026-08-04T18:28:59.323Z"}
{"level":"warn","message":"[Analyzer] Failed to analyze 0xcc4014c61424324d24fb0df8ebd9c929b79c7d4a: Analysis timeout","timestamp":"2026-08-04T18:28:59.323Z"}
{"level":"warn","message":"[Analyzer] Failed to analyze 0x3ce1f45804e8cc0b6b1ae3298a38ad1251b3ea76: Analysis timeout","timestamp":"2026-08-04T18:28:59.325Z"}
{"level":"warn","message":"[Analyzer] Failed to analyze 0x322e43f26a72d09db09876b892d925b2f2cb0d86: Analysis timeout","timestamp":"2026-08-04T18:28:59.325Z"}
{"level":"warn","message":"[Analyzer] Failed to analyze 0xad000f8f23b9ec2957e44cb5d6ea03925441d42c: Analysis timeout","timestamp":"2026-08-04T18:28:59.325Z"}
{"level":"warn","message":"[Analyzer] Failed to analyze 0x18050b35109e2927f6b6118ba381a784b29ea502: Analysis timeout","timestamp":"2026-08-04T18:28:59.325Z"}
{"level":"warn","message":"[Analyzer] Failed to analyze 0x8423390ac2da0e271486be4f867df72aa0bd7a1b: Analysis timeout","timestamp":"2026-08-04T18:28:59.327Z"}
{"level":"warn","message":"[Analyzer] Failed to analyze 0x587ed307b881253f6f56d564fa9d8f088ca877f8: Analysis timeout","timestamp":"2026-08-04T18:28:59.327Z"}
{"level":"warn","message":"[Analyzer] Failed to analyze 0x86e669ccbfab062f7f9d25ec1eeef4730569ce7e: Analysis timeout","timestamp":"2026-08-04T18:28:59.327Z"}
{"level":"warn","message":"[Analyzer] Failed to analyze 0xeda5afe8387a953c2a6eb766785f1f1d6b912522: Analysis timeout","timestamp":"2026-08-04T18:28:59.327Z"}
{"level":"warn","message":"[Analyzer] Failed to analyze 0xfb7fcc385019dfd1789ca77b9f8b6c778b75aba7: Analysis timeout","timestamp":"2026-08-04T18:28:59.329Z"}
{"level":"warn","message":"[Analyzer] Failed to analyze 0x8d473e38e38b87fe2dec5e11c663aff8c5d21b9b: Analysis timeout","timestamp":"2026-08-04T18:28:59.329Z"}
{"level":"warn","message":"[Analyzer] Failed to analyze 0x1f7735ba52ec2548b69aeb966319feb6756ad741: Analysis timeout","timestamp":"2026-08-04T18:28:59.329Z"}
{"level":"warn","message":"[Analyzer] Failed to analyze 0x595e3778024eba90cd2e1b45fdcedb1990fe8494: Analysis timeout","timestamp":"2026-08-04T18:28:59.329Z"}
{"level":"warn","message":"[Analyzer] Failed to analyze 0xa09fd60b0ceda89943dd1c308c523352740cb548: Analysis timeout","timestamp":"2026-08-04T18:28:59.331Z"}
{"level":"warn","message":"[Analyzer] Failed to analyze 0x5051e8e64c341d3421255f6267f7909f856712d4: Analysis timeout","timestamp":"2026-08-04T18:28:59.331Z"}
{"level":"warn","message":"[Analyzer] Failed to analyze 0xd460e13843296fadb4ddd4136749abe9a00bccc3: Analysis timeout","timestamp":"2026-08-04T18:28:59.331Z"}
{"level":"warn","message":"[Analyzer] Failed to analyze 0x25e04a1b0f44a4c3c89fedcc0c0f17e3476c21fb: Analysis timeout","timestamp":"2026-08-04T18:28:59.331Z"}
{"level":"warn","message":"[Analyzer] Failed to analyze 0x214a758d3cb81a194e89ce456bd0f5edef7e0b30: Analysis timeout","timestamp":"2026-08-04T18:28:59.332Z"}
{"level":"warn","message":"[Analyzer] Failed to analyze 0x8dd283f706822ef3968af09a17496e66bc7a30db: Analysis timeout","timestamp":"2026-08-04T18:28:59.332Z"}
{"level":"warn","message":"[Analyzer] Failed to analyze 0x4e5610d075cf439f00c78436e955afa4020d3e05: Analysis timeout","timestamp":"2026-08-04T18:28:59.333Z"}
{"level":"warn","message":"[Analyzer] Failed to analyze 0x60039b3a12fb2be5a19e7a3d0e68fd6ae4e29318: Analysis timeout","timestamp":"2026-08-04T18:28:59.334Z"}
{"level":"warn","message":"[Analyzer] Failed to analyze 0x32d5430092393d3f743b1cab6d8ea7291f8ab7a3: Analysis timeout","timestamp":"2026-08-04T18:28:59.334Z"}
{"level":"warn","message":"[Analyzer] Failed to analyze 0x25f29e8fb2b344e50ed5a29bf0603a71bb26bc50: Analysis timeout","timestamp":"2026-08-04T18:28:59.334Z"}
{"level":"warn","message":"[Analyzer] Failed to analyze 0x811c626d3ef3dd99e4f8eb739f71bf691e6e1024: Analysis timeout","timestamp":"2026-08-04T18:28:59.336Z"}
{"level":"warn","message":"[Analyzer] Failed to analyze 0x90154a1810934da1a44bc663ca0efc53805f606e: Analysis timeout","timestamp":"2026-08-04T18:28:59.336Z"}
{"level":"warn","message":"[Analyzer] Failed to analyze 0xd85a5a46b8d10e36040f1c3da0c8b5b045f47118: Analysis timeout","timestamp":"2026-08-04T18:28:59.336Z"}
{"level":"warn","message":"[Analyzer] Failed to analyze 0x96beb0b5ad8205c1929fa1b88cef4e1dfbe62770: Analysis timeout","timestamp":"2026-08-04T18:28:59.336Z"}
{"level":"warn","message":"[Analyzer] Failed to analyze 0x78728477d4738a0218ba0d15c6a778b820d67b4f: Analysis timeout","timestamp":"2026-08-04T18:28:59.337Z"}
{"level":"warn","message":"[Analyzer] Failed to analyze 0xeabf34739f74497f8fd05545581deb6f0f091d95: Analysis timeout","timestamp":"2026-08-04T18:28:59.337Z"}
{"level":"warn","message":"[Analyzer] Failed to analyze 0xfaa8f07ab4b01ec922b07881f3e837e7fc2df565: Analysis timeout","timestamp":"2026-08-04T18:28:59.337Z"}
{"level":"warn","message":"[Analyzer] Failed to analyze 0x97d7439d9fae474c85ea6f50816b184a1aee139d: Analysis timeout","timestamp":"2026-08-04T18:28:59.339Z"}
{"level":"warn","message":"[Analyzer] Failed to analyze 0x39a01b3b89c9397fb431306c09c8b3e73237c820: Analysis timeout","timestamp":"2026-08-04T18:28:59.339Z"}
{"level":"warn","message":"[Analyzer] Failed to analyze 0x1f95ca96edd217fa5b043005a1b84dc9783706dd: Analysis timeout","timestamp":"2026-08-04T18:28:59.339Z"}
{"level":"warn","message":"[Analyzer] Failed to analyze 0x05d1e89985c62afe87d045a595f92e8c6226d6b8: Analysis timeout","timestamp":"2026-08-04T18:28:59.345Z"}
{"level":"warn","message":"[Analyzer] Failed to analyze 0x86f96eee823ee9f15aee7dd0e8c7714bc039d5b4: Analysis timeout","timestamp":"2026-08-04T18:28:59.345Z"}
{"level":"warn","message":"[Analyzer] Failed to analyze 0xeabf34739f74497f8fd05545581deb6f0f091d95: Analysis timeout","timestamp":"2026-08-04T18:28:59.345Z"}
{"level":"warn","message":"[Analyzer] Failed to analyze 0x27e683e67ecc509f4b38fe9783e554f47a459c2f: Analysis timeout","timestamp":"2026-08-04T18:28:59.345Z"}
{"level":"warn","message":"[Analyzer] Failed to analyze 0x8a6deece1438cbebc75c9cbb2bc56c02b6ae692f: Analysis timeout","timestamp":"2026-08-04T18:28:59.345Z"}
{"level":"warn","message":"[Analyzer] Failed to analyze 0xf8b97dbdb1d92c2b4a68de74f6d03bebd6df645d: Analysis timeout","timestamp":"2026-08-04T18:28:59.345Z"}
{"level":"warn","message":"[Analyzer] Failed to analyze 0x3d1eaf403dcd4fc8bde0a02985c362c159607dfa: Analysis timeout","timestamp":"2026-08-04T18:28:59.347Z"}
{"level":"warn","message":"[Analyzer] Failed to analyze 0xbc82a1617db7e2a3a6c490b2ea7ef1f130891f6c: Analysis timeout","timestamp":"2026-08-04T18:28:59.347Z"}
{"level":"warn","message":"[Analyzer] Failed to analyze 0xef3bbf3e2a7e74bfd1853421a4a3810b087c54c6: Analysis timeout","timestamp":"2026-08-04T18:28:59.347Z"}
{"level":"warn","message":"[Analyzer] Failed to analyze 0xb27a30c105864511b754d3d4df3623fed8a40810: Analysis timeout","timestamp":"2026-08-04T18:28:59.347Z"}
{"level":"warn","message":"[Analyzer] Failed to analyze 0x622dc9bb9db4941b1f068e6e50f347d0285907c3: Analysis timeout","timestamp":"2026-08-04T18:28:59.348Z"}
{"level":"warn","message":"[Analyzer] Failed to analyze 0x23c716ce43e40c55147605841c5f500995e213b8: Analysis timeout","timestamp":"2026-08-04T18:28:59.350Z"}
{"level":"warn","message":"[Analyzer] Failed to analyze 0xf71613b1a0f18ff1a5127249e4721597ac034cc8: Analysis timeout","timestamp":"2026-08-04T18:28:59.350Z"}
{"level":"warn","message":"[Analyzer] Failed to analyze 0x45652ccfcfa655c4388c500c929a54c3bb0a1162: Analysis timeout","timestamp":"2026-08-04T18:28:59.350Z"}
{"level":"warn","message":"[Analyzer] Failed to analyze 0xaeccfd619574cf41b19d0a3d28793eed1aaa8124: Analysis timeout","timestamp":"2026-08-04T18:28:59.350Z"}
{"level":"warn","message":"[Analyzer] Failed to analyze 0x14c8906a7f1dbd505152143d086f85f957bdfee1: Analysis timeout","timestamp":"2026-08-04T18:28:59.350Z"}
{"level":"warn","message":"[Analyzer] Failed to analyze 0x86bded37bf55b48b4dd88b40fefe60085bf59ef5: Analysis timeout","timestamp":"2026-08-04T18:28:59.350Z"}
{"level":"warn","message":"[Analyzer] Failed to analyze 0x6ad0e71cdf2a62b6ef9fda6c0fb81971d9320925: Analysis timeout","timestamp":"2026-08-04T18:28:59.350Z"}
{"level":"warn","message":"[Analyzer] Failed to analyze 0x74a08cc8fa3963d88b7e8ca350da6df341255096: Analysis timeout","timestamp":"2026-08-04T18:28:59.351Z"}
{"level":"warn","message":"[Analyzer] Failed to analyze 0x2cc04a7788dba46750ae38a1a00b6d0927df2fa7: Analysis timeout","timestamp":"2026-08-04T18:28:59.351Z"}
{"level":"warn","message":"[Analyzer] Failed to analyze 0xc8b0f505b3fcd384886f13efa563717a75f184eb: Analysis timeout","timestamp":"2026-08-04T18:28:59.351Z"}
{"level":"warn","message":"[Analyzer] Failed to analyze 0x1be3fe2b3ee117d08a3e595c501ec61872d1b306: Analysis timeout","timestamp":"2026-08-04T18:28:59.351Z"}
{"level":"warn","message":"[Analyzer] Failed to analyze 0xef931350ad871464e165482658f029248cf9fa26: Analysis timeout","timestamp":"2026-08-04T18:28:59.352Z"}
{"level":"warn","message":"[Analyzer] Failed to analyze 0x6cdc563db977d25d0521961d2b9f6456a1010675: Analysis timeout","timestamp":"2026-08-04T18:28:59.352Z"}
{"level":"warn","message":"[Analyzer] Failed to analyze 0x707247d8dc4244ffa9cd88a27217c48d922643a8: Analysis timeout","timestamp":"2026-08-04T18:28:59.354Z"}
{"level":"warn","message":"[Analyzer] Failed to analyze 0x192ad4ecd57b0a745e2903bd88675bca124c1191: Analysis timeout","timestamp":"2026-08-04T18:28:59.354Z"}
{"level":"warn","message":"[Analyzer] Failed to analyze 0x59020680613dfdaa1e93a3b5754a8d35fb1c1f9c: Analysis timeout","timestamp":"2026-08-04T18:28:59.354Z"}
{"level":"warn","message":"[Analyzer] Failed to analyze 0x0c8d9d652ec686aa6d75662021f40d617006b27c: Analysis timeout","timestamp":"2026-08-04T18:28:59.354Z"}
{"level":"warn","message":"[Analyzer] Failed to analyze 0x0059fb6725bcb4bf7380adc881328924ff4a0f79: Analysis timeout","timestamp":"2026-08-04T18:28:59.354Z"}
{"level":"warn","message":"[Analyzer] Failed to analyze 0xd499844939b714b49248e8ad10d48849891360fb: Analysis timeout","timestamp":"2026-08-04T18:28:59.356Z"}
{"level":"warn","message":"[Analyzer] Failed to analyze 0x73e4bf0e30533fbf26d43aad202b6dae50dda6dd: Analysis timeout","timestamp":"2026-08-04T18:28:59.356Z"}
{"level":"warn","message":"[Analyzer] Failed to analyze 0x29e8297923b2dfb10514fee855a87bee9aa5cbb3: Analysis timeout","timestamp":"2026-08-04T18:28:59.356Z"}
{"level":"warn","message":"[Analyzer] Failed to analyze 0x6b60be767a71108756d7316bd26347a90c36b976: Analysis timeout","timestamp":"2026-08-04T18:28:59.356Z"}
{"level":"warn","message":"[Analyzer] Failed to analyze 0x61c648acd4c8289be84db127ded1b6188d9b4364: Analysis timeout","timestamp":"2026-08-04T18:28:59.356Z"}
{"level":"warn","message":"[Analyzer] Failed to analyze 0x0de92a6e0975bb742808929b35e513178b2cbc08: Analysis timeout","timestamp":"2026-08-04T18:28:59.356Z"}
{"level":"warn","message":"[Analyzer] Failed to analyze 0x87f3d888ca280558c7fdbc02879ea684abedcb1f: Analysis timeout","timestamp":"2026-08-04T18:28:59.356Z"}
{"level":"warn","message":"[Analyzer] Failed to analyze 0xe10b52d1bc8bee69d49ff6dd879a2ac4e3e69ce1: Analysis timeout","timestamp":"2026-08-04T18:28:59.358Z"}
{"level":"warn","message":"[Analyzer] Failed to analyze 0x9a6d872e3c6aaf131e97204249e06ca7455bed84: Analysis timeout","timestamp":"2026-08-04T18:28:59.358Z"}
{"level":"warn","message":"[Analyzer] Failed to analyze 0x41d143dd61790d99aa82f56b49b0650e1326ea37: Analysis timeout","timestamp":"2026-08-04T18:28:59.358Z"}
{"level":"warn","message":"[Analyzer] Failed to analyze 0xbec3551e2f22b095e18b0454eba60f342047faca: Analysis timeout","timestamp":"2026-08-04T18:28:59.358Z"}
{"level":"warn","message":"[Analyzer] Failed to analyze 0x8627eee866eac7e0d066b37e2ceed4444c35225d: Analysis timeout","timestamp":"2026-08-04T18:28:59.358Z"}
{"level":"warn","message":"[Analyzer] Failed to analyze 0x5b5011731cd2024c62a0aa8d933698cb377c7ca5: Analysis timeout","timestamp":"2026-08-04T18:28:59.358Z"}
{"level":"warn","message":"[Analyzer] Failed to analyze 0x8da32362e143cb1ad429734f65ba2e4909dee165: Analysis timeout","timestamp":"2026-08-04T18:28:59.358Z"}
{"level":"warn","message":"[Analyzer] Failed to analyze 0xbcd1d7ccec2c47115a2081194c1950a675eb065d: Analysis timeout","timestamp":"2026-08-04T18:28:59.358Z"}
{"level":"warn","message":"[Analyzer] Failed to analyze 0x50eb2d31102b972e5f2a128f491ba8dbcca8569d: Analysis timeout","timestamp":"2026-08-04T18:28:59.359Z"}
{"level":"warn","message":"[Analyzer] Failed to analyze 0xd7043a1a07c61617f812c20c00b45a0850ba29f0: Analysis timeout","timestamp":"2026-08-04T18:28:59.359Z"}
{"level":"warn","message":"[Analyzer] Failed to analyze 0x25fb801741251a96500ef648f28a7b47e4febc60: Analysis timeout","timestamp":"2026-08-04T18:28:59.359Z"}
{"level":"warn","message":"[Analyzer] Failed to analyze 0x70648716afecd74a9716f51b331005e57fadf980: Analysis timeout","timestamp":"2026-08-04T18:28:59.359Z"}
{"level":"warn","message":"[Analyzer] Failed to analyze 0x2089a61836f7ef3996f5c800e3b8a919de7269a3: Analysis timeout","timestamp":"2026-08-04T18:28:59.359Z"}
{"level":"warn","message":"[Analyzer] Failed to analyze 0x09bf6106f61b74da6a0977c1422d02a0972c070a: Analysis timeout","timestamp":"2026-08-04T18:28:59.361Z"}
{"level":"warn","message":"[Analyzer] Failed to analyze 0xdffe5ab977047f2fc52d7c1d508906d495558833: Analysis timeout","timestamp":"2026-08-04T18:28:59.361Z"}
{"level":"warn","message":"[Analyzer] Failed to analyze 0x5e19236edacf7610af26eba7114bc14eda76d002: Analysis timeout","timestamp":"2026-08-04T18:28:59.361Z"}
{"level":"warn","message":"[Analyzer] Failed to analyze 0x01eed1c9ff9cb3ff7700c87e83bbea3a10e5b2f4: Analysis timeout","timestamp":"2026-08-04T18:28:59.362Z"}
{"level":"warn","message":"[Analyzer] Failed to analyze 0x5afe4f9e7e732829ec2df37e7757b6a184556e35: Analysis timeout","timestamp":"2026-08-04T18:28:59.362Z"}
{"level":"warn","message":"[Analyzer] Failed to analyze 0x69edbd28bd75950c062dce023d5354acc52ba2d5: Analysis timeout","timestamp":"2026-08-04T18:28:59.362Z"}
{"level":"warn","message":"[Analyzer] Failed to analyze 0xc813b84623859b13d862e7c49eac09ad21909031: Analysis timeout","timestamp":"2026-08-04T18:28:59.362Z"}
{"level":"warn","message":"[Analyzer] Failed to analyze 0xd2f022b41a138e6ecb0215b64bc484a086dcc5d8: Analysis timeout","timestamp":"2026-08-04T18:28:59.362Z"}
{"level":"warn","message":"[Analyzer] Failed to analyze 0xa735754773a598b4f8b72faca3746e65fe37409a: Analysis timeout","timestamp":"2026-08-04T18:28:59.364Z"}
{"level":"warn","message":"[Analyzer] Failed to analyze 0xa735754773a598b4f8b72faca3746e65fe37409a: Analysis timeout","timestamp":"2026-08-04T18:28:59.364Z"}
{"level":"warn","message":"[Analyzer] Failed to analyze 0xa735754773a598b4f8b72faca3746e65fe37409a: Analysis timeout","timestamp":"2026-08-04T18:28:59.365Z"}
{"level":"warn","message":"[Analyzer] Failed to analyze 0x115b4ee3745f0fff5c5030bf0b095843c772eb83: Analysis timeout","timestamp":"2026-08-04T18:28:59.365Z"}
{"level":"warn","message":"[Analyzer] Failed to analyze 0xf3f866f3b4f4b3e76a699a441bc8eed109b73a03: Analysis timeout","timestamp":"2026-08-04T18:28:59.365Z"}
{"level":"warn","message":"[Analyzer] Failed to analyze 0x2b65559582cb844be04677c9528cc0d5dd522964: Analysis timeout","timestamp":"2026-08-04T18:28:59.365Z"}
{"level":"warn","message":"[Analyzer] Failed to analyze 0x9d05c549b48fce12e7b658a87e32c9691793562b: Analysis timeout","timestamp":"2026-08-04T18:28:59.365Z"}
{"level":"warn","message":"[Analyzer] Failed to analyze 0x86a8ccd58c18d816424efe1c1310641a26bf7907: Analysis timeout","timestamp":"2026-08-04T18:28:59.365Z"}
{"level":"warn","message":"[Analyzer] Failed to analyze 0x43ec43393cc2b00fcea1534966158a6b2c606cba: Analysis timeout","timestamp":"2026-08-04T18:28:59.366Z"}
{"level":"warn","message":"[Analyzer] Failed to analyze 0x794a0aedb6458395091b1cb8a6dddc085eff40fa: Analysis timeout","timestamp":"2026-08-04T18:28:59.366Z"}
{"level":"warn","message":"[Analyzer] Failed to analyze 0xecc8ae8b83828ea6b674dda15739427c5c36687c: Analysis timeout","timestamp":"2026-08-04T18:28:59.366Z"}
{"level":"warn","message":"[Analyzer] Failed to analyze 0xea91099bb192ccb7f62cf4434288d67b6f59bc9a: Analysis timeout","timestamp":"2026-08-04T18:28:59.366Z"}
{"level":"warn","message":"[Analyzer] Failed to analyze 0xd29edf3e1f8eaf21ef0a262fa77966f6ca4a1a69: Analysis timeout","timestamp":"2026-08-04T18:28:59.366Z"}
{"level":"warn","message":"[Analyzer] Failed to analyze 0x99a0e864e536f85ed913693d4b74ddb403ab0c39: Analysis timeout","timestamp":"2026-08-04T18:28:59.366Z"}
{"level":"warn","message":"[Analyzer] Failed to analyze 0x23b9ee3a81fbabeb8a62cc7f2ec602494f6c76f7: Analysis timeout","timestamp":"2026-08-04T18:28:59.366Z"}
{"level":"warn","message":"[Analyzer] Failed to analyze 0x589f6e59cff7b8908c06133a352f0bf0e905abd6: Analysis timeout","timestamp":"2026-08-04T18:28:59.366Z"}
{"level":"warn","message":"[Analyzer] Failed to analyze 0xbdce6bdd52baceadd1fc91bf01f3bc6ab24df17a: Analysis timeout","timestamp":"2026-08-04T18:28:59.366Z"}
{"level":"warn","message":"[Analyzer] Failed to analyze 0x8453a6d7a43e4e3750b123d580779b218879dc18: Analysis timeout","timestamp":"2026-08-04T18:28:59.367Z"}
{"level":"warn","message":"[Analyzer] Failed to analyze 0xbca94f76d168e2b9791e96ba4e074b3645303d33: Analysis timeout","timestamp":"2026-08-04T18:28:59.367Z"}
{"level":"warn","message":"[Analyzer] Failed to analyze 0x612e95361577f0e162f1c317d6d64ac28295f0a8: Analysis timeout","timestamp":"2026-08-04T18:28:59.368Z"}
{"level":"warn","message":"[Analyzer] Failed to analyze 0x1ad8ff757d2c3daef1e8ad79c566fdace6629b8b: Analysis timeout","timestamp":"2026-08-04T18:28:59.368Z"}
{"level":"warn","message":"[Analyzer] Failed to analyze 0xdd18db9538e996d6f17ca57db568b93faac9170c: Analysis timeout","timestamp":"2026-08-04T18:28:59.368Z"}
{"level":"warn","message":"[Analyzer] Failed to analyze 0x53efdd9597dcf878d73615a17f8440e7aa8a83cb: Analysis timeout","timestamp":"2026-08-04T18:28:59.368Z"}
{"level":"warn","message":"[Analyzer] Failed to analyze 0xd7153a3701686d89acd1f24100dfb337cb281002: Analysis timeout","timestamp":"2026-08-04T18:28:59.368Z"}
{"level":"warn","message":"[Analyzer] Failed to analyze 0x9281f00a1af5a7d82a40d5f13e6db897fc751f29: Analysis timeout","timestamp":"2026-08-04T18:28:59.368Z"}
{"level":"warn","message":"[Analyzer] Failed to analyze 0xbc41acbaf1c69803eaf8e5f6b14be0f466e6b0fe: Analysis timeout","timestamp":"2026-08-04T18:29:00.647Z"}
{"level":"warn","message":"[Analyzer] Failed to analyze 0x358d2cfc9583f753868e575cb60fcdc8c708ee7e: Analysis timeout","timestamp":"2026-08-04T18:29:00.657Z"}
{"level":"warn","message":"[Analyzer] Failed to analyze 0x709ad6035c0d6e54c22900ce6fef6be85fd5d5f9: Analysis timeout","timestamp":"2026-08-04T18:29:00.659Z"}
{"level":"warn","message":"[Analyzer] Failed to analyze 0xbafde9182c0635e6471f2af09303eb93e97bcebc: Analysis timeout","timestamp":"2026-08-04T18:29:00.665Z"}
{"level":"warn","message":"[Analyzer] Failed to analyze 0xa936c4fec8087451cfbf643be1e139445253eaf8: Analysis timeout","timestamp":"2026-08-04T18:29:00.666Z"}
{"level":"warn","message":"[Analyzer] Failed to analyze 0x458ddbec3de682a2523bbe47e86a7d6b47bffef9: Analysis timeout","timestamp":"2026-08-04T18:29:00.673Z"}
{"level":"warn","message":"[Analyzer] Failed to analyze 0xf8c0e7d0f9ff926123d4ff66927b014e65f56f8f: Analysis timeout","timestamp":"2026-08-04T18:29:00.673Z"}
{"level":"warn","message":"[Analyzer] Failed to analyze 0xf16feb8659975141794d46af794d1fc49d591ab2: Analysis timeout","timestamp":"2026-08-04T18:29:00.673Z"}
{"level":"warn","message":"[Analyzer] Failed to analyze 0x5e284db79c436e7c99124bf02d37f2005bfba7a5: Analysis timeout","timestamp":"2026-08-04T18:29:00.673Z"}
{"level":"warn","message":"[Analyzer] Failed to analyze 0x0a029258188f154c50e8bcbd7f541d1e2afa5b6b: Analysis timeout","timestamp":"2026-08-04T18:29:00.676Z"}
{"level":"warn","message":"[Analyzer] Failed to analyze 0x287db6002f26234567da43f5784d0bdc6f5e25e3: Analysis timeout","timestamp":"2026-08-04T18:29:00.676Z"}
{"level":"warn","message":"[Analyzer] Failed to analyze 0x58452351782ddad16a5fa5a7ea245d6af70e4dee: Analysis timeout","timestamp":"2026-08-04T18:29:00.689Z"}
{"level":"warn","message":"[Analyzer] Failed to analyze 0x8503695343424247e7eedf8cb362bc49901c596a: Analysis timeout","timestamp":"2026-08-04T18:29:00.689Z"}
{"level":"warn","message":"[Analyzer] Failed to analyze 0xb0d0b9b8ab03cbac16cdf9e59bc5a1a2ade55da2: Analysis timeout","timestamp":"2026-08-04T18:29:00.690Z"}
{"level":"warn","message":"[Analyzer] Failed to analyze 0x37305b1cd40574e4c5ce33f8e8306be057fd7341: Analysis timeout","timestamp":"2026-08-04T18:29:00.690Z"}
{"level":"warn","message":"[Analyzer] Failed to analyze 0x5fa1bcf442b0686198854578e24126f7940bdc8d: Analysis timeout","timestamp":"2026-08-04T18:29:00.690Z"}
{"level":"warn","message":"[Analyzer] Failed to analyze 0x68f1c4e1a5a2b3229adfd98e7e5c8f8bcf81d168: Analysis timeout","timestamp":"2026-08-04T18:29:00.690Z"}
{"level":"warn","message":"[Analyzer] Failed to analyze 0x37305b1cd40574e4c5ce33f8e8306be057fd7341: Analysis timeout","timestamp":"2026-08-04T18:29:00.690Z"}
{"level":"warn","message":"[Analyzer] Failed to analyze 0xc5a12e0c73975c9d6ba5b07384c8533d8c91e3ea: Analysis timeout","timestamp":"2026-08-04T18:29:00.690Z"}
{"level":"warn","message":"[Analyzer] Failed to analyze 0xa48158a8c7dc971d621e7aa4c2752a3cb470550a: Analysis timeout","timestamp":"2026-08-04T18:29:00.690Z"}
{"level":"warn","message":"[Analyzer] Failed to analyze 0xf26a55edaf8ec5528e6ffa445efa0c9a2a04d0f3: Analysis timeout","timestamp":"2026-08-04T18:29:00.691Z"}
{"level":"warn","message":"[Analyzer] Failed to analyze 0x25ff5e2704f13d65965a8b95e7e9bfdf8cca168e: Analysis timeout","timestamp":"2026-08-04T18:29:00.691Z"}
{"level":"warn","message":"[Analyzer] Failed to analyze 0xde3f056b90c46bd5464f9e38c224ed3ec60368d6: Analysis timeout","timestamp":"2026-08-04T18:29:00.691Z"}
{"level":"warn","message":"[Analyzer] Failed to analyze 0x36b81e076c843af86a7f92d1887b83869c866335: Analysis timeout","timestamp":"2026-08-04T18:29:00.691Z"}
{"level":"warn","message":"[Analyzer] Failed to analyze 0x1fee6ec9bee894187f1b2ca15b5ca19db32a0fbf: Analysis timeout","timestamp":"2026-08-04T18:29:00.691Z"}
{"level":"warn","message":"[Analyzer] Failed to analyze 0xa3c49e63ac046c6a0cec58497ff2d617159de345: Analysis timeout","timestamp":"2026-08-04T18:29:00.691Z"}
{"level":"warn","message":"[Analyzer] Failed to analyze 0x6b4ea6c00fe00629bedff709161272a26deea488: Analysis timeout","timestamp":"2026-08-04T18:29:00.692Z"}
{"level":"warn","message":"[Analyzer] Failed to analyze 0x860fc92cbc3b2044d3b1809ec61322e78dcbdf13: Analysis timeout","timestamp":"2026-08-04T18:29:00.692Z"}
{"level":"warn","message":"[Analyzer] Failed to analyze 0x8859b9a7e9daf15c81df9f627303f31bad09d9d4: Analysis timeout","timestamp":"2026-08-04T18:29:00.692Z"}
{"level":"warn","message":"[Analyzer] Failed to analyze 0x0702f80982ecf999b15afb7ae8a14a91894677f5: Analysis timeout","timestamp":"2026-08-04T18:29:00.702Z"}
{"level":"warn","message":"[Analyzer] Failed to analyze 0xb9d99e65e84c181d36b2f579002f0dc2172e2adb: Analysis timeout","timestamp":"2026-08-04T18:29:00.702Z"}
{"level":"warn","message":"[Analyzer] Failed to analyze 0x2b7c23d469b19cd74e205e06c98e215460d3d5cf: Analysis timeout","timestamp":"2026-08-04T18:29:00.702Z"}
{"level":"warn","message":"[Analyzer] Failed to analyze 0xe3195053f15aae88bb69c7ece0f4922e3e5a7b27: Analysis timeout","timestamp":"2026-08-04T18:29:00.703Z"}
{"level":"warn","message":"[Analyzer] Failed to analyze 0xe4193315ec09becc08471d418731087dd6f19cd3: Analysis timeout","timestamp":"2026-08-04T18:29:00.703Z"}
{"level":"warn","message":"[Analyzer] Failed to analyze 0x6bac098359a232d4290a018420660b41414f1545: Analysis timeout","timestamp":"2026-08-04T18:29:00.703Z"}
{"level":"warn","message":"[Analyzer] Failed to analyze 0xa24895579d305ba6fc070e7c3262240116177d8f: Analysis timeout","timestamp":"2026-08-04T18:29:00.703Z"}
{"level":"warn","message":"[Analyzer] Failed to analyze 0x7e5387635051c67cc386448838e9d90e807c064a: Analysis timeout","timestamp":"2026-08-04T18:29:00.703Z"}
{"level":"warn","message":"[Analyzer] Failed to analyze 0xeebe1c033049be275b19a1bfbb44203cf21f34ff: Analysis timeout","timestamp":"2026-08-04T18:29:00.704Z"}
{"level":"warn","message":"[Analyzer] Failed to analyze 0x5b89567a9cb9b25d0203aa802586f57e1fd57d60: Analysis timeout","timestamp":"2026-08-04T18:29:00.704Z"}
{"level":"warn","message":"[Analyzer] Failed to analyze 0x442799a10b62d52632d38dc658200209601c6f3d: Analysis timeout","timestamp":"2026-08-04T18:29:00.704Z"}
{"level":"warn","message":"[Analyzer] Failed to analyze 0x518de0e6eb9960a7ff85b7a5268381e2ece99813: Analysis timeout","timestamp":"2026-08-04T18:29:00.705Z"}
{"level":"warn","message":"[Analyzer] Failed to analyze 0x229385125981ae1979424f894eeff061e38b966a: Analysis timeout","timestamp":"2026-08-04T18:29:00.705Z"}
{"level":"warn","message":"[Analyzer] Failed to analyze 0xc43a3c86070ba11fd22f80e7334b86b50eaed071: Analysis timeout","timestamp":"2026-08-04T18:29:00.705Z"}
{"level":"warn","message":"[Analyzer] Failed to analyze 0x90c57552542ffeb7abd233d48c8de61617eba892: Analysis timeout","timestamp":"2026-08-04T18:29:00.705Z"}
{"level":"warn","message":"[Analyzer] Failed to analyze 0x086eb9c2b14dd657ae77d07df9115a2f946ce327: Analysis timeout","timestamp":"2026-08-04T18:29:00.705Z"}
{"level":"warn","message":"[Analyzer] Failed to analyze 0x268f75c4732c381cad31b6af46efaad692b6dbd3: Analysis timeout","timestamp":"2026-08-04T18:29:00.705Z"}
{"level":"warn","message":"[Analyzer] Failed to analyze 0xe6ee4367b98bf171f45e4901b7d6cb98d0f58a33: Analysis timeout","timestamp":"2026-08-04T18:29:00.705Z"}
{"level":"warn","message":"[Analyzer] Failed to analyze 0x23f224c8f39e72ff5eef552edfecd0ed5539ced1: Analysis timeout","timestamp":"2026-08-04T18:29:00.706Z"}
{"level":"warn","message":"[Analyzer] Failed to analyze 0xfea7380590cb622ac6e119e30734a4d0be05a65b: Analysis timeout","timestamp":"2026-08-04T18:29:00.706Z"}
{"level":"warn","message":"[Analyzer] Failed to analyze 0xa258e4e991fc4f542581815ef0cdd08e9e2656de: Analysis timeout","timestamp":"2026-08-04T18:29:00.706Z"}
{"level":"warn","message":"[Analyzer] Failed to analyze 0x2dd0290a6eef20375061ebd37723af6aaa2a4f93: Analysis timeout","timestamp":"2026-08-04T18:29:00.706Z"}
{"level":"warn","message":"[Analyzer] Failed to analyze 0xa3c1a54c28e896aaf45cb9e6a8061042a5df83ec: Analysis timeout","timestamp":"2026-08-04T18:29:00.706Z"}
{"level":"warn","message":"[Analyzer] Failed to analyze 0x1ee6eea3b53c2fa5e6c9aa1b9035f13a8a5250d4: Analysis timeout","timestamp":"2026-08-04T18:29:00.706Z"}
{"level":"warn","message":"[Analyzer] Failed to analyze 0xb0829450d0f811dff6ed9c73d95b597d8e560567: Analysis timeout","timestamp":"2026-08-04T18:29:00.706Z"}
{"level":"warn","message":"[Analyzer] Failed to analyze 0x6852af8c10f5c0518b0e93bbef9a191be4d5df1c: Analysis timeout","timestamp":"2026-08-04T18:29:00.707Z"}
{"level":"warn","message":"[Analyzer] Failed to analyze 0xaf7635d90f4bc6cc650749fae8866d535beaafaf: Analysis timeout","timestamp":"2026-08-04T18:29:00.708Z"}
{"level":"warn","message":"[Analyzer] Failed to analyze 0x4d38769e5a15513b6312895a5ce17f0797a59160: Analysis timeout","timestamp":"2026-08-04T18:29:00.708Z"}
{"level":"warn","message":"[Analyzer] Failed to analyze 0x2764263b434d6f7b0b67a09c3919e1846fde84bc: Analysis timeout","timestamp":"2026-08-04T18:29:00.709Z"}
{"level":"warn","message":"[Analyzer] Failed to analyze 0x042b8e4a99f2b8390d8e5f9e00d6d2e85d47f0ce: Analysis timeout","timestamp":"2026-08-04T18:29:00.710Z"}
{"level":"warn","message":"[Analyzer] Failed to analyze 0x89d34592916979af9d324cfd4238175962560831: Analysis timeout","timestamp":"2026-08-04T18:29:00.710Z"}
{"level":"warn","message":"[Analyzer] Failed to analyze 0x37305b1cd40574e4c5ce33f8e8306be057fd7341: Analysis timeout","timestamp":"2026-08-04T18:29:00.711Z"}
{"level":"warn","message":"[Analyzer] Failed to analyze 0xdedb0e722e69d7794cbae19bac32da650849490a: Analysis timeout","timestamp":"2026-08-04T18:29:00.711Z"}
{"level":"warn","message":"[Analyzer] Failed to analyze 0xea0b357e839e6a7240aa3792d51cee333604d103: Analysis timeout","timestamp":"2026-08-04T18:29:00.712Z"}
{"level":"warn","message":"[Analyzer] Failed to analyze 0x07992a82a157f49bd61bd99a418a91212f970529: Analysis timeout","timestamp":"2026-08-04T18:29:00.712Z"}
{"level":"warn","message":"[Analyzer] Failed to analyze 0xb78392648aed7f2b1f90903378dd4d1c28dff6a8: Analysis timeout","timestamp":"2026-08-04T18:29:00.713Z"}
{"level":"warn","message":"[Analyzer] Failed to analyze 0x08c861909711242d9e7456a7672dccaf6bf10d26: Analysis timeout","timestamp":"2026-08-04T18:29:00.714Z"}
{"level":"warn","message":"[Analyzer] Failed to analyze 0xa0b15493097113ecdf8ec0e87e9c2b99c760391f: Analysis timeout","timestamp":"2026-08-04T18:29:00.714Z"}
{"level":"warn","message":"[Analyzer] Failed to analyze 0x7eade19f0152f306ac5289f6b4570e25ff8651b0: Analysis timeout","timestamp":"2026-08-04T18:29:00.719Z"}
{"level":"warn","message":"[Analyzer] Failed to analyze 0x5d38be3b3ddbd86ce70866131f35705675dae935: Analysis timeout","timestamp":"2026-08-04T18:29:00.722Z"}
{"level":"warn","message":"[Analyzer] Failed to analyze 0x6a32c010c90ad7b50c3244edbb6324d2f90457cd: Analysis timeout","timestamp":"2026-08-04T18:29:00.725Z"}
{"level":"warn","message":"[Analyzer] Failed to analyze 0xb358c5ea26dbfb7da9dedeccd2986475dcff3e6d: Analysis timeout","timestamp":"2026-08-04T18:29:00.725Z"}
{"level":"warn","message":"[Analyzer] Failed to analyze 0x47e420fd614e1136483a1b0937728d7eecd74731: Analysis timeout","timestamp":"2026-08-04T18:29:00.725Z"}
{"level":"warn","message":"[Analyzer] Failed to analyze 0xcc4feaa80f87f939ed3cdc2d39c1cc0255e344b5: Analysis timeout","timestamp":"2026-08-04T18:29:00.727Z"}
{"level":"warn","message":"[Analyzer] Failed to analyze 0xb3f018e9aa6eb2ecba425629b74ca6272d3a4f62: Analysis timeout","timestamp":"2026-08-04T18:29:00.727Z"}
{"level":"warn","message":"[Analyzer] Failed to analyze 0xdd508b7f26007f17270fb06d98230d026c4fc063: Analysis timeout","timestamp":"2026-08-04T18:29:00.727Z"}
{"level":"warn","message":"[Analyzer] Failed to analyze 0x07542cf0f43468e1a487b3fbb2001d2c12aa0989: Analysis timeout","timestamp":"2026-08-04T18:29:00.728Z"}
{"level":"warn","message":"[Analyzer] Failed to analyze 0x12945c1747213c2cdd0126fac3e333db7a875453: Analysis timeout","timestamp":"2026-08-04T18:29:00.729Z"}
{"level":"warn","message":"[Analyzer] Failed to analyze 0x620ad02c36ee5347b8f5c0290f7eb29d47f9cb73: Analysis timeout","timestamp":"2026-08-04T18:29:00.729Z"}
{"level":"warn","message":"[Analyzer] Failed to analyze 0x49464e4fac5848ddc0d43de2632722782ca97670: Analysis timeout","timestamp":"2026-08-04T18:29:00.729Z"}
{"level":"warn","message":"[Analyzer] Failed to analyze 0xa668b8d08775539003ae7dd2a1cb0cf4d6298ba2: Analysis timeout","timestamp":"2026-08-04T18:29:00.729Z"}
{"level":"warn","message":"[Analyzer] Failed to analyze 0xaa0470e3232d3a8a4ad38c7d15175f7c496882e2: Analysis timeout","timestamp":"2026-08-04T18:29:00.731Z"}
{"level":"warn","message":"[Analyzer] Failed to analyze 0x89cec43e7db62eb65e90750c6359892edc2a1875: Analysis timeout","timestamp":"2026-08-04T18:29:00.733Z"}
{"level":"warn","message":"[Analyzer] Failed to analyze 0x37305b1cd40574e4c5ce33f8e8306be057fd7341: Analysis timeout","timestamp":"2026-08-04T18:29:00.733Z"}
{"level":"warn","message":"[Analyzer] Failed to analyze 0xea44bb81819dd7b9753d4dcb674c24614c69ed79: Analysis timeout","timestamp":"2026-08-04T18:29:00.733Z"}
{"level":"warn","message":"[Analyzer] Failed to analyze 0x8687e4d01d80a7ac2811a6e04f12fed7e94b23af: Analysis timeout","timestamp":"2026-08-04T18:29:00.734Z"}
{"level":"warn","message":"[Analyzer] Failed to analyze 0x1c4ee5dd116173c67774c8dd292451c9ec89bc58: Analysis timeout","timestamp":"2026-08-04T18:29:00.734Z"}
{"level":"warn","message":"[Analyzer] Failed to analyze 0x14deb2e952d0337a59ba51da4ff4506b0f0ebceb: Analysis timeout","timestamp":"2026-08-04T18:29:00.734Z"}
{"level":"warn","message":"[Analyzer] Failed to analyze 0x0db0fa84532c3c4eda1dbd74571dfdd0e53109b4: Analysis timeout","timestamp":"2026-08-04T18:29:00.735Z"}
{"level":"warn","message":"[Analyzer] Failed to analyze 0x8e99140ec9e1f446f071f4d302e118cc5f4cb090: Analysis timeout","timestamp":"2026-08-04T18:29:00.737Z"}
{"level":"warn","message":"[Analyzer] Failed to analyze 0x611171cc5a817ec54fdf559fa65c79f094663110: Analysis timeout","timestamp":"2026-08-04T18:29:00.737Z"}
{"level":"warn","message":"[Analyzer] Failed to analyze 0x88b4afecc10c2ec097e150a9e6590e36e26653e6: Analysis timeout","timestamp":"2026-08-04T18:29:00.737Z"}
{"level":"warn","message":"[Analyzer] Failed to analyze 0x3f6665c5e211d9283f609dfccfb1c670f10bcf46: Analysis timeout","timestamp":"2026-08-04T18:29:00.738Z"}
{"level":"warn","message":"[Analyzer] Failed to analyze 0xcb69a114739370869490e4c9457e5d0d01b841fd: Analysis timeout","timestamp":"2026-08-04T18:29:00.738Z"}
{"level":"warn","message":"[Analyzer] Failed to analyze 0xcb69a114739370869490e4c9457e5d0d01b841fd: Analysis timeout","timestamp":"2026-08-04T18:29:00.738Z"}
{"level":"warn","message":"[Analyzer] Failed to analyze 0x8782525989cd4b4b26d2d7fb91d1a9645d71832f: Analysis timeout","timestamp":"2026-08-04T18:29:00.738Z"}
{"level":"warn","message":"[Analyzer] Failed to analyze 0x81261b082fc8f5debe2f03b7639a22fd1173cf65: Analysis timeout","timestamp":"2026-08-04T18:29:00.738Z"}
{"level":"warn","message":"[Analyzer] Failed to analyze 0x7a9fa9f6e6ebb24ce3d1d4d4a23a3f95873bab47: Analysis timeout","timestamp":"2026-08-04T18:29:00.740Z"}
{"level":"warn","message":"[Analyzer] Failed to analyze 0x2996cb3a3157dd5917e0c5d8dfc036742db53c5e: Analysis timeout","timestamp":"2026-08-04T18:29:00.740Z"}
{"level":"warn","message":"[Analyzer] Failed to analyze 0xe7120e64f9b6370e24beee4f22320d59a715dc6d: Analysis timeout","timestamp":"2026-08-04T18:29:00.740Z"}
{"level":"warn","message":"[Analyzer] Failed to analyze 0x4d3e98476fb3a668328417d03fdb3618608cef9f: Analysis timeout","timestamp":"2026-08-04T18:29:00.741Z"}
{"level":"warn","message":"[Analyzer] Failed to analyze 0x9746363b40911af1aed55e190996af109106be8a: Analysis timeout","timestamp":"2026-08-04T18:29:00.741Z"}
{"level":"warn","message":"[Analyzer] Failed to analyze 0x49c1c0f7da3763ea3ec89fb4341375ca611bfc73: Analysis timeout","timestamp":"2026-08-04T18:29:00.742Z"}
{"level":"warn","message":"[Analyzer] Failed to analyze 0xfbe20023e107d74f3ddc7c0d9b247ee8f74000a3: Analysis timeout","timestamp":"2026-08-04T18:29:00.742Z"}
{"level":"warn","message":"[Analyzer] Failed to analyze 0x137cfe263f379f071cf4d138cf38b8d5da292c03: Analysis timeout","timestamp":"2026-08-04T18:29:00.744Z"}
{"level":"warn","message":"[Analyzer] Failed to analyze 0x500c9e372cada07432cdf929050041f2dd98d76c: Analysis timeout","timestamp":"2026-08-04T18:29:00.744Z"}
{"level":"warn","message":"[Analyzer] Failed to analyze 0x4c3bf47d7dadc1cb0249ccef25f4d2961c4cfff8: Analysis timeout","timestamp":"2026-08-04T18:29:00.744Z"}
{"level":"warn","message":"[Analyzer] Failed to analyze 0xda95ba0813743c38b18da5c6b08eab2ef61d3362: Analysis timeout","timestamp":"2026-08-04T18:29:00.746Z"}
{"level":"warn","message":"[Analyzer] Failed to analyze 0xb8b054fc27ca8ec75b129430d8e676813969e01d: Analysis timeout","timestamp":"2026-08-04T18:29:00.747Z"}
{"level":"warn","message":"[Analyzer] Failed to analyze 0xc75b38b84b69880f41800cfd40c397ef4e4c2305: Analysis timeout","timestamp":"2026-08-04T18:29:00.748Z"}
{"level":"warn","message":"[Analyzer] Failed to analyze 0x08409d971d237ebfa59d25058f802922a75f8eda: Analysis timeout","timestamp":"2026-08-04T18:29:00.748Z"}
{"level":"warn","message":"[Analyzer] Failed to analyze 0x45eb34b063c6a6d89eafa747d0a3bdb3b02f7e1f: Analysis timeout","timestamp":"2026-08-04T18:29:00.749Z"}
{"level":"warn","message":"[Analyzer] Failed to analyze 0x125a1663fb2d6590f533dbd3df36cb99c21a788e: Analysis timeout","timestamp":"2026-08-04T18:29:00.749Z"}
{"level":"warn","message":"[Analyzer] Failed to analyze 0x749702040aade9c0ad42161a6172f90fdb6f80e8: Analysis timeout","timestamp":"2026-08-04T18:29:00.749Z"}
{"level":"warn","message":"[Analyzer] Failed to analyze 0xf0dfdc22cc684da0751248e42fb224209ba80797: Analysis timeout","timestamp":"2026-08-04T18:29:00.750Z"}
{"level":"warn","message":"[Analyzer] Failed to analyze 0xdedb0e722e69d7794cbae19bac32da650849490a: Analysis timeout","timestamp":"2026-08-04T18:29:00.750Z"}
{"level":"warn","message":"[Analyzer] Failed to analyze 0x7c0e7894878d12b63e4f246e94123dfa5be58eaa: Analysis timeout","timestamp":"2026-08-04T18:29:00.750Z"}
{"level":"warn","message":"[Analyzer] Failed to analyze 0xc3d15a79ddd0e62956b2b162b8dae6f0cf7987f2: Analysis timeout","timestamp":"2026-08-04T18:29:00.750Z"}
{"level":"warn","message":"[Analyzer] Failed to analyze 0xd1dd6d99c5fb5d31ff52eacce5046c7158859e85: Analysis timeout","timestamp":"2026-08-04T18:29:00.750Z"}
{"level":"warn","message":"[Analyzer] Failed to analyze 0xab6ee5fe00c54cc9576535eb5beb78a3d433673a: Analysis timeout","timestamp":"2026-08-04T18:29:00.751Z"}
{"level":"warn","message":"[Analyzer] Failed to analyze 0xf6b8f0a6cd2cd8614e5cdbb34d1bc50515521787: Analysis timeout","timestamp":"2026-08-04T18:29:00.751Z"}
{"level":"warn","message":"[Analyzer] Failed to analyze 0x64e09962130bef9f6abb48126facd3ec621a5eba: Analysis timeout","timestamp":"2026-08-04T18:29:00.753Z"}
{"level":"warn","message":"[Analyzer] Failed to analyze 0x43393a0a787968361326b58adf57f31471781b62: Analysis timeout","timestamp":"2026-08-04T18:29:00.753Z"}
{"level":"warn","message":"[Analyzer] Failed to analyze 0xb5a15208fbd5ec038350b377ed1e6a84e54b5e80: Analysis timeout","timestamp":"2026-08-04T18:29:00.753Z"}
{"level":"warn","message":"[Analyzer] Failed to analyze 0x476756c3d75a05757e3e8abad6736ea6ab14675f: Analysis timeout","timestamp":"2026-08-04T18:29:00.754Z"}
{"level":"warn","message":"[Analyzer] Failed to analyze 0xd8fcb19e4444db4515b298af29447e6add5607e5: Analysis timeout","timestamp":"2026-08-04T18:29:00.754Z"}
{"level":"warn","message":"[Analyzer] Failed to analyze 0x8d1b566a031e8617fe426ed26791215639594d32: Analysis timeout","timestamp":"2026-08-04T18:29:00.754Z"}
{"level":"warn","message":"[Analyzer] Failed to analyze 0x150913904aba52e11d8f79294e12b01b09f35549: Analysis timeout","timestamp":"2026-08-04T18:29:00.756Z"}
{"level":"warn","message":"[Analyzer] Failed to analyze 0xd74cebea7ffc009d0d1a5111761ad856420c290a: Analysis timeout","timestamp":"2026-08-04T18:29:00.756Z"}
{"level":"warn","message":"[Analyzer] Failed to analyze 0x1a720ce7dea32e0074d2e4599cbf0739397677a4: Analysis timeout","timestamp":"2026-08-04T18:29:00.756Z"}
{"level":"warn","message":"[Analyzer] Failed to analyze 0xb1766c6216aeee35fa5391479b1208b3b7b6a338: Analysis timeout","timestamp":"2026-08-04T18:29:00.756Z"}
{"level":"warn","message":"[Analyzer] Failed to analyze 0x458d7f0072095546ad79797c83c80f8c19c28923: Analysis timeout","timestamp":"2026-08-04T18:29:00.756Z"}
{"level":"warn","message":"[Analyzer] Failed to analyze 0x96b4c980161c8497a6545b1a93d0a61b2c2035a3: Analysis timeout","timestamp":"2026-08-04T18:29:00.757Z"}
{"level":"warn","message":"[Analyzer] Failed to analyze 0x4dff178185e29f8e298fa656c6f1409e624e2337: Analysis timeout","timestamp":"2026-08-04T18:29:00.757Z"}
{"level":"warn","message":"[Analyzer] Failed to analyze 0x600377b617a82fc6a4b6f2d2199882e5bd975037: Analysis timeout","timestamp":"2026-08-04T18:29:00.757Z"}
{"level":"warn","message":"[Analyzer] Failed to analyze 0xe32880feb39b94ce1ab2d698de7fb8889b9edeb8: Analysis timeout","timestamp":"2026-08-04T18:29:00.757Z"}
{"level":"warn","message":"[Analyzer] Failed to analyze 0xb47e40bea562be5ba6b8d84eccbd36e5b797fb6c: Analysis timeout","timestamp":"2026-08-04T18:29:00.759Z"}
{"level":"warn","message":"[Analyzer] Failed to analyze 0xcbbcdd0fe11d70bcdcbee5e0abed3e47749e7c9e: Analysis timeout","timestamp":"2026-08-04T18:29:00.760Z"}
{"level":"warn","message":"[Analyzer] Failed to analyze 0x19c9ae601431ea610fdd8b288e66d83f884e1157: Analysis timeout","timestamp":"2026-08-04T18:29:00.760Z"}
{"level":"warn","message":"[Analyzer] Failed to analyze 0x1ed2b47001ef440ce46b7161b1ca49ba5488c026: Analysis timeout","timestamp":"2026-08-04T18:29:00.760Z"}
{"level":"warn","message":"[Analyzer] Failed to analyze 0x824b738eb0f7f31483802fd8af4a49b7021e1724: Analysis timeout","timestamp":"2026-08-04T18:29:00.760Z"}
{"level":"warn","message":"[Analyzer] Failed to analyze 0x1186fcb478586338d86e116db853e2a8079745d3: Analysis timeout","timestamp":"2026-08-04T18:29:00.761Z"}
{"level":"warn","message":"[Analyzer] Failed to analyze 0x64e84d41f7dea6cd6212471be82a12fe66bf08b5: Analysis timeout","timestamp":"2026-08-04T18:29:00.761Z"}
{"level":"warn","message":"[Analyzer] Failed to analyze 0x38654662c42dfa36e6c46baa4c8ce4a2ea455079: Analysis timeout","timestamp":"2026-08-04T18:29:00.761Z"}
{"level":"warn","message":"[Analyzer] Failed to analyze 0x311031dff5b12d125d4abfdba2847ffd4f6e2815: Analysis timeout","timestamp":"2026-08-04T18:29:00.762Z"}
{"level":"warn","message":"[Analyzer] Failed to analyze 0x4df9c859f40066f06d0951cc466e20efa098975d: Analysis timeout","timestamp":"2026-08-04T18:29:00.762Z"}
{"level":"warn","message":"[Analyzer] Failed to analyze 0xa4640b2babbe09a2a7d7efaed308b52c29bd1e5c: Analysis timeout","timestamp":"2026-08-04T18:29:00.762Z"}
{"level":"warn","message":"[Analyzer] Failed to analyze 0x8d4b2594f6e354dac74ecac48bc5b3b095a0aa86: Analysis timeout","timestamp":"2026-08-04T18:29:00.762Z"}
{"level":"warn","message":"[Analyzer] Failed to analyze 0x73996abd2e5408b25602af74ada137a81770f958: Analysis timeout","timestamp":"2026-08-04T18:29:00.763Z"}
{"level":"warn","message":"[Analyzer] Failed to analyze 0x735d044362faeb911be01ddb6129812e5c3707e3: Analysis timeout","timestamp":"2026-08-04T18:29:00.763Z"}
{"level":"warn","message":"[Analyzer] Failed to analyze 0x39ee512671946bdd077a6b3e62bdfb0c453d5a58: Analysis timeout","timestamp":"2026-08-04T18:29:00.765Z"}
{"level":"warn","message":"[Analyzer] Failed to analyze 0xa043152e77344296f32169272541f60640f8b186: Analysis timeout","timestamp":"2026-08-04T18:29:00.765Z"}
{"level":"warn","message":"[Analyzer] Failed to analyze 0x25cf0d909b1547348606faa4447beb6f7c7bb6e9: Analysis timeout","timestamp":"2026-08-04T18:29:00.768Z"}
{"level":"warn","message":"[Analyzer] Failed to analyze 0x866840b2f1d32ed1fe3993a7d9c6f46cb0489665: Analysis timeout","timestamp":"2026-08-04T18:29:00.768Z"}
{"level":"warn","message":"[Analyzer] Failed to analyze 0x32797da3afbfec22ff84f2e402b7368b57d76bf0: Analysis timeout","timestamp":"2026-08-04T18:29:00.769Z"}
{"level":"warn","message":"[Analyzer] Failed to analyze 0xb7a1d23941512a9a16fee9187b2d0a4392cbc0d7: Analysis timeout","timestamp":"2026-08-04T18:29:00.769Z"}
{"level":"warn","message":"[Analyzer] Failed to analyze 0xdac757cc5ea63a4402ef0686f1227d443988501e: Analysis timeout","timestamp":"2026-08-04T18:29:00.769Z"}
{"level":"warn","message":"[Analyzer] Failed to analyze 0xdca499ecf00e2648c25bdcd0f881c99b6ebb5223: Analysis timeout","timestamp":"2026-08-04T18:29:00.769Z"}
{"level":"warn","message":"[Analyzer] Failed to analyze 0x67f48d0c4a0ecc8e47ea21c372c660055b2b6e81: Analysis timeout","timestamp":"2026-08-04T18:29:00.770Z"}
{"level":"warn","message":"[Analyzer] Failed to analyze 0xd8eb5eb15ef415b255c3b3ebcc58d2226dbe576f: Analysis timeout","timestamp":"2026-08-04T18:29:00.771Z"}
{"level":"warn","message":"[Analyzer] Failed to analyze 0xcddae16e7439f3e9951f5a85481e4119f1e8467e: Analysis timeout","timestamp":"2026-08-04T18:29:00.771Z"}
{"level":"warn","message":"[Analyzer] Failed to analyze 0x0337b860130379ca73e0e3fdccaee185859a6247: Analysis timeout","timestamp":"2026-08-04T18:29:00.771Z"}
{"level":"warn","message":"[Analyzer] Failed to analyze 0x8b05395092778e19627b376752084488b2c1733e: Analysis timeout","timestamp":"2026-08-04T18:29:00.772Z"}
{"level":"warn","message":"[Analyzer] Failed to analyze 0xe714e4ffd0d4a1068565415c232512c427d1c5b7: Analysis timeout","timestamp":"2026-08-04T18:29:00.774Z"}
{"level":"warn","message":"[Analyzer] Failed to analyze 0x1adf22eeaf0937c119b36c940acb7891aca316dd: Analysis timeout","timestamp":"2026-08-04T18:29:00.775Z"}
{"level":"warn","message":"[Analyzer] Failed to analyze 0x208d6d240076a8219a907bffb7da8890ae60b667: Analysis timeout","timestamp":"2026-08-04T18:29:00.775Z"}
{"level":"warn","message":"[Analyzer] Failed to analyze 0xc75b38b84b69880f41800cfd40c397ef4e4c2305: Analysis timeout","timestamp":"2026-08-04T18:29:00.775Z"}
{"level":"warn","message":"[Analyzer] Failed to analyze 0xc66082aa57f34ddd5e396e4d6c35c72d1dfbcf1e: Analysis timeout","timestamp":"2026-08-04T18:29:00.775Z"}
{"level":"warn","message":"[Analyzer] Failed to analyze 0xd8c7a77894ebb69b0f60b11de4f812c7cac75532: Analysis timeout","timestamp":"2026-08-04T18:29:00.775Z"}
{"level":"warn","message":"[Analyzer] Failed to analyze 0x5c56592247d2c093206eeab188b88623fd9e13c5: Analysis timeout","timestamp":"2026-08-04T18:29:00.777Z"}
{"level":"warn","message":"[Analyzer] Failed to analyze 0x0262db13e0e57b02ce14248db5e4ef391a176f51: Analysis timeout","timestamp":"2026-08-04T18:29:00.777Z"}
{"level":"warn","message":"[Analyzer] Failed to analyze 0xcdf40a1ae3c92c481bafeb8465c865ee124e7c45: Analysis timeout","timestamp":"2026-08-04T18:29:00.777Z"}
{"level":"warn","message":"[Analyzer] Failed to analyze 0xa23e76704f13d3e5f78a8f02df6b26e624eb9546: Analysis timeout","timestamp":"2026-08-04T18:29:00.777Z"}
{"level":"warn","message":"[Analyzer] Failed to analyze 0x67f64e5d4d82036f284d10ca989bef9a7e0e89d4: Analysis timeout","timestamp":"2026-08-04T18:29:00.778Z"}
{"level":"warn","message":"[Analyzer] Failed to analyze 0x4e56a750b882edf0e99363af948482081669c72e: Analysis timeout","timestamp":"2026-08-04T18:29:00.778Z"}
{"level":"warn","message":"[Analyzer] Failed to analyze 0x0f866939c7505d36f50f8ab4e0f93e1e3c2407fe: Analysis timeout","timestamp":"2026-08-04T18:29:00.778Z"}
{"level":"warn","message":"[Analyzer] Failed to analyze 0x5abef1aefe34d37dc1a11db290c4ec9402abc06a: Analysis timeout","timestamp":"2026-08-04T18:29:00.778Z"}
{"level":"warn","message":"[Analyzer] Failed to analyze 0x037a0766ed5388ae5cb71e411c90dba2623c163a: Analysis timeout","timestamp":"2026-08-04T18:29:00.778Z"}
{"level":"warn","message":"[Analyzer] Failed to analyze 0xf62e995b757641039f22fbb6daceb2a902be82d6: Analysis timeout","timestamp":"2026-08-04T18:29:00.779Z"}
{"level":"warn","message":"[Analyzer] Failed to analyze 0xf6ccbdcdf575a4f122318c1637876c1009836790: Analysis timeout","timestamp":"2026-08-04T18:29:00.779Z"}
{"level":"warn","message":"[Analyzer] Failed to analyze 0x811678f8f7c1d3b5de4ca4ed46b1885f50ca6467: Analysis timeout","timestamp":"2026-08-04T18:29:00.780Z"}
{"level":"warn","message":"[Analyzer] Failed to analyze 0xe33088630ea0328a7a9fc6b3d3efe869ec2efc39: Analysis timeout","timestamp":"2026-08-04T18:29:00.780Z"}
{"level":"warn","message":"[Analyzer] Failed to analyze 0xd6f05b19bf2c05c264a646b7757057d774661c5c: Analysis timeout","timestamp":"2026-08-04T18:29:00.780Z"}
{"level":"warn","message":"[Analyzer] Failed to analyze 0x2af4733540384ea69d3ee81a65126d55d52f1fb6: Analysis timeout","timestamp":"2026-08-04T18:29:00.780Z"}
{"level":"warn","message":"[Analyzer] Failed to analyze 0x821d8547515dcd513e2f5ebb0ea684a003b85a58: Analysis timeout","timestamp":"2026-08-04T18:29:00.783Z"}
{"level":"warn","message":"[Analyzer] Failed to analyze 0x6164c0a21bb938e999329e5a1b9c7aea7fad40b8: Analysis timeout","timestamp":"2026-08-04T18:29:00.783Z"}
{"level":"warn","message":"[Analyzer] Failed to analyze 0xba8e6486baf438f5f81754d568513565930f829d: Analysis timeout","timestamp":"2026-08-04T18:29:00.783Z"}
{"level":"warn","message":"[Analyzer] Failed to analyze 0x892511f73b382d1fc243f697bb0561bd7496a682: Analysis timeout","timestamp":"2026-08-04T18:29:00.784Z"}
{"level":"warn","message":"[Analyzer] Failed to analyze 0x217b950e4b7ad539ce9f9bc9334f41b879921cbb: Analysis timeout","timestamp":"2026-08-04T18:29:00.784Z"}
{"level":"warn","message":"[Analyzer] Failed to analyze 0xf3017152da36184ade9982bb499fa6d6061ca7b4: Analysis timeout","timestamp":"2026-08-04T18:29:00.784Z"}
{"level":"warn","message":"[Analyzer] Failed to analyze 0x86a17e793308bc416ddd67f42d3d5250726d4651: Analysis timeout","timestamp":"2026-08-04T18:29:00.785Z"}
{"level":"warn","message":"[Analyzer] Failed to analyze 0x1d17020a4070e4291a559f864e4adc8f080d925b: Analysis timeout","timestamp":"2026-08-04T18:29:00.785Z"}
{"level":"warn","message":"[Analyzer] Failed to analyze 0xe99b1136821cdecef4cf9fce328ced80b4e9ae7b: Analysis timeout","timestamp":"2026-08-04T18:29:00.785Z"}
{"level":"warn","message":"[Analyzer] Failed to analyze 0xc1b42f8878b387bd32ac6b78e12225f1cba98093: Analysis timeout","timestamp":"2026-08-04T18:29:00.785Z"}
{"level":"warn","message":"[Analyzer] Failed to analyze 0x08717fb94909f99aeaaca73e9a86b2ad946d3940: Analysis timeout","timestamp":"2026-08-04T18:29:00.785Z"}
{"level":"warn","message":"[Analyzer] Failed to analyze 0x4e5ae2ada305d0f294043a191f1b348845372691: Analysis timeout","timestamp":"2026-08-04T18:29:00.786Z"}
{"level":"warn","message":"[Analyzer] Failed to analyze 0xf4793d38394b8abbe684fc21e683714ce849c891: Analysis timeout","timestamp":"2026-08-04T18:29:00.787Z"}
{"level":"warn","message":"[Analyzer] Failed to analyze 0xa4abbc4a7c6a499453e8f756b032064ae8f87847: Analysis timeout","timestamp":"2026-08-04T18:29:00.788Z"}
{"level":"warn","message":"[Analyzer] Failed to analyze 0x37305b1cd40574e4c5ce33f8e8306be057fd7341: Analysis timeout","timestamp":"2026-08-04T18:29:00.788Z"}
{"level":"warn","message":"[Analyzer] Failed to analyze 0x72cc231c49c6ad8f1cffe5291f82a62a6e2e1adf: Analysis timeout","timestamp":"2026-08-04T18:29:00.788Z"}
{"level":"warn","message":"[Analyzer] Failed to analyze 0xa02f0fc61062c5782201321f2539828106e9193d: Analysis timeout","timestamp":"2026-08-04T18:29:00.790Z"}
{"level":"warn","message":"[Analyzer] Failed to analyze 0x2e4d1ca0607032d719a8bee84e2d709d782dbfa3: Analysis timeout","timestamp":"2026-08-04T18:29:00.790Z"}
{"level":"warn","message":"[Analyzer] Failed to analyze 0x59a920cfce06954329bbf2d6a3a098bd30589224: Analysis timeout","timestamp":"2026-08-04T18:29:00.790Z"}
{"level":"warn","message":"[Analyzer] Failed to analyze 0x5a38afaf488e1991b102439deea1155e8e67c160: Analysis timeout","timestamp":"2026-08-04T18:29:00.791Z"}
{"level":"warn","message":"[Analyzer] Failed to analyze 0x0b5bc2c27bcb35cc63ecb14d873c148119dfe932: Analysis timeout","timestamp":"2026-08-04T18:29:00.791Z"}
{"level":"warn","message":"[Analyzer] Failed to analyze 0x1d9c4116e5784036dbd15bced8aff88970b4a598: Analysis timeout","timestamp":"2026-08-04T18:29:00.791Z"}
{"level":"warn","message":"[Analyzer] Failed to analyze 0xf72c1911ea6ab4a4792db2668e881052f09ddbf7: Analysis timeout","timestamp":"2026-08-04T18:29:00.791Z"}
{"level":"warn","message":"[Analyzer] Failed to analyze 0xe33088630ea0328a7a9fc6b3d3efe869ec2efc39: Analysis timeout","timestamp":"2026-08-04T18:29:00.791Z"}
{"level":"warn","message":"[Analyzer] Failed to analyze 0xb3cf424e6212397e603d47077732d6cca34daa64: Analysis timeout","timestamp":"2026-08-04T18:29:00.793Z"}
{"level":"warn","message":"[Analyzer] Failed to analyze 0xeb138afb6e4437e41d97f54dc5b75ec13391685d: Analysis timeout","timestamp":"2026-08-04T18:29:00.793Z"}
{"level":"warn","message":"[Analyzer] Failed to analyze 0xa03ce652e894ccdeeaf72880deb345a8f9e19fac: Analysis timeout","timestamp":"2026-08-04T18:29:00.793Z"}
{"level":"warn","message":"[Analyzer] Failed to analyze 0xad03e09b7be4feb00289ee1b7e8ffd4afb478c8c: Analysis timeout","timestamp":"2026-08-04T18:29:00.793Z"}
{"level":"warn","message":"[Analyzer] Failed to analyze 0xe9d8c20462c1325a132a29badccf8a31815c4f22: Analysis timeout","timestamp":"2026-08-04T18:29:00.793Z"}
{"level":"warn","message":"[Analyzer] Failed to analyze 0xb720957dff93b8473e085744cf7f86019d974384: Analysis timeout","timestamp":"2026-08-04T18:29:00.794Z"}
{"level":"warn","message":"[Analyzer] Failed to analyze 0xf7989ace793e9ebbc893e76e47141edaee41249c: Analysis timeout","timestamp":"2026-08-04T18:29:00.794Z"}
{"level":"warn","message":"[Analyzer] Failed to analyze 0x04c8a19ca2a7fa1e42760926230bd3e90f1c6b26: Analysis timeout","timestamp":"2026-08-04T18:29:00.794Z"}
{"level":"warn","message":"[Analyzer] Failed to analyze 0x0bfd30e1f272a575c727b6cde64792a3db7923c4: Analysis timeout","timestamp":"2026-08-04T18:29:00.794Z"}
{"level":"warn","message":"[Analyzer] Failed to analyze 0xf6314a75f1e8561d025288fa9b31f134abb4eca9: Analysis timeout","timestamp":"2026-08-04T18:29:00.795Z"}
{"level":"warn","message":"[Analyzer] Failed to analyze 0xa5c982509870f92724b695d59037d2ea7fa755dc: Analysis timeout","timestamp":"2026-08-04T18:29:00.795Z"}
{"level":"warn","message":"[Analyzer] Failed to analyze 0xe0e293a71676e7e023363ebf7df1a98a195904e2: Analysis timeout","timestamp":"2026-08-04T18:29:00.796Z"}
{"level":"warn","message":"[Analyzer] Failed to analyze 0x933fb135964d68440f308a3a14ebdc5290c45fac: Analysis timeout","timestamp":"2026-08-04T18:29:00.796Z"}
{"level":"warn","message":"[Analyzer] Failed to analyze 0xd60b111ec0f6cde32d1a255637cdef8cb0048af6: Analysis timeout","timestamp":"2026-08-04T18:29:00.796Z"}
{"level":"warn","message":"[Analyzer] Failed to analyze 0x1f42ce42cf5d12d7795dc21f7c6c1bf5a49c0fc1: Analysis timeout","timestamp":"2026-08-04T18:29:00.796Z"}
{"level":"warn","message":"[Analyzer] Failed to analyze 0x9e5679727cce98eb0bc0a34911db0576c5fd4e27: Analysis timeout","timestamp":"2026-08-04T18:29:00.797Z"}
{"level":"warn","message":"[Analyzer] Failed to analyze 0xccdcfc4598f539408fc0393b42905c1e0d24a91e: Analysis timeout","timestamp":"2026-08-04T18:29:00.797Z"}
{"level":"warn","message":"[Analyzer] Failed to analyze 0x2a2abb0d8ca9d25d007b3f8eacc99cafaca3530e: Analysis timeout","timestamp":"2026-08-04T18:29:00.798Z"}
{"level":"warn","message":"[Analyzer] Failed to analyze 0xce56fe6e32a2eb10fa4529d851b7e343dc91ea07: Analysis timeout","timestamp":"2026-08-04T18:29:00.799Z"}
{"level":"warn","message":"[Analyzer] Failed to analyze 0x6d359d8a2edbbb16a3e1f84e80965ed0a019fa10: Analysis timeout","timestamp":"2026-08-04T18:29:00.800Z"}
{"level":"warn","message":"[Analyzer] Failed to analyze 0x9ffb2f1f504b88b6a63c52d8fb28f65f355c9198: Analysis timeout","timestamp":"2026-08-04T18:29:00.801Z"}
{"level":"warn","message":"[Analyzer] Failed to analyze 0xf33f69658744f7a05dd657f51b50aad7043cf61f: Analysis timeout","timestamp":"2026-08-04T18:29:00.801Z"}
{"level":"warn","message":"[Analyzer] Failed to analyze 0x0e2500e0e8260ee2101dbd75431615d629ae8c2c: Analysis timeout","timestamp":"2026-08-04T18:29:00.801Z"}
{"level":"warn","message":"[Analyzer] Failed to analyze 0xfbd12943a4397ea4da7a906c7465623c7e6dd04d: Analysis timeout","timestamp":"2026-08-04T18:29:00.802Z"}
{"level":"warn","message":"[Analyzer] Failed to analyze 0x52187c8e23652e2cae09a45fc868e1c9a6160918: Analysis timeout","timestamp":"2026-08-04T18:29:00.802Z"}
{"level":"warn","message":"[Analyzer] Failed to analyze 0x154b463228eb42ac5110bd4e43cf4e7d0c52863a: Analysis timeout","timestamp":"2026-08-04T18:29:00.802Z"}
{"level":"warn","message":"[Analyzer] Failed to analyze 0xb0222b3455274dbcb26650100aee06f700f9f996: Analysis timeout","timestamp":"2026-08-04T18:29:00.802Z"}
{"level":"warn","message":"[Analyzer] Failed to analyze 0x70edb9d206768a2d966f00d689b954ec159ef5ee: Analysis timeout","timestamp":"2026-08-04T18:29:00.802Z"}
{"level":"warn","message":"[Analyzer] Failed to analyze 0xdc60dae2013c78e859d7b77ed6a6f556e9288baf: Analysis timeout","timestamp":"2026-08-04T18:29:00.804Z"}
{"level":"warn","message":"[Analyzer] Failed to analyze 0x84d8260bba96fc5d99cb7d6883f2825e7648ffdd: Analysis timeout","timestamp":"2026-08-04T18:29:00.804Z"}
{"level":"warn","message":"[Analyzer] Failed to analyze 0x76d0801f0deb6ee952be0aa7443b4d61bb5e5ade: Analysis timeout","timestamp":"2026-08-04T18:29:00.805Z"}
{"level":"warn","message":"[Analyzer] Failed to analyze 0x7f9ec71d3effb0401f40a21ad06ac9923abaadac: Analysis timeout","timestamp":"2026-08-04T18:29:00.805Z"}
{"level":"warn","message":"[Analyzer] Failed to analyze 0x860fc92cbc3b2044d3b1809ec61322e78dcbdf13: Analysis timeout","timestamp":"2026-08-04T18:29:00.805Z"}
{"level":"warn","message":"[Analyzer] Failed to analyze 0xacf05d82b21acf14a2936ceec4694c86d596c080: Analysis timeout","timestamp":"2026-08-04T18:29:00.805Z"}
{"level":"warn","message":"[Analyzer] Failed to analyze 0xf448bb94f3072118605fd6e815ae275cccd15f55: Analysis timeout","timestamp":"2026-08-04T18:29:00.806Z"}
{"level":"warn","message":"[Analyzer] Failed to analyze 0x747c0067d015705cc17843f0f6e1301a38d70b28: Analysis timeout","timestamp":"2026-08-04T18:29:00.806Z"}
{"level":"warn","message":"[Analyzer] Failed to analyze 0x2d965ad87c090625f0229f0a0365afa274124d5b: Analysis timeout","timestamp":"2026-08-04T18:29:00.806Z"}
{"level":"warn","message":"[Analyzer] Failed to analyze 0x18e204a8fc0f1366b481cab3ccaff20db45bfc76: Analysis timeout","timestamp":"2026-08-04T18:29:00.807Z"}
{"level":"warn","message":"[Analyzer] Failed to analyze 0x1c4ee5dd116173c67774c8dd292451c9ec89bc58: Analysis timeout","timestamp":"2026-08-04T18:29:00.807Z"}
{"level":"warn","message":"[Analyzer] Failed to analyze 0x0ed35716f5ca933ea6f4a936e7d59d9f278eafb5: Analysis timeout","timestamp":"2026-08-04T18:29:00.807Z"}
{"level":"warn","message":"[Analyzer] Failed to analyze 0xf8fd20176bb19fc22ac1cc19a8d29930eccc1c5d: Analysis timeout","timestamp":"2026-08-04T18:29:00.814Z"}
{"level":"warn","message":"[Analyzer] Failed to analyze 0xe48133ecd2a10baa42e07a99ffdcf90b5d3d4600: Analysis timeout","timestamp":"2026-08-04T18:29:00.815Z"}
{"level":"warn","message":"[Analyzer] Failed to analyze 0x14b055a2f695f7b928da362170f3a44759fd69f0: Analysis timeout","timestamp":"2026-08-04T18:29:00.816Z"}
{"level":"warn","message":"[Analyzer] Failed to analyze 0xf6109ed67d5377cd57cc85babd52c9b509938883: Analysis timeout","timestamp":"2026-08-04T18:29:00.816Z"}
{"level":"warn","message":"[Analyzer] Failed to analyze 0x737a8dea4db63b3b24f19698af9e5bc6f08de8ee: Analysis timeout","timestamp":"2026-08-04T18:29:00.817Z"}
{"level":"warn","message":"[Analyzer] Failed to analyze 0x25cf0d909b1547348606faa4447beb6f7c7bb6e9: Analysis timeout","timestamp":"2026-08-04T18:29:00.817Z"}
{"level":"warn","message":"[Analyzer] Failed to analyze 0xcac64db9301dd5b6250d0d9e79622a97d5791920: Analysis timeout","timestamp":"2026-08-04T18:29:00.817Z"}
{"level":"warn","message":"[Analyzer] Failed to analyze 0x755d36632eb9753bdc5e711e788a08b48222cc5a: Analysis timeout","timestamp":"2026-08-04T18:29:00.818Z"}
{"level":"warn","message":"[Analyzer] Failed to analyze 0xd835e54222987b1295503694e3e49968e09996f7: Analysis timeout","timestamp":"2026-08-04T18:29:00.818Z"}
{"level":"warn","message":"[Analyzer] Failed to analyze 0x383a678f6d4c5a262b89af7cb9993a0e00cb5521: Analysis timeout","timestamp":"2026-08-04T18:29:00.819Z"}
{"level":"warn","message":"[Analyzer] Failed to analyze 0x04ad29898df9d9fefdbd82ff04f809c502cca6e8: Analysis timeout","timestamp":"2026-08-04T18:29:00.819Z"}
{"level":"warn","message":"[Analyzer] Failed to analyze 0xedec5c6e8fc98f7681dc5c37f348093b84d6a2f3: Analysis timeout","timestamp":"2026-08-04T18:29:00.820Z"}
{"level":"warn","message":"[Analyzer] Failed to analyze 0xf3f779e2d4a87dcca2dec7a69eda1a842601e67d: Analysis timeout","timestamp":"2026-08-04T18:29:00.822Z"}
{"level":"warn","message":"[Analyzer] Failed to analyze 0xf119280024a2098a3da8b26d0f4928bea745ba73: Analysis timeout","timestamp":"2026-08-04T18:29:00.822Z"}
{"level":"warn","message":"[Analyzer] Failed to analyze 0x716f5753d86b1721f69358e2b619c0356cc53821: Analysis timeout","timestamp":"2026-08-04T18:29:00.823Z"}
{"level":"warn","message":"[Analyzer] Failed to analyze 0x972af85fc464552a4b5a039743b1e72d6e21e006: Analysis timeout","timestamp":"2026-08-04T18:29:00.823Z"}
{"level":"warn","message":"[Analyzer] Failed to analyze 0xca56e275f92b1e75f87d1f05dd028a6fcc1a1e1e: Analysis timeout","timestamp":"2026-08-04T18:29:00.823Z"}
{"level":"warn","message":"[Analyzer] Failed to analyze 0x295a78597eae985a3ee916844365e47c79e3bca0: Analysis timeout","timestamp":"2026-08-04T18:29:00.825Z"}
{"level":"warn","message":"[Analyzer] Failed to analyze 0x9ad347607c50621961a339b94b1e977d5659baf7: Analysis timeout","timestamp":"2026-08-04T18:29:00.825Z"}
{"level":"warn","message":"[Analyzer] Failed to analyze 0x9b4336e7822a6923c25e11442d9ba6af7486a585: Analysis timeout","timestamp":"2026-08-04T18:29:00.825Z"}
{"level":"warn","message":"[Analyzer] Failed to analyze 0x7992d678097c292c13db068837e0e15227e4d812: Analysis timeout","timestamp":"2026-08-04T18:29:00.825Z"}
{"level":"warn","message":"[Analyzer] Failed to analyze 0xaa4036bd0afd8550185d8330f17eb897b964f87d: Analysis timeout","timestamp":"2026-08-04T18:29:00.827Z"}
{"level":"warn","message":"[Analyzer] Failed to analyze 0xd54ceefdc8bb15463c516c5ced9fe21cc191bc62: Analysis timeout","timestamp":"2026-08-04T18:29:00.827Z"}
{"level":"warn","message":"[Analyzer] Failed to analyze 0x795facaa76aed7c5f44a053155407199f4075139: Analysis timeout","timestamp":"2026-08-04T18:29:00.828Z"}
{"level":"warn","message":"[Analyzer] Failed to analyze 0x54f7dfa13824496d7b439340a47adab0ee136fce: Analysis timeout","timestamp":"2026-08-04T18:29:00.829Z"}
{"level":"warn","message":"[Analyzer] Failed to analyze 0xafac868d6cbaa9d7ee4ff938e2dc6f72f0da0b0d: Analysis timeout","timestamp":"2026-08-04T18:29:00.834Z"}
{"level":"warn","message":"[Analyzer] Failed to analyze 0xbc0235c2052844a887ab5c896018f788148e7782: Analysis timeout","timestamp":"2026-08-04T18:29:00.834Z"}
{"level":"warn","message":"[Analyzer] Failed to analyze 0xea30f8fa167cc05418eb34105215a9f10623eca7: Analysis timeout","timestamp":"2026-08-04T18:29:00.834Z"}
{"level":"warn","message":"[Analyzer] Failed to analyze 0xebef2aed95a5219ad2da2942ad27df26c68620df: Analysis timeout","timestamp":"2026-08-04T18:29:00.835Z"}
{"level":"warn","message":"[Analyzer] Failed to analyze 0xf900b8f557ea891bceaa21e47e7a54e8239b6b10: Analysis timeout","timestamp":"2026-08-04T18:29:00.836Z"}
{"level":"warn","message":"[Analyzer] Failed to analyze 0x12945c1747213c2cdd0126fac3e333db7a875453: Analysis timeout","timestamp":"2026-08-04T18:29:00.836Z"}
{"level":"warn","message":"[Analyzer] Failed to analyze 0x8b0631da33daac692e9fbdec673f8ca9cb9ab070: Analysis timeout","timestamp":"2026-08-04T18:29:00.836Z"}
{"level":"warn","message":"[Analyzer] Failed to analyze 0xfd5dee04898f3ed1c9facb56bb8e09597917f47a: Analysis timeout","timestamp":"2026-08-04T18:29:00.836Z"}
{"level":"warn","message":"[Analyzer] Failed to analyze 0x2806ba078604f84b68be27a2b01218f99c8c77c2: Analysis timeout","timestamp":"2026-08-04T18:29:00.837Z"}
{"level":"warn","message":"[Analyzer] Failed to analyze 0xe83bba5128bae65d16871cba537af31fd0712e69: Analysis timeout","timestamp":"2026-08-04T18:29:00.838Z"}
{"level":"warn","message":"[Analyzer] Failed to analyze 0x73d53553ee552c1f2a9722e6407d43e41e19593f: Analysis timeout","timestamp":"2026-08-04T18:29:00.838Z"}
{"level":"warn","message":"[Analyzer] Failed to analyze 0x0e099bc5055a024d751cf06438e3493acb9f6dd5: Analysis timeout","timestamp":"2026-08-04T18:29:00.838Z"}
{"level":"warn","message":"[Analyzer] Failed to analyze 0xcda4ff7f69b75b451b1cb199085237604cd573d7: Analysis timeout","timestamp":"2026-08-04T18:29:00.838Z"}
{"level":"warn","message":"[Analyzer] Failed to analyze 0xf6510c869d925f973b0a8d57daabbc40c6425ddd: Analysis timeout","timestamp":"2026-08-04T18:29:00.838Z"}
{"level":"warn","message":"[Analyzer] Failed to analyze 0x8dc37441d29da784ce8eb935985aa5c432078865: Analysis timeout","timestamp":"2026-08-04T18:29:00.840Z"}
{"level":"warn","message":"[Analyzer] Failed to analyze 0xda2a8e091fb0a9527ec5ef8f4c18b27f847c4b91: Analysis timeout","timestamp":"2026-08-04T18:29:00.840Z"}
{"level":"warn","message":"[Analyzer] Failed to analyze 0x0c758f39ee88e7a1688b003ad622c36e6a4decac: Analysis timeout","timestamp":"2026-08-04T18:29:00.840Z"}
{"level":"warn","message":"[Analyzer] Failed to analyze 0xd9695c855ea4477c3290dec8adc8e3f6c5b1c30e: Analysis timeout","timestamp":"2026-08-04T18:29:00.840Z"}
{"level":"warn","message":"[Analyzer] Failed to analyze 0xe58967fba7ebe4e3c775b7dd55fc8dfd3b05a2e6: Analysis timeout","timestamp":"2026-08-04T18:29:00.842Z"}
{"level":"warn","message":"[Analyzer] Failed to analyze 0x27dd33c5f4221d622ab13726b743d5eade433834: Analysis timeout","timestamp":"2026-08-04T18:29:00.842Z"}
{"level":"warn","message":"[Analyzer] Failed to analyze 0xa682ca13e27213018556292009cb1cb36035aabb: Analysis timeout","timestamp":"2026-08-04T18:29:00.842Z"}
{"level":"warn","message":"[Analyzer] Failed to analyze 0xdc8aeda1ee41a79c957292b5d60eba767a54ee8b: Analysis timeout","timestamp":"2026-08-04T18:29:00.842Z"}
{"level":"warn","message":"[Analyzer] Failed to analyze 0x4e3e6d69c54f17265d456eae97eceddc5e92ff2a: Analysis timeout","timestamp":"2026-08-04T18:29:00.843Z"}
{"level":"warn","message":"[Analyzer] Failed to analyze 0xf438b38a469b828bb6b01b51d6476db7570d7804: Analysis timeout","timestamp":"2026-08-04T18:29:00.843Z"}
{"level":"warn","message":"[Analyzer] Failed to analyze 0x5a09118f120d8be58d1ad0ddcab81f69d9fa6f3a: Analysis timeout","timestamp":"2026-08-04T18:29:00.843Z"}
{"level":"warn","message":"[Analyzer] Failed to analyze 0x1566ce23ea850df05d50768d52ea93644f293559: Analysis timeout","timestamp":"2026-08-04T18:29:00.844Z"}
{"level":"warn","message":"[Analyzer] Failed to analyze 0x22906a6c2ccd87a24c72a0a6eea17d8dc4959fb4: Analysis timeout","timestamp":"2026-08-04T18:29:00.845Z"}
{"level":"warn","message":"[Analyzer] Failed to analyze 0xec1e52dc255d7d2e753e5a1e23cbbf7450210e48: Analysis timeout","timestamp":"2026-08-04T18:29:00.845Z"}
{"level":"warn","message":"[Analyzer] Failed to analyze 0xdd694abe298aa0b4fdddd138c69beb34632a5a1f: Analysis timeout","timestamp":"2026-08-04T18:29:00.846Z"}
{"level":"warn","message":"[Analyzer] Failed to analyze 0xf77249e3b43d13ab98c954175af7b61465dc875f: Analysis timeout","timestamp":"2026-08-04T18:29:00.846Z"}
{"level":"warn","message":"[Analyzer] Failed to analyze 0xb84e6fe2936da56a455cf11789fc73297629beb5: Analysis timeout","timestamp":"2026-08-04T18:29:00.846Z"}
{"level":"warn","message":"[Analyzer] Failed to analyze 0x878887151c26cf1986ac441f19f78a29a20dd1ff: Analysis timeout","timestamp":"2026-08-04T18:29:00.846Z"}
{"level":"warn","message":"[Analyzer] Failed to analyze 0x7ecb8ea8dbafac19f4c1443b942c6a3976e88267: Analysis timeout","timestamp":"2026-08-04T18:29:00.847Z"}
{"level":"warn","message":"[Analyzer] Failed to analyze 0x5f4d0cb80a98ff981a51708ecaf73bf26c7002b7: Analysis timeout","timestamp":"2026-08-04T18:29:00.847Z"}
{"level":"warn","message":"[Analyzer] Failed to analyze 0x236f7060b4fb7a8a75940cade3e11ba1dadeb847: Analysis timeout","timestamp":"2026-08-04T18:29:00.847Z"}
{"level":"warn","message":"[Analyzer] Failed to analyze 0x255bb385c3f8928a9cac44e24dcdbfc122419975: Analysis timeout","timestamp":"2026-08-04T18:29:00.847Z"}
{"level":"warn","message":"[Analyzer] Failed to analyze 0xd56340433bdab0de13c9633e3772aad75a993fb0: Analysis timeout","timestamp":"2026-08-04T18:29:00.847Z"}
{"level":"warn","message":"[Analyzer] Failed to analyze 0x5037eced1eb6ecfa2af3775f9c49296a1fd40c84: Analysis timeout","timestamp":"2026-08-04T18:29:00.848Z"}
{"level":"warn","message":"[Analyzer] Failed to analyze 0x3cba5ef17378f9f463edb285e98cc6fe5a56c825: Analysis timeout","timestamp":"2026-08-04T18:29:00.848Z"}
{"level":"warn","message":"[Analyzer] Failed to analyze 0xdb15247409d834aaa02ebd2aa770e8fd8cc72cd0: Analysis timeout","timestamp":"2026-08-04T18:29:00.848Z"}
{"level":"warn","message":"[Analyzer] Failed to analyze 0xabfed7d71dc3838b11bf2d9542ff50b617b89093: Analysis timeout","timestamp":"2026-08-04T18:29:00.848Z"}
{"level":"warn","message":"[Analyzer] Failed to analyze 0xefd1ce8570b572a93981847c4c69482cf6d6e96d: Analysis timeout","timestamp":"2026-08-04T18:29:00.849Z"}
{"level":"warn","message":"[Analyzer] Failed to analyze 0xb70e1bc6fdd4cef3bc87b8d703d9a0e80fd44341: Analysis timeout","timestamp":"2026-08-04T18:29:00.849Z"}
{"level":"warn","message":"[Analyzer] Failed to analyze 0xa71342b630ac99d578af877c4b04e829b451eb06: Analysis timeout","timestamp":"2026-08-04T18:29:00.849Z"}
{"level":"warn","message":"[Analyzer] Failed to analyze 0x00fd67f712c72c79c12c5a6a59cf74a0e960eb06: Analysis timeout","timestamp":"2026-08-04T18:29:00.849Z"}
{"level":"warn","message":"[Analyzer] Failed to analyze 0x41fbb20867129f3b81db0db44982b4ba7e8980db: Analysis timeout","timestamp":"2026-08-04T18:29:00.849Z"}
{"level":"warn","message":"[Analyzer] Failed to analyze 0xd4a0669d471509aa0c155aa001d97679970f8810: Analysis timeout","timestamp":"2026-08-04T18:29:00.850Z"}
{"level":"warn","message":"[Analyzer] Failed to analyze 0xfa617ec3ea9e06ea326295a156c8edf8cd71c66e: Analysis timeout","timestamp":"2026-08-04T18:29:00.850Z"}
{"level":"warn","message":"[Analyzer] Failed to analyze 0xe3b85b495f17594933af233be09eea358b5711cf: Analysis timeout","timestamp":"2026-08-04T18:29:00.851Z"}
{"level":"warn","message":"[Analyzer] Failed to analyze 0xbfa3de336e36e91c8c82d3ce14667f9103b7eeef: Analysis timeout","timestamp":"2026-08-04T18:29:00.851Z"}
{"level":"warn","message":"[Analyzer] Failed to analyze 0x2787b722f72257bfb3edf6926401e1d588cbdc7d: Analysis timeout","timestamp":"2026-08-04T18:29:00.851Z"}
{"level":"warn","message":"[Analyzer] Failed to analyze 0xd05e923f833c548dd4820f8927d0e9626c4d54d8: Analysis timeout","timestamp":"2026-08-04T18:29:00.851Z"}
{"level":"warn","message":"[Analyzer] Failed to analyze 0x6f90c223b14d15ed958cc0a6c79244b94ee275a8: Analysis timeout","timestamp":"2026-08-04T18:29:00.851Z"}
{"level":"warn","message":"[Analyzer] Failed to analyze 0x80e00d0b19e4021ddb7d20abf663c8e8a1f50c6c: Analysis timeout","timestamp":"2026-08-04T18:29:00.851Z"}
{"level":"warn","message":"[Analyzer] Failed to analyze 0x9f3c11bfe8a7769e36ade322c25a7eff6a9ad792: Analysis timeout","timestamp":"2026-08-04T18:29:00.851Z"}
{"level":"warn","message":"[Analyzer] Failed to analyze 0x7d456f28b4aca476406b30bd58a0db08107d12b6: Analysis timeout","timestamp":"2026-08-04T18:29:00.852Z"}
{"level":"warn","message":"[Analyzer] Failed to analyze 0x74f2cf06730c21f05f0c39157eb344ed3dc7e8e5: Analysis timeout","timestamp":"2026-08-04T18:29:00.852Z"}
{"level":"warn","message":"[Analyzer] Failed to analyze 0xec2864ac8eb61d3a9eed6eba515c8b2c712cc180: Analysis timeout","timestamp":"2026-08-04T18:29:00.852Z"}
{"level":"warn","message":"[Analyzer] Failed to analyze 0xd8d051962a98f10430f976580159769226dcb387: Analysis timeout","timestamp":"2026-08-04T18:29:00.852Z"}
{"level":"warn","message":"[Analyzer] Failed to analyze 0x49b9942f422b8007598d65abe70aea0ce41c2311: Analysis timeout","timestamp":"2026-08-04T18:29:00.852Z"}
{"level":"warn","message":"[Analyzer] Failed to analyze 0xa7301599c2fc9f23c163358b60a01261a9446897: Analysis timeout","timestamp":"2026-08-04T18:29:00.852Z"}
{"level":"warn","message":"[Analyzer] Failed to analyze 0x409d1fe221072d2aad8d7f221db3085f8e0cdaaf: Analysis timeout","timestamp":"2026-08-04T18:29:00.854Z"}
{"level":"warn","message":"[Analyzer] Failed to analyze 0x8f00556b2daf742e66565d324aabd2a03d5d80fc: Analysis timeout","timestamp":"2026-08-04T18:29:00.854Z"}
{"level":"warn","message":"[Analyzer] Failed to analyze 0x168dd91453173b082f5a58eaeed21882e288affe: Analysis timeout","timestamp":"2026-08-04T18:29:00.854Z"}
{"level":"warn","message":"[Analyzer] Failed to analyze 0x0282840d68ae41dcc1c96b3af448556c28fb179a: Analysis timeout","timestamp":"2026-08-04T18:29:00.854Z"}
{"level":"warn","message":"[Analyzer] Failed to analyze 0x9bcd0c536c7992845ac008870a6c7d4ec917b371: Analysis timeout","timestamp":"2026-08-04T18:29:00.854Z"}
{"level":"warn","message":"[Analyzer] Failed to analyze 0x361ea188e89b788f25a035270ea1df75f494a4f3: Analysis timeout","timestamp":"2026-08-04T18:29:00.855Z"}
{"level":"warn","message":"[Analyzer] Failed to analyze 0x6323704335bc73b3242315311c8a1ee89a68a611: Analysis timeout","timestamp":"2026-08-04T18:29:00.855Z"}
{"level":"warn","message":"[Analyzer] Failed to analyze 0x7904c49fa6459bb127495a70b6c6fcb32e820d28: Analysis timeout","timestamp":"2026-08-04T18:29:00.855Z"}
{"level":"warn","message":"[Analyzer] Failed to analyze 0xfe65a62829a8f554dad5f597b3ac98634d5a7e10: Analysis timeout","timestamp":"2026-08-04T18:29:00.855Z"}
{"level":"warn","message":"[Analyzer] Failed to analyze 0xb3f43318b9b098d7228ba0abfdd6f4d1293474f4: Analysis timeout","timestamp":"2026-08-04T18:29:00.855Z"}
{"level":"warn","message":"[Analyzer] Failed to analyze 0x5626b98ad4e7fdc5757bab44dd07b29b130dcc92: Analysis timeout","timestamp":"2026-08-04T18:29:00.855Z"}
{"level":"warn","message":"[Analyzer] Failed to analyze 0xf878b6811c7492c026ddb2a534ef7368e6f8267b: Analysis timeout","timestamp":"2026-08-04T18:29:00.856Z"}
{"level":"warn","message":"[Analyzer] Failed to analyze 0x236eda87dffd2d3570110f9c88bc5348c54e6d1a: Analysis timeout","timestamp":"2026-08-04T18:29:00.856Z"}
{"level":"warn","message":"[Analyzer] Failed to analyze 0xd43904cc54f5584b197a327b7d355993736ab931: Analysis timeout","timestamp":"2026-08-04T18:29:00.856Z"}
{"level":"warn","message":"[Analyzer] Failed to analyze 0x936f6206af845cb290f886076b7600e5a6e3d3ae: Analysis timeout","timestamp":"2026-08-04T18:29:00.856Z"}
{"level":"warn","message":"[Analyzer] Failed to analyze 0xfa8bdc076e288505b92ac9c6c4d3e0d17c02ec36: Analysis timeout","timestamp":"2026-08-04T18:29:00.856Z"}
{"level":"warn","message":"[Analyzer] Failed to analyze 0x02507033a7adc4deeb2fdf0fade101d81aca24a2: Analysis timeout","timestamp":"2026-08-04T18:29:00.857Z"}
{"level":"warn","message":"[Analyzer] Failed to analyze 0x167dd11df8494f78661bcf3cc9deed1a21631c03: Analysis timeout","timestamp":"2026-08-04T18:29:00.857Z"}
{"level":"warn","message":"[Analyzer] Failed to analyze 0xdec53dc3bba9d8e975e756b920024f01b2b353f2: Analysis timeout","timestamp":"2026-08-04T18:29:00.857Z"}
{"level":"warn","message":"[Analyzer] Failed to analyze 0x55b46ac016c2374f1aa216ede677634c70880222: Analysis timeout","timestamp":"2026-08-04T18:29:00.859Z"}
{"level":"warn","message":"[Analyzer] Failed to analyze 0x338601db90d6e1ff3687098d9fe0629ea6961d03: Analysis timeout","timestamp":"2026-08-04T18:29:00.859Z"}
{"level":"warn","message":"[Analyzer] Failed to analyze 0xdd02e7c73bc05a6b99b9a105be4960d6dc1be5bd: Analysis timeout","timestamp":"2026-08-04T18:29:00.859Z"}
{"level":"warn","message":"[Analyzer] Failed to analyze 0xb7e92d13241ba46a3a48e5127fb126e89657a838: Analysis timeout","timestamp":"2026-08-04T18:29:00.859Z"}
{"level":"warn","message":"[Analyzer] Failed to analyze 0x83e4f71917168f6fe3eeff84a59eea9a5c2efe14: Analysis timeout","timestamp":"2026-08-04T18:29:00.859Z"}
{"level":"warn","message":"[Analyzer] Failed to analyze 0xe8d0708a06c3b1ee712d2f800c262945f332265e: Analysis timeout","timestamp":"2026-08-04T18:29:00.860Z"}
{"level":"warn","message":"[Analyzer] Failed to analyze 0x744b533fc453086a797205e08fe59a4dec34a0d9: Analysis timeout","timestamp":"2026-08-04T18:29:00.860Z"}
{"level":"warn","message":"[Analyzer] Failed to analyze 0x17ca45b171cda0b8913d9dfab258fd8941bc0233: Analysis timeout","timestamp":"2026-08-04T18:29:00.860Z"}
{"level":"warn","message":"[Analyzer] Failed to analyze 0xa65f99e29edae4f2345cbbe28fd7b1e4fb389b5d: Analysis timeout","timestamp":"2026-08-04T18:29:00.861Z"}
{"level":"warn","message":"[Analyzer] Failed to analyze 0x30564c240dd348dc4be26d09c3599f2e3a9ed424: Analysis timeout","timestamp":"2026-08-04T18:29:00.861Z"}
{"level":"warn","message":"[Analyzer] Failed to analyze 0xcf86435b321dfb22930bc3f8c4d9c630d57c867b: Analysis timeout","timestamp":"2026-08-04T18:29:00.861Z"}
{"level":"warn","message":"[Analyzer] Failed to analyze 0xcf71cf1edcc80037013ce03ceddd841e2b26f55b: Analysis timeout","timestamp":"2026-08-04T18:29:00.861Z"}
{"level":"warn","message":"[Analyzer] Failed to analyze 0x15d9cdbfddd11a644c6346a56067caf5ae2e2e72: Analysis timeout","timestamp":"2026-08-04T18:29:00.861Z"}
{"level":"warn","message":"[Analyzer] Failed to analyze 0x5fd9dd43062c546184e365871ad8a243e1a7ea52: Analysis timeout","timestamp":"2026-08-04T18:29:00.862Z"}
{"level":"warn","message":"[Analyzer] Failed to analyze 0x0463ca59e096cbca164399b17935e142f0f44aef: Analysis timeout","timestamp":"2026-08-04T18:29:00.866Z"}
{"level":"warn","message":"[Analyzer] Failed to analyze 0x89fafcbb10d4a6354a22fae1e8efca21f25bd8ab: Analysis timeout","timestamp":"2026-08-04T18:29:00.866Z"}
{"level":"warn","message":"[Analyzer] Failed to analyze 0xaf38bf1b17b00d19ac7472dcb28d6ffaadbbd2ee: Analysis timeout","timestamp":"2026-08-04T18:29:00.866Z"}
{"level":"warn","message":"[Analyzer] Failed to analyze 0x72b5f8ecb3d2a25309aa7c64dea394a738da041e: Analysis timeout","timestamp":"2026-08-04T18:29:00.867Z"}
{"level":"warn","message":"[Analyzer] Failed to analyze 0xdfcd07876b6dd39c7ce621102120994a2b872611: Analysis timeout","timestamp":"2026-08-04T18:29:00.867Z"}
{"level":"warn","message":"[Analyzer] Failed to analyze 0x892511f73b382d1fc243f697bb0561bd7496a682: Analysis timeout","timestamp":"2026-08-04T18:29:00.867Z"}
{"level":"warn","message":"[Analyzer] Failed to analyze 0x024722afb0458e1034797bb2df37adb02b20e3c6: Analysis timeout","timestamp":"2026-08-04T18:29:00.867Z"}
{"level":"warn","message":"[Analyzer] Failed to analyze 0x15039628e863899b5f0699bcc91004f6ed24be52: Analysis timeout","timestamp":"2026-08-04T18:29:00.868Z"}
{"level":"warn","message":"[Analyzer] Failed to analyze 0x25e3f45415de1f3bfed6a0eb65f633b4c8edea45: Analysis timeout","timestamp":"2026-08-04T18:29:00.868Z"}
{"level":"warn","message":"[Analyzer] Failed to analyze 0x5ddd2d8c5e3499684ebed31ca5aeeb2cd3d2e84d: Analysis timeout","timestamp":"2026-08-04T18:29:00.868Z"}
{"level":"warn","message":"[Analyzer] Failed to analyze 0xb772928634c7b74ee58e2d52dbbd3990a0462a1c: Analysis timeout","timestamp":"2026-08-04T18:29:00.868Z"}
{"level":"warn","message":"[Analyzer] Failed to analyze 0x79e3873e8a9cab2324ef8b4ad32a0ce755c36dfd: Analysis timeout","timestamp":"2026-08-04T18:29:00.868Z"}
{"level":"warn","message":"[Analyzer] Failed to analyze 0x7fb642c8854b9e288e50ffa3248dab648a650f08: Analysis timeout","timestamp":"2026-08-04T18:29:00.869Z"}
{"level":"warn","message":"[Analyzer] Failed to analyze 0x246d10d976e229a748983289d9a1fe6e2b7ed163: Analysis timeout","timestamp":"2026-08-04T18:29:00.869Z"}
{"level":"warn","message":"[Analyzer] Failed to analyze 0xd6f05b19bf2c05c264a646b7757057d774661c5c: Analysis timeout","timestamp":"2026-08-04T18:29:00.870Z"}
{"level":"warn","message":"[Analyzer] Failed to analyze 0x14331c1ecd863c98a368a428c1e29ab1af9157de: Analysis timeout","timestamp":"2026-08-04T18:29:00.871Z"}
{"level":"warn","message":"[Analyzer] Failed to analyze 0x22da4c608efaf089336fc164eb3c219b3696f935: Analysis timeout","timestamp":"2026-08-04T18:29:00.871Z"}
{"level":"warn","message":"[Analyzer] Failed to analyze 0xf00b4eb377c097a811f6be6aa90a2371c41bbd97: Analysis timeout","timestamp":"2026-08-04T18:29:00.871Z"}
{"level":"warn","message":"[Analyzer] Failed to analyze 0x9b784820ccd061ed9036706ae4e06f8b466f104f: Analysis timeout","timestamp":"2026-08-04T18:29:00.871Z"}
{"level":"warn","message":"[Analyzer] Failed to analyze 0x4fa32d6a67c2cceb842e4279eee056e74e980028: Analysis timeout","timestamp":"2026-08-04T18:29:00.871Z"}
{"level":"warn","message":"[Analyzer] Failed to analyze 0x3c042e2c8cc90575188906fd2ef1e73ec29526af: Analysis timeout","timestamp":"2026-08-04T18:29:00.871Z"}
{"level":"warn","message":"[Analyzer] Failed to analyze 0xb7e92d13241ba46a3a48e5127fb126e89657a838: Analysis timeout","timestamp":"2026-08-04T18:29:00.872Z"}
{"level":"warn","message":"[Analyzer] Failed to analyze 0x5c02264c4b0651a85759a1b929c73b15bd31a589: Analysis timeout","timestamp":"2026-08-04T18:29:00.872Z"}
{"level":"warn","message":"[Analyzer] Failed to analyze 0x19c543f8649b12a997f35342e2c9263ee9ca5d88: Analysis timeout","timestamp":"2026-08-04T18:29:00.873Z"}
{"level":"warn","message":"[Analyzer] Failed to analyze 0x8788ed64b3b99d4323838000206c7d61fe4dec29: Analysis timeout","timestamp":"2026-08-04T18:29:00.873Z"}
{"level":"warn","message":"[Analyzer] Failed to analyze 0xffb70c83f72d1f885fb9f8cf714ef22603ddd02c: Analysis timeout","timestamp":"2026-08-04T18:29:00.873Z"}
{"level":"warn","message":"[Analyzer] Failed to analyze 0x5711c3041ff30bdb55728464d0c8a2b3b2684015: Analysis timeout","timestamp":"2026-08-04T18:29:00.873Z"}
{"level":"warn","message":"[Analyzer] Failed to analyze 0xd0823ad8082ce9ead0c775b93875f38f12215166: Analysis timeout","timestamp":"2026-08-04T18:29:00.874Z"}
{"level":"warn","message":"[Analyzer] Failed to analyze 0x15d0bb7c496d58adb975f4d86d36598f1abfe424: Analysis timeout","timestamp":"2026-08-04T18:29:00.876Z"}
{"level":"warn","message":"[Analyzer] Failed to analyze 0xdbf305cecc98ba5f5d5baa3ba2d2956d7bf9624e: Analysis timeout","timestamp":"2026-08-04T18:29:00.876Z"}
{"level":"warn","message":"[Analyzer] Failed to analyze 0x10717c2d70bc20374eaecc9015a619fedc3264f1: Analysis timeout","timestamp":"2026-08-04T18:29:00.876Z"}
{"level":"warn","message":"[Analyzer] Failed to analyze 0xcca00de5dcf12102900e2334ab9be7ba1fddfde0: Analysis timeout","timestamp":"2026-08-04T18:29:00.877Z"}
{"level":"warn","message":"[Analyzer] Failed to analyze 0x522177079be34b036df0d543149be4ff7ad56acd: Analysis timeout","timestamp":"2026-08-04T18:29:00.877Z"}
{"level":"warn","message":"[Analyzer] Failed to analyze 0x5ceca529551c1560e3cca76de550efa1b503270a: Analysis timeout","timestamp":"2026-08-04T18:29:00.877Z"}
{"level":"warn","message":"[Analyzer] Failed to analyze 0xcd6220c26d9ffd0443a58476b859b791f24fb8f4: Analysis timeout","timestamp":"2026-08-04T18:29:00.877Z"}
{"level":"warn","message":"[Analyzer] Failed to analyze 0x1cc0b69bde062123fb2f52ef5bdbbc3936ad1adc: Analysis timeout","timestamp":"2026-08-04T18:29:00.877Z"}
{"level":"warn","message":"[Analyzer] Failed to analyze 0x3d3faf58a9f4d62c12007ced8111976694de21c8: Analysis timeout","timestamp":"2026-08-04T18:29:00.877Z"}
{"level":"warn","message":"[Analyzer] Failed to analyze 0xb3d05fb18f5eefdde474cf2f26cd56e364c7831b: Analysis timeout","timestamp":"2026-08-04T18:29:00.881Z"}
{"level":"warn","message":"[Analyzer] Failed to analyze 0x3c31bda7a66258193af972280258c1dc1ccf6acb: Analysis timeout","timestamp":"2026-08-04T18:29:00.881Z"}
{"level":"warn","message":"[Analyzer] Failed to analyze 0x81e8a1301b354d44da6b63e4fa1b73780a37d2b6: Analysis timeout","timestamp":"2026-08-04T18:29:00.881Z"}
{"level":"warn","message":"[Analyzer] Failed to analyze 0x2306e970470e3f50e77b7df1b50be9a3e5799db1: Analysis timeout","timestamp":"2026-08-04T18:29:00.881Z"}
{"level":"warn","message":"[Analyzer] Failed to analyze 0xb5bc08e4673d91e46cde47eb914e4e2c27d04a58: Analysis timeout","timestamp":"2026-08-04T18:29:00.882Z"}
{"level":"warn","message":"[Analyzer] Failed to analyze 0x78546b8787c9e8c0716f5be6ca7a9e9a663ed302: Analysis timeout","timestamp":"2026-08-04T18:29:00.882Z"}
{"level":"warn","message":"[Analyzer] Failed to analyze 0x1b8d88f6be57185ad03c71ef419c12cd89384a5b: Analysis timeout","timestamp":"2026-08-04T18:29:00.882Z"}
{"level":"warn","message":"[Analyzer] Failed to analyze 0x2a7b4f8c09a99d97ca16afcb39b7f47de87a3683: Analysis timeout","timestamp":"2026-08-04T18:29:00.882Z"}
{"level":"warn","message":"[Analyzer] Failed to analyze 0x8f61d27869dbff7feb43703663812cc97058a115: Analysis timeout","timestamp":"2026-08-04T18:29:00.882Z"}
{"level":"warn","message":"[Analyzer] Failed to analyze 0x0fb74d66df64af6b0c592c02b359734af4ed6ac1: Analysis timeout","timestamp":"2026-08-04T18:29:00.883Z"}
{"level":"warn","message":"[Analyzer] Failed to analyze 0x1009d8f1a84dcefee3a2b26d48a6f68e812e22ec: Analysis timeout","timestamp":"2026-08-04T18:29:00.883Z"}
{"level":"warn","message":"[Analyzer] Failed to analyze 0x580aa9df627a396f32ae649ec427a4cb430a5ed2: Analysis timeout","timestamp":"2026-08-04T18:29:00.883Z"}
{"level":"warn","message":"[Analyzer] Failed to analyze 0xc407a834fb9b973485d9c0199c1e5db1ab81eb35: Analysis timeout","timestamp":"2026-08-04T18:29:00.883Z"}
{"level":"warn","message":"[Analyzer] Failed to analyze 0x3f45fdf743fd61bd0387dd1646aa8cbd068f77dc: Analysis timeout","timestamp":"2026-08-04T18:29:00.883Z"}
{"level":"warn","message":"[Analyzer] Failed to analyze 0x326ea275d7e5c39fb1a1e74081adb49a3d3b8cfc: Analysis timeout","timestamp":"2026-08-04T18:29:00.883Z"}
{"level":"warn","message":"[Analyzer] Failed to analyze 0x2364aab0a2d82cd006d0e2856521e69eac2ef231: Analysis timeout","timestamp":"2026-08-04T18:29:00.884Z"}
{"level":"warn","message":"[Analyzer] Failed to analyze 0x8bd660c8e620e1580b0496f3dfe905d7ddbb453a: Analysis timeout","timestamp":"2026-08-04T18:29:00.884Z"}
{"level":"warn","message":"[Analyzer] Failed to analyze 0xeb000480d0ac8bbd0808ff0e3841ab362e77c64d: Analysis timeout","timestamp":"2026-08-04T18:29:00.885Z"}
{"level":"warn","message":"[Analyzer] Failed to analyze 0x9af7bced052a48f951c73c53a84c071ab5235e86: Analysis timeout","timestamp":"2026-08-04T18:29:00.886Z"}
{"level":"warn","message":"[Analyzer] Failed to analyze 0xcd52be6721c7193e7809a8112a32044f5844eb24: Analysis timeout","timestamp":"2026-08-04T18:29:00.886Z"}
{"level":"warn","message":"[Analyzer] Failed to analyze 0x0cd701c50ae052f697c8fa5112336ebb7dbc6b46: Analysis timeout","timestamp":"2026-08-04T18:29:00.886Z"}
{"level":"warn","message":"[Analyzer] Failed to analyze 0x33b68858732f85b448da954b9d1530c1b4a9559a: Analysis timeout","timestamp":"2026-08-04T18:29:00.886Z"}
{"level":"warn","message":"[Analyzer] Failed to analyze 0x42f149f0e443e07baac89023ecac12930eab65bc: Analysis timeout","timestamp":"2026-08-04T18:29:00.886Z"}
{"level":"warn","message":"[Analyzer] Failed to analyze 0x23db499a09b5b5cb3adf00f8e08794c5f736d993: Analysis timeout","timestamp":"2026-08-04T18:29:00.887Z"}
{"level":"warn","message":"[Analyzer] Failed to analyze 0x5a1fad96231081f7605409dc21bdfba386b72a14: Analysis timeout","timestamp":"2026-08-04T18:29:00.888Z"}
{"level":"warn","message":"[Analyzer] Failed to analyze 0x498c9ead07f19130c7f60555306a0ceeb0099aed: Analysis timeout","timestamp":"2026-08-04T18:29:00.889Z"}
{"level":"warn","message":"[Analyzer] Failed to analyze 0x1f0f4306c88787a82605205f956e3b3a0b2bf055: Analysis timeout","timestamp":"2026-08-04T18:29:00.891Z"}
{"level":"warn","message":"[Analyzer] Failed to analyze 0xae4f9307b9b1beb76042b8e0d76e0021372c0b84: Analysis timeout","timestamp":"2026-08-04T18:29:00.891Z"}
{"level":"warn","message":"[Analyzer] Failed to analyze 0x06c27294cb46e9b878a91d300207c1c587f2db99: Analysis timeout","timestamp":"2026-08-04T18:29:00.892Z"}
{"level":"warn","message":"[Analyzer] Failed to analyze 0x8b05b481a1a762a416577370b4d88030f69d34f3: Analysis timeout","timestamp":"2026-08-04T18:29:00.892Z"}
{"level":"warn","message":"[Analyzer] Failed to analyze 0x4656d68efd4e7b5b7d0cfd37af7a8ff595f2f44b: Analysis timeout","timestamp":"2026-08-04T18:29:00.892Z"}
{"level":"warn","message":"[Analyzer] Failed to analyze 0x042b8e4a99f2b8390d8e5f9e00d6d2e85d47f0ce: Analysis timeout","timestamp":"2026-08-04T18:29:00.892Z"}
{"level":"warn","message":"[Analyzer] Failed to analyze 0x77d8781b1ae6f748aade95741c30ac856ff033bf: Analysis timeout","timestamp":"2026-08-04T18:29:00.894Z"}
{"level":"warn","message":"[Analyzer] Failed to analyze 0x387a0313a665bfd91a2c14be8208f2a5a4468edb: Analysis timeout","timestamp":"2026-08-04T18:29:00.894Z"}
{"level":"warn","message":"[Analyzer] Failed to analyze 0xdce0ec91a1bf237ec7691627ec2ae9a1d2a462f6: Analysis timeout","timestamp":"2026-08-04T18:29:00.895Z"}
{"level":"warn","message":"[Analyzer] Failed to analyze 0x8df787c388525a8f7ddfa4398695be9067394f86: Analysis timeout","timestamp":"2026-08-04T18:29:00.896Z"}
{"level":"warn","message":"[Analyzer] Failed to analyze 0x8df787c388525a8f7ddfa4398695be9067394f86: Analysis timeout","timestamp":"2026-08-04T18:29:00.896Z"}
{"level":"warn","message":"[Analyzer] Failed to analyze 0x00efb4ca6b1925ed8d8d92ad49cffedc383c504d: Analysis timeout","timestamp":"2026-08-04T18:29:00.896Z"}
{"level":"warn","message":"[Analyzer] Failed to analyze 0x191e3064d192e96e3319c970f6a561aed92ec430: Analysis timeout","timestamp":"2026-08-04T18:29:00.896Z"}
{"level":"warn","message":"[Analyzer] Failed to analyze 0x35dfc189dc8974c230882bfe64a3d7629633a4d6: Analysis timeout","timestamp":"2026-08-04T18:29:00.897Z"}
{"level":"warn","message":"[Analyzer] Failed to analyze 0x3e9ff108c6df30539c1b33f1a564a70ef93cb6d1: Analysis timeout","timestamp":"2026-08-04T18:29:00.897Z"}
{"level":"warn","message":"[Analyzer] Failed to analyze 0xcecb9a3f0308de45a15edb25109be841acf78791: Analysis timeout","timestamp":"2026-08-04T18:29:00.897Z"}
{"level":"warn","message":"[Analyzer] Failed to analyze 0x1bdbd2d04a9fd0a940d610f686eb2e8ce027d6bc: Analysis timeout","timestamp":"2026-08-04T18:29:00.897Z"}
{"level":"warn","message":"[Analyzer] Failed to analyze 0x98148e55b548e3b4bc83f7412bc6c64f61e06856: Analysis timeout","timestamp":"2026-08-04T18:29:00.899Z"}
{"level":"warn","message":"[Analyzer] Failed to analyze 0x2fc571f7e374b07ede15188f14595ed6dd0ab202: Analysis timeout","timestamp":"2026-08-04T18:29:00.900Z"}
{"level":"warn","message":"[Analyzer] Failed to analyze 0x77dffe87bec9a7f8b01e2fca819c9c496c373b14: Analysis timeout","timestamp":"2026-08-04T18:29:00.900Z"}
{"level":"warn","message":"[Analyzer] Failed to analyze 0x74b5bb21fb29cec0da5c465dbf59f8da7b30200c: Analysis timeout","timestamp":"2026-08-04T18:29:00.900Z"}
{"level":"warn","message":"[Analyzer] Failed to analyze 0x33b77a75634c1b58b177e52df875fcb25e4d2a59: Analysis timeout","timestamp":"2026-08-04T18:29:00.901Z"}
{"level":"warn","message":"[Analyzer] Failed to analyze 0x99329e25ba4f6316501cf0fc3bbd0c553002f8cf: Analysis timeout","timestamp":"2026-08-04T18:29:00.901Z"}
{"level":"warn","message":"[Analyzer] Failed to analyze 0x3eaf0cca8a4222981abc0f06f1402b101954559b: Analysis timeout","timestamp":"2026-08-04T18:29:00.901Z"}
{"level":"warn","message":"[Analyzer] Failed to analyze 0xb22e5cae3cf80032d3a639144aaf165fe8a2bd8c: Analysis timeout","timestamp":"2026-08-04T18:29:00.901Z"}
{"level":"info","message":"Page 1: +494 human targets | 2 bots filtered","timestamp":"2026-08-04T18:29:12.865Z"}
{"level":"info","message":"[Stage 2] Run complete. Added: 494 | Filtered: 2 bots | Total in DB: 548","timestamp":"2026-08-04T18:29:14.988Z"}
{"level":"info","message":"Page 1: +577 human targets | 15 bots filtered","timestamp":"2026-08-04T18:29:15.053Z"}
{"level":"info","message":"[Stage 2] Run complete. Added: 577 | Filtered: 15 bots | Total in DB: 711","timestamp":"2026-08-04T18:29:17.449Z"}
{"level":"info","message":"Received SIGINT. Shutting down gracefully...","timestamp":"2026-08-04T18:32:55.565Z"}
{"level":"info","message":"[Stage 2 Analyzer] Running for chain: bsc (ID: 56)","timestamp":"2026-08-04T18:32:58.749Z"}
{"level":"info","message":"Starting Stage 2 Behavioral Analyzer (continuous mode)","timestamp":"2026-08-04T18:32:58.752Z"}
{"level":"info","message":"Polling interval: 18000s | Chain: bsc | Lookback: 10000 blocks","timestamp":"2026-08-04T18:32:58.752Z"}
{"level":"info","message":"Fetching qualified pairs and running Stage 1 + Stage 2 heuristics...","timestamp":"2026-08-04T18:32:58.753Z"}
{"level":"warn","message":"[GetMaxBlock] Attempt 1 failed: TypeError: fetch failed","timestamp":"2026-08-04T18:33:47.788Z"}
{"level":"info","message":"Received SIGINT. Shutting down gracefully...","timestamp":"2026-08-04T18:33:55.385Z"}
{"level":"info","message":"[Stage 2 Analyzer] Running for chain: ethereum (ID: 1)","timestamp":"2026-08-04T18:33:58.009Z"}
{"level":"info","message":"Starting Stage 2 Behavioral Analyzer (continuous mode)","timestamp":"2026-08-04T18:33:58.012Z"}
{"level":"info","message":"Polling interval: 18000s | Chain: ethereum | Lookback: 7200 blocks","timestamp":"2026-08-04T18:33:58.013Z"}
{"level":"info","message":"Fetching qualified pairs and running Stage 1 + Stage 2 heuristics...","timestamp":"2026-08-04T18:33:58.013Z"}
{"level":"warn","message":"[GetMaxBlock] Attempt 2 failed: TypeError: fetch failed","timestamp":"2026-08-04T18:34:37.782Z"}
{"level":"info","message":"Threshold block for 40-day window: 25394810 (max block: 25682810)","timestamp":"2026-08-04T18:34:41.841Z"}
{"level":"info","message":"Threshold block for 40-day window: 112618100 (max block: 113770100)","timestamp":"2026-08-04T18:34:42.355Z"}
{"level":"info","message":"Fetched 15 raw pairs (page 1). Running Stage 1 + Stage 2 checks...","timestamp":"2026-08-04T18:34:46.384Z"}
{"level":"info","message":"Fetched 2 raw pairs (page 1). Running Stage 1 + Stage 2 checks...","timestamp":"2026-08-04T18:34:46.943Z"}
{"level":"info","message":"Page 1: All 2 rejected by heuristics.","timestamp":"2026-08-04T18:34:50.908Z"}
{"level":"info","message":"[Stage 2] Run complete. Added: 0 | Filtered: 2 bots | Total in DB: 548","timestamp":"2026-08-04T18:34:52.675Z"}
{"level":"info","message":"Page 1: All 15 rejected by heuristics.","timestamp":"2026-08-04T18:35:03.940Z"}
{"level":"info","message":"[Stage 2] Run complete. Added: 0 | Filtered: 15 bots | Total in DB: 711","timestamp":"2026-08-04T18:35:04.824Z"}
{"level":"info","message":"Received SIGINT. Shutting down gracefully...","timestamp":"2026-08-04T18:36:19.368Z"}
{"level":"info","message":"Received SIGINT. Shutting down gracefully...","timestamp":"2026-08-04T18:36:19.536Z"}
{"level":"info","message":"[Multi‑chain] Collector started on ethereum (Ethereum), RPC: https://eth-mainnet.g.alchemy.com/v2/aV47nGP_5mNeGM8mQpTwD","timestamp":"2026-08-04T18:43:31.763Z"}
{"level":"info","message":"[BACKFILL MODE] Will process last 40 days of historical data","timestamp":"2026-08-04T18:43:31.766Z"}
{"level":"info","message":"[Stage 2 Analyzer] Running for chain: ethereum (ID: 1)","timestamp":"2026-08-04T21:01:43.995Z"}
{"level":"info","message":"Starting Stage 2 Behavioral Analyzer (continuous mode)","timestamp":"2026-08-04T21:01:43.998Z"}
{"level":"info","message":"Polling interval: 18000s | Chain: ethereum | Lookback: 7200 blocks","timestamp":"2026-08-04T21:01:43.998Z"}
{"level":"info","message":"Fetching qualified pairs and running Stage 1 + Stage 2 heuristics...","timestamp":"2026-08-04T21:01:43.999Z"}
{"level":"info","message":"Threshold block for 40-day window: 25107563 (max block: 25395563)","timestamp":"2026-08-04T21:01:46.177Z"}
{"level":"info","message":"Fetched 1 raw pairs (page 1). Running Stage 1 + Stage 2 checks...","timestamp":"2026-08-04T21:01:48.033Z"}
{"level":"info","message":"Page 1: All 1 rejected by heuristics.","timestamp":"2026-08-04T21:02:31.043Z"}
{"level":"info","message":"[Stage 2] Run complete. Added: 0 | Filtered: 1 bots | Total in DB: 41","timestamp":"2026-08-04T21:02:38.560Z"}
{"level":"info","message":"Received SIGINT. Shutting down gracefully...","timestamp":"2026-08-04T21:03:25.074Z"}
{"level":"info","message":"[Multi‑chain] Collector started on ethereum (Ethereum), RPC: https://eth-mainnet.g.alchemy.com/v2/aV47nGP_5mNeGM8mQpTwD","timestamp":"2026-08-04T21:05:48.008Z"}
{"level":"info","message":"[BACKFILL MODE] Will process last 40 days of historical data","timestamp":"2026-08-04T21:05:48.010Z"}
{"level":"info","message":"[Multi‑chain] Collector started on bsc (BNB Smart Chain), RPC: https://bnb-mainnet.g.alchemy.com/v2/_geTdmRcfGSctGRB6wmXR","timestamp":"2026-08-04T21:46:56.760Z"}
{"level":"info","message":"[BACKFILL MODE] Will process last 40 days of historical data","timestamp":"2026-08-04T21:46:56.762Z"}
{"level":"info","message":"[Multi‑chain] Collector started on polygon (Polygon), RPC: https://polygon-mainnet.g.alchemy.com/v2/jlk0ldsZW3tVAJfQJ6ykX","timestamp":"2026-08-04T21:47:25.336Z"}
{"level":"info","message":"[BACKFILL MODE] Will process last 40 days of historical data","timestamp":"2026-08-04T21:47:25.338Z"}
{"level":"info","message":"[Multi‑chain] Collector started on bsc (BNB Smart Chain), RPC: https://bnb-mainnet.g.alchemy.com/v2/_geTdmRcfGSctGRB6wmXR","timestamp":"2026-08-04T21:50:46.727Z"}
{"level":"info","message":"[BACKFILL MODE] Will process last 40 days of historical data","timestamp":"2026-08-04T21:50:46.728Z"}
{"level":"info","message":"[Multi‑chain] Collector started on polygon (Polygon), RPC: https://polygon-mainnet.g.alchemy.com/v2/jlk0ldsZW3tVAJfQJ6ykX","timestamp":"2026-08-04T21:50:53.746Z"}
{"level":"info","message":"[BACKFILL MODE] Will process last 40 days of historical data","timestamp":"2026-08-04T21:50:53.748Z"}
{"level":"info","message":"[Multi‑chain] Collector started on bsc (BNB Smart Chain), RPC: https://bnb-mainnet.g.alchemy.com/v2/_geTdmRcfGSctGRB6wmXR","timestamp":"2026-08-04T22:01:06.343Z"}
{"level":"info","message":"[BACKFILL MODE] Will process last 40 days of historical data","timestamp":"2026-08-04T22:01:06.346Z"}
{"level":"info","message":"[Multi‑chain] Collector started on polygon (Polygon), RPC: https://polygon-mainnet.g.alchemy.com/v2/jlk0ldsZW3tVAJfQJ6ykX","timestamp":"2026-08-04T22:01:10.781Z"}
{"level":"info","message":"[BACKFILL MODE] Will process last 40 days of historical data","timestamp":"2026-08-04T22:01:10.783Z"}
