{"level":"info","message":"[Stage 2 Analyzer] Running for chain: ethereum (ID: 1)","timestamp":"2026-08-06T02:56:18.231Z"}
{"level":"info","message":"Starting Stage 2 Behavioral Analyzer (continuous mode)","timestamp":"2026-08-06T02:56:18.234Z"}
{"level":"info","message":"Polling interval: 18000s | Chain: ethereum | Lookback: 7200 blocks","timestamp":"2026-08-06T02:56:18.235Z"}
{"level":"info","message":"Fetching qualified pairs and running Stage 1 + Stage 2 heuristics...","timestamp":"2026-08-06T02:56:18.235Z"}
{"level":"info","message":"Threshold block for 40-day window: 25396608 (max block: 25684608)","timestamp":"2026-08-06T02:56:19.356Z"}
{"level":"info","message":"Fetched 100 raw pairs (page 1). Running Stage 1 + Stage 2 checks...","timestamp":"2026-08-06T02:56:25.719Z"}
{"level":"info","message":"[Analyzer] Processing 1/100: 0x73d53553ee552c1f2a9722e6407d43e41e19593f","timestamp":"2026-08-06T02:56:25.720Z"}
{"level":"info","message":"[Analyzer] Processing 2/100: 0x37305b1cd40574e4c5ce33f8e8306be057fd7341","timestamp":"2026-08-06T02:56:25.727Z"}
{"level":"info","message":"[Analyzer] Processing 3/100: 0x37305b1cd40574e4c5ce33f8e8306be057fd7341","timestamp":"2026-08-06T02:56:25.731Z"}
{"level":"info","message":"[Analyzer] Processing 4/100: 0x37305b1cd40574e4c5ce33f8e8306be057fd7341","timestamp":"2026-08-06T02:56:25.734Z"}
{"level":"info","message":"[Analyzer] Processing 5/100: 0x37305b1cd40574e4c5ce33f8e8306be057fd7341","timestamp":"2026-08-06T02:56:25.737Z"}
{"level":"info","message":"[Analyzer] Processing 6/100: 0x37305b1cd40574e4c5ce33f8e8306be057fd7341","timestamp":"2026-08-06T02:56:25.738Z"}
{"level":"info","message":"[Analyzer] Processing 7/100: 0x37305b1cd40574e4c5ce33f8e8306be057fd7341","timestamp":"2026-08-06T02:56:25.740Z"}
{"level":"info","message":"[Analyzer] Processing 8/100: 0x3d9be1b9f48bf2be89ebf10752dbd1db968d89f8","timestamp":"2026-08-06T02:56:25.741Z"}
{"level":"info","message":"[Analyzer] Processing 9/100: 0x37305b1cd40574e4c5ce33f8e8306be057fd7341","timestamp":"2026-08-06T02:56:25.744Z"}
{"level":"info","message":"[Analyzer] Processing 10/100: 0x37305b1cd40574e4c5ce33f8e8306be057fd7341","timestamp":"2026-08-06T02:56:25.744Z"}
{"level":"info","message":"[Analyzer] Processing 11/100: 0xbd22c4c78da827c686217ba17946de11b489855e","timestamp":"2026-08-06T02:56:25.745Z"}
{"level":"info","message":"[Analyzer] Processing 12/100: 0x49525914a18e5d70ac1325d76ed75548aa33fd8f","timestamp":"2026-08-06T02:56:25.746Z"}
{"level":"info","message":"[Analyzer] Processing 13/100: 0x535be2ab3afef565ebba9df6297d17b228a87a19","timestamp":"2026-08-06T02:56:25.748Z"}
{"level":"info","message":"[Analyzer] Processing 14/100: 0x37305b1cd40574e4c5ce33f8e8306be057fd7341","timestamp":"2026-08-06T02:56:25.749Z"}
{"level":"info","message":"[Analyzer] Processing 15/100: 0x5cea74f8ca48c3239731ea9b2de59a6938b0277a","timestamp":"2026-08-06T02:56:25.750Z"}
{"level":"info","message":"[Analyzer] Processing 16/100: 0x37305b1cd40574e4c5ce33f8e8306be057fd7341","timestamp":"2026-08-06T02:56:25.751Z"}
{"level":"info","message":"[Analyzer] Processing 17/100: 0x37305b1cd40574e4c5ce33f8e8306be057fd7341","timestamp":"2026-08-06T02:56:25.752Z"}
{"level":"info","message":"[Analyzer] Processing 18/100: 0x37305b1cd40574e4c5ce33f8e8306be057fd7341","timestamp":"2026-08-06T02:56:25.752Z"}
{"level":"info","message":"[Analyzer] Processing 19/100: 0xe3195053f15aae88bb69c7ece0f4922e3e5a7b27","timestamp":"2026-08-06T02:56:25.753Z"}
{"level":"info","message":"[Analyzer] Processing 20/100: 0xdd58f9e5488ae2793c2f749751bbad8bd64ee52a","timestamp":"2026-08-06T02:56:25.754Z"}
{"level":"info","message":"[Analyzer] Processing 21/100: 0xc20e33daeda1a22205ffabcc3a003f3df2bf54d2","timestamp":"2026-08-06T02:56:25.757Z"}
{"level":"info","message":"[Analyzer] Processing 22/100: 0xf2d2dda7d77a57dbce94fa43a9aa0a1f7b4f5745","timestamp":"2026-08-06T02:56:25.758Z"}
{"level":"info","message":"[Analyzer] Processing 23/100: 0x82d47ff615d05b7fbafb4fff67bd8aef235b68bb","timestamp":"2026-08-06T02:56:25.759Z"}
{"level":"info","message":"[Analyzer] Processing 24/100: 0x37305b1cd40574e4c5ce33f8e8306be057fd7341","timestamp":"2026-08-06T02:56:25.761Z"}
{"level":"info","message":"[Analyzer] Processing 25/100: 0xd0561d95dd96b1328eba7f18c85eabfe7316b678","timestamp":"2026-08-06T02:56:25.762Z"}
{"level":"info","message":"[Analyzer] Processing 26/100: 0x72de41f2f099e52ce6fc3765c750fe647757d851","timestamp":"2026-08-06T02:56:25.762Z"}
{"level":"info","message":"[Analyzer] Processing 27/100: 0xe623215ab8859b816ab590275d410c1817e77f9e","timestamp":"2026-08-06T02:56:25.763Z"}
{"level":"info","message":"[Analyzer] Processing 28/100: 0x73781209f3b0f195d0d3fa9d6b95bb61c54c1ca6","timestamp":"2026-08-06T02:56:25.764Z"}
{"level":"info","message":"[Analyzer] Processing 29/100: 0x5e284db79c436e7c99124bf02d37f2005bfba7a5","timestamp":"2026-08-06T02:56:25.764Z"}
{"level":"info","message":"[Analyzer] Processing 30/100: 0x54011bc74553295db861fe7976ffb67494674d15","timestamp":"2026-08-06T02:56:25.765Z"}
{"level":"info","message":"[Analyzer] Processing 31/100: 0x7fa3c5626f1a5503753e8792e57e2a33ab959b45","timestamp":"2026-08-06T02:56:25.765Z"}
{"level":"info","message":"[Analyzer] Processing 32/100: 0x576de01f2b10d70a4ca52b3edc8ed4291605673a","timestamp":"2026-08-06T02:56:25.768Z"}
{"level":"info","message":"[Analyzer] Processing 33/100: 0x9055f009bb6fd78ba3f434c50dd59c92f5811d3b","timestamp":"2026-08-06T02:56:25.769Z"}
{"level":"info","message":"[Analyzer] Processing 34/100: 0x79806be63da85d8142432bfb8c3e3978f1e37e57","timestamp":"2026-08-06T02:56:25.769Z"}
{"level":"info","message":"[Analyzer] Processing 35/100: 0x2d3e6f78efca59f15220b4478cfc5d06daaff504","timestamp":"2026-08-06T02:56:25.770Z"}
{"level":"info","message":"[Analyzer] Processing 36/100: 0x7e64155840215ff44de050f06d622dbbbba07020","timestamp":"2026-08-06T02:56:25.770Z"}
{"level":"info","message":"[Analyzer] Processing 37/100: 0x37305b1cd40574e4c5ce33f8e8306be057fd7341","timestamp":"2026-08-06T02:56:25.771Z"}
{"level":"info","message":"[Analyzer] Processing 38/100: 0x37305b1cd40574e4c5ce33f8e8306be057fd7341","timestamp":"2026-08-06T02:56:25.772Z"}
{"level":"info","message":"[Analyzer] Processing 39/100: 0x70dfd3ebb6952bf9264379af40f2293bda9361fe","timestamp":"2026-08-06T02:56:25.772Z"}
{"level":"info","message":"[Analyzer] Processing 40/100: 0x0a029258188f154c50e8bcbd7f541d1e2afa5b6b","timestamp":"2026-08-06T02:56:25.773Z"}
{"level":"info","message":"[Analyzer] Processing 41/100: 0x37305b1cd40574e4c5ce33f8e8306be057fd7341","timestamp":"2026-08-06T02:56:25.773Z"}
{"level":"info","message":"[Analyzer] Processing 42/100: 0x8481a43a7290ee2689671eedbf4ab3b0d2490116","timestamp":"2026-08-06T02:56:25.773Z"}
{"level":"info","message":"[Analyzer] Processing 43/100: 0x8b820fe67e8367d322d0c1bfc809cd9fe478df52","timestamp":"2026-08-06T02:56:25.775Z"}
{"level":"info","message":"[Analyzer] Processing 44/100: 0xc1be60d9a31493b333c884fcc0fb4c7bed92ecfe","timestamp":"2026-08-06T02:56:25.775Z"}
{"level":"info","message":"[Analyzer] Processing 45/100: 0x9c6df4b18d2aecfb587a81bcfcd3d26d4086f3c6","timestamp":"2026-08-06T02:56:25.776Z"}
{"level":"info","message":"[Analyzer] Processing 46/100: 0xc43a3c86070ba11fd22f80e7334b86b50eaed071","timestamp":"2026-08-06T02:56:25.778Z"}
{"level":"info","message":"[Analyzer] Processing 47/100: 0x6bf1fbfa3ace0fc99a9a427da7f3050e20f145c4","timestamp":"2026-08-06T02:56:25.778Z"}
{"level":"info","message":"[Analyzer] Processing 48/100: 0x25ff5e2704f13d65965a8b95e7e9bfdf8cca168e","timestamp":"2026-08-06T02:56:25.779Z"}
{"level":"info","message":"[Analyzer] Processing 49/100: 0x97ddb07bfd955aeafe3d4666d13ef06e77da29ba","timestamp":"2026-08-06T02:56:25.779Z"}
{"level":"info","message":"[Analyzer] Processing 50/100: 0x971ca6c5956d219cc64d7eec1c883e4c685f68ba","timestamp":"2026-08-06T02:56:25.781Z"}
{"level":"info","message":"[Analyzer] Processing 51/100: 0x47e420fd614e1136483a1b0937728d7eecd74731","timestamp":"2026-08-06T02:56:25.782Z"}
{"level":"info","message":"[Analyzer] Processing 52/100: 0xf0211d1bd0c8d208c6a5895fac32d5534fdf317a","timestamp":"2026-08-06T02:56:25.783Z"}
{"level":"info","message":"[Analyzer] Processing 53/100: 0x5c8f401bd27aa3e562d7b64427eb3792bbf8e1e3","timestamp":"2026-08-06T02:56:25.784Z"}
{"level":"info","message":"[Analyzer] Processing 54/100: 0x37305b1cd40574e4c5ce33f8e8306be057fd7341","timestamp":"2026-08-06T02:56:25.784Z"}
{"level":"info","message":"[Analyzer] Processing 55/100: 0xac77b44a5f3acc54e3844a609fffd64f182ef931","timestamp":"2026-08-06T02:56:25.785Z"}
{"level":"info","message":"[Analyzer] Processing 56/100: 0x99c8eae9ce4938bf16d0dd91428719a660c7d14f","timestamp":"2026-08-06T02:56:25.785Z"}
{"level":"info","message":"[Analyzer] Processing 57/100: 0xd57430d0b3a8717410c9796ab382c7ce785d69d7","timestamp":"2026-08-06T02:56:25.787Z"}
{"level":"info","message":"[Analyzer] Processing 58/100: 0xb778cc3a515246dca945a92d1ab3d348643ff43f","timestamp":"2026-08-06T02:56:25.788Z"}
{"level":"info","message":"[Analyzer] Processing 59/100: 0x360f7df7a4f1d558e49ef657549a9a355ccadb76","timestamp":"2026-08-06T02:56:25.788Z"}
{"level":"info","message":"[Analyzer] Processing 60/100: 0xc6b8eb63cadf51a566a15c04d981ae857731373a","timestamp":"2026-08-06T02:56:25.789Z"}
{"level":"info","message":"[Analyzer] Processing 61/100: 0x37305b1cd40574e4c5ce33f8e8306be057fd7341","timestamp":"2026-08-06T02:56:25.790Z"}
{"level":"info","message":"[Analyzer] Processing 62/100: 0x37305b1cd40574e4c5ce33f8e8306be057fd7341","timestamp":"2026-08-06T02:56:25.790Z"}
{"level":"info","message":"[Analyzer] Processing 63/100: 0x98ea052c42e2453e140a7067ef02e86d73b1cd3a","timestamp":"2026-08-06T02:56:25.791Z"}
{"level":"info","message":"[Analyzer] Processing 64/100: 0x0702f80982ecf999b15afb7ae8a14a91894677f5","timestamp":"2026-08-06T02:56:25.792Z"}
{"level":"info","message":"[Analyzer] Processing 65/100: 0x887b481920afc316f23936753e6c2e24d90805b1","timestamp":"2026-08-06T02:56:25.793Z"}
{"level":"info","message":"[Analyzer] Processing 66/100: 0x7d1a4a66d1f30866399b212cff55e6c56e263710","timestamp":"2026-08-06T02:56:25.794Z"}
{"level":"info","message":"[Analyzer] Processing 67/100: 0xdb70f94900b7d6a0b53d59583c107591c85a62cb","timestamp":"2026-08-06T02:56:25.794Z"}
{"level":"info","message":"[Analyzer] Processing 68/100: 0x27cb7d3589932e90abcb7547ccd1b9b11b24bfba","timestamp":"2026-08-06T02:56:25.795Z"}
{"level":"info","message":"[Analyzer] Processing 69/100: 0xe9d79582161a70cdde151cf78b790b1771a46061","timestamp":"2026-08-06T02:56:25.796Z"}
{"level":"info","message":"[Analyzer] Processing 70/100: 0x37cc3f9bc224139f9bf6ac23e2f761f2a94f96b2","timestamp":"2026-08-06T02:56:25.797Z"}
{"level":"info","message":"[Analyzer] Processing 71/100: 0xf8f7f1e5401ca4aca95ac70a2b02f9d5e293827c","timestamp":"2026-08-06T02:56:25.797Z"}
{"level":"info","message":"[Analyzer] Processing 72/100: 0x73096c2b4a5746067a70da35fd08020f123a64ab","timestamp":"2026-08-06T02:56:25.799Z"}
{"level":"info","message":"[Analyzer] Processing 73/100: 0xf2763b16aa1ab08e83cc1ca58b4b5ca3b471c786","timestamp":"2026-08-06T02:56:25.800Z"}
{"level":"info","message":"[Analyzer] Processing 74/100: 0x452da82c81a08baa0020b5277ce3a256905ba527","timestamp":"2026-08-06T02:56:25.801Z"}
{"level":"info","message":"[Analyzer] Processing 75/100: 0x4c3bf47d7dadc1cb0249ccef25f4d2961c4cfff8","timestamp":"2026-08-06T02:56:25.801Z"}
{"level":"info","message":"[Analyzer] Processing 76/100: 0x5c8f401bd27aa3e562d7b64427eb3792bbf8e1e3","timestamp":"2026-08-06T02:56:25.802Z"}
{"level":"info","message":"[Analyzer] Processing 77/100: 0x37305b1cd40574e4c5ce33f8e8306be057fd7341","timestamp":"2026-08-06T02:56:25.803Z"}
{"level":"info","message":"[Analyzer] Processing 78/100: 0xc23d2346dba06c9ce04843a059d6a9b3c294574e","timestamp":"2026-08-06T02:56:25.803Z"}
{"level":"info","message":"[Analyzer] Processing 79/100: 0x087dfd7227b134f65cc5876af7b9b116e1cd6b81","timestamp":"2026-08-06T02:56:25.804Z"}
{"level":"info","message":"[Analyzer] Processing 80/100: 0x281d843bbcc494a26d1d15353477431df14ffe9e","timestamp":"2026-08-06T02:56:25.805Z"}
{"level":"info","message":"[Analyzer] Processing 81/100: 0x24f2e177eb2e82fb562de81219abd09356c4196b","timestamp":"2026-08-06T02:56:25.808Z"}
{"level":"info","message":"[Analyzer] Processing 82/100: 0xdff10261d03de342db79d67a25510cda86822974","timestamp":"2026-08-06T02:56:25.808Z"}
{"level":"info","message":"[Analyzer] Processing 83/100: 0xccb723b877fa487b81a17956e3d904468ccace39","timestamp":"2026-08-06T02:56:25.809Z"}
{"level":"info","message":"[Analyzer] Processing 84/100: 0x09bbbc7c65c214224ba53b899d1eb89304181813","timestamp":"2026-08-06T02:56:25.810Z"}
{"level":"info","message":"[Analyzer] Processing 85/100: 0x37305b1cd40574e4c5ce33f8e8306be057fd7341","timestamp":"2026-08-06T02:56:25.811Z"}
{"level":"info","message":"[Analyzer] Processing 86/100: 0x6f7a3714d7fc266e3e84067ac31e7b1a3be18060","timestamp":"2026-08-06T02:56:25.813Z"}
{"level":"info","message":"[Analyzer] Processing 87/100: 0x273ce3be8aa5b8a671e8669467a889cfc59d343b","timestamp":"2026-08-06T02:56:25.814Z"}
{"level":"info","message":"[Analyzer] Processing 88/100: 0x5fa1e6cbe162ce5f0f1ec9479072a2943cbe11b4","timestamp":"2026-08-06T02:56:25.815Z"}
{"level":"info","message":"[Analyzer] Processing 89/100: 0xd05e923f833c548dd4820f8927d0e9626c4d54d8","timestamp":"2026-08-06T02:56:25.816Z"}
{"level":"info","message":"[Analyzer] Processing 90/100: 0xe2c081d898122753f2b62031235bd1ac2b20e7d4","timestamp":"2026-08-06T02:56:25.817Z"}
{"level":"info","message":"[Analyzer] Processing 91/100: 0x3543f5b255f2898abbcd4c92aa81aaa14cdf6286","timestamp":"2026-08-06T02:56:25.818Z"}
{"level":"info","message":"[Analyzer] Processing 92/100: 0xc8805e553942c0645d9991bb3e564d97378b3862","timestamp":"2026-08-06T02:56:25.819Z"}
{"level":"info","message":"[Analyzer] Processing 93/100: 0x37305b1cd40574e4c5ce33f8e8306be057fd7341","timestamp":"2026-08-06T02:56:25.820Z"}
{"level":"info","message":"[Analyzer] Processing 94/100: 0xc28fd177ec7a03d0897ea3c0e86f4ee6181213fb","timestamp":"2026-08-06T02:56:25.820Z"}
{"level":"info","message":"[Analyzer] Processing 95/100: 0x2ee7a685bedf18bb2667e4cd7848595e92d68587","timestamp":"2026-08-06T02:56:25.821Z"}
{"level":"info","message":"[Analyzer] Processing 96/100: 0x743f4d56408dae7f86dce6ca251a36e4c25abec9","timestamp":"2026-08-06T02:56:25.822Z"}
{"level":"info","message":"[Analyzer] Processing 97/100: 0x81cfb5e7d4c9e6f25e9daf7719bd0b69243c05d0","timestamp":"2026-08-06T02:56:25.822Z"}
{"level":"info","message":"[Analyzer] Processing 98/100: 0xe364db9bd7eaaa142a5345b1c9abba6737ba8c31","timestamp":"2026-08-06T02:56:25.824Z"}
{"level":"info","message":"[Analyzer] Processing 99/100: 0xd755baa28fbd9faad727fa07f62eed3695ef552b","timestamp":"2026-08-06T02:56:25.825Z"}
{"level":"info","message":"[Analyzer] Processing 100/100: 0x0992b436d0dede9726fb8424bbafa53e76e1f18c","timestamp":"2026-08-06T02:56:25.825Z"}
{"level":"info","message":"Page 1: +24 human targets | 76 bots filtered","timestamp":"2026-08-06T02:56:41.891Z"}
{"level":"info","message":"Page 1: Deleted 8184 transfer records for 78 evaluated senders","timestamp":"2026-08-06T02:56:44.035Z"}
{"level":"info","message":"Fetched 100 raw pairs (page 2). Running Stage 1 + Stage 2 checks...","timestamp":"2026-08-06T02:56:46.463Z"}
{"level":"info","message":"[Analyzer] Processing 1/100: 0x60af3e390aa10f527f24af9fccf99738eed274bb","timestamp":"2026-08-06T02:56:46.463Z"}
{"level":"info","message":"[Analyzer] Processing 2/100: 0xb2483c7cbbdea08f31e6167017bf8f3551c455a4","timestamp":"2026-08-06T02:56:46.465Z"}
{"level":"info","message":"[Analyzer] Processing 3/100: 0xeddd4bedf4f8aecaa606988d898d4770d91b9719","timestamp":"2026-08-06T02:56:46.467Z"}
{"level":"info","message":"[Analyzer] Processing 4/100: 0xe211784e409c6ef1d53f597b8de0ce550333ad33","timestamp":"2026-08-06T02:56:46.467Z"}
{"level":"info","message":"[Analyzer] Processing 5/100: 0xd23c66476e1b47f78c63e3e68609013b286ab27e","timestamp":"2026-08-06T02:56:46.468Z"}
{"level":"info","message":"[Analyzer] Processing 6/100: 0x5210bfdf0cfe6471322d597d16cf440f5ac59309","timestamp":"2026-08-06T02:56:46.469Z"}
{"level":"info","message":"[Analyzer] Processing 7/100: 0x1eeba754752f8137d9fe7186036b02168b6ec0c8","timestamp":"2026-08-06T02:56:46.470Z"}
{"level":"info","message":"[Analyzer] Processing 8/100: 0x08cb9f26849e58bf0beebc6a551c5dceb4bcdb9a","timestamp":"2026-08-06T02:56:46.472Z"}
{"level":"info","message":"[Analyzer] Processing 9/100: 0xb4d6f16c4f7598ac1d1f32857147b05b679fd97c","timestamp":"2026-08-06T02:56:46.472Z"}
{"level":"info","message":"[Analyzer] Processing 10/100: 0x3f6665c5e211d9283f609dfccfb1c670f10bcf46","timestamp":"2026-08-06T02:56:46.473Z"}
{"level":"info","message":"[Analyzer] Processing 11/100: 0x3ba8f2af415d601e05989d8ccbf8de22ec6af84c","timestamp":"2026-08-06T02:56:46.473Z"}
{"level":"info","message":"[Analyzer] Processing 12/100: 0x262641e7fef5450f1b789b302fc94da52efb8e78","timestamp":"2026-08-06T02:56:46.474Z"}
{"level":"info","message":"[Analyzer] Processing 13/100: 0xe6ebce7ad0782c54b659058f45ba94804c2953c0","timestamp":"2026-08-06T02:56:46.474Z"}
{"level":"info","message":"[Analyzer] Processing 14/100: 0x3fa0574ed705fe5fb1ff0a3e6fa62d0bfea675e7","timestamp":"2026-08-06T02:56:46.475Z"}
{"level":"info","message":"[Analyzer] Processing 15/100: 0x52ab3e84ec716893be85a90b52214dfe1eb0b4f0","timestamp":"2026-08-06T02:56:46.475Z"}
{"level":"info","message":"[Analyzer] Processing 16/100: 0xcbc37d9436c4fce3dc13d0157fc1b5d7f82eb472","timestamp":"2026-08-06T02:56:46.478Z"}
{"level":"info","message":"[Analyzer] Processing 17/100: 0xc446c17271b4475f0634f3a81e0db5f8404c1a30","timestamp":"2026-08-06T02:56:46.479Z"}
{"level":"info","message":"[Analyzer] Processing 18/100: 0xa8cb5a1f99b8f60bb8605dc3f4d9ef67e97dd272","timestamp":"2026-08-06T02:56:46.480Z"}
{"level":"info","message":"[Analyzer] Processing 19/100: 0x6a5047f28346af933652029f794b7282bffd1433","timestamp":"2026-08-06T02:56:46.481Z"}
{"level":"info","message":"[Analyzer] Processing 20/100: 0xdca499ecf00e2648c25bdcd0f881c99b6ebb5223","timestamp":"2026-08-06T02:56:46.481Z"}
{"level":"info","message":"[Analyzer] Processing 21/100: 0x86c88cb2abb8866ef90bfa38b72b1345b835b025","timestamp":"2026-08-06T02:56:46.482Z"}
{"level":"info","message":"[Analyzer] Processing 22/100: 0x1d0ca804162ef2309910cf5655ee9fd32c7e73d8","timestamp":"2026-08-06T02:56:46.483Z"}
{"level":"info","message":"[Analyzer] Processing 23/100: 0x1e4e7ef632f2075f43a99a43799d380be1558c7d","timestamp":"2026-08-06T02:56:46.485Z"}
{"level":"info","message":"[Analyzer] Processing 24/100: 0x7a763116336dbbc2cf332d5eececca8dffd5a807","timestamp":"2026-08-06T02:56:46.486Z"}
{"level":"info","message":"[Analyzer] Processing 25/100: 0xa7b9fa39c4aede074bbb153197fa240270f26ebc","timestamp":"2026-08-06T02:56:46.486Z"}
{"level":"info","message":"[Analyzer] Processing 26/100: 0x72b8fb23488aacf2d27c4c926db2ab4b645ca36d","timestamp":"2026-08-06T02:56:46.487Z"}
{"level":"info","message":"[Analyzer] Processing 27/100: 0xe212c3f3da0c5e812eb4955cc59954f06aadb259","timestamp":"2026-08-06T02:56:46.487Z"}
{"level":"info","message":"[Analyzer] Processing 28/100: 0x523776eb00b0fb2878ab670a6b0efde78325eeca","timestamp":"2026-08-06T02:56:46.488Z"}
{"level":"info","message":"[Analyzer] Processing 29/100: 0xbb5e8b409545a4b7df606a67803a293eca4e6e7b","timestamp":"2026-08-06T02:56:46.489Z"}
{"level":"info","message":"[Analyzer] Processing 30/100: 0xe3a7ef6c7bd43993747b7ae3db24019bc2f7640e","timestamp":"2026-08-06T02:56:46.489Z"}
{"level":"info","message":"[Analyzer] Processing 31/100: 0x73cb41eca3db58f6b213eb2556f40f86ce61cfc9","timestamp":"2026-08-06T02:56:46.491Z"}
{"level":"info","message":"[Analyzer] Processing 32/100: 0x77916f64202e24c5f7fa2ad30d017e8fe4372d78","timestamp":"2026-08-06T02:56:46.491Z"}
{"level":"info","message":"[Analyzer] Processing 33/100: 0x29fc09ce7038b83812e676f157041417e4f83f7f","timestamp":"2026-08-06T02:56:46.492Z"}
{"level":"info","message":"[Analyzer] Processing 34/100: 0xe8efe23ba589c57ba43df4e67b6f8ec9618b36a6","timestamp":"2026-08-06T02:56:46.492Z"}
{"level":"info","message":"[Analyzer] Processing 35/100: 0xe8efe23ba589c57ba43df4e67b6f8ec9618b36a6","timestamp":"2026-08-06T02:56:46.493Z"}
{"level":"info","message":"[Analyzer] Processing 36/100: 0xac4ef665f7109b1c33ef558e762788162207760a","timestamp":"2026-08-06T02:56:46.493Z"}
{"level":"info","message":"[Analyzer] Processing 37/100: 0xa936c4fec8087451cfbf643be1e139445253eaf8","timestamp":"2026-08-06T02:56:46.494Z"}
{"level":"info","message":"[Analyzer] Processing 38/100: 0xbc606358910b3720d136f0d4ce12b759c270747a","timestamp":"2026-08-06T02:56:46.494Z"}
{"level":"info","message":"[Analyzer] Processing 39/100: 0xaf7635d90f4bc6cc650749fae8866d535beaafaf","timestamp":"2026-08-06T02:56:46.494Z"}
{"level":"info","message":"[Analyzer] Processing 40/100: 0xc66082aa57f34ddd5e396e4d6c35c72d1dfbcf1e","timestamp":"2026-08-06T02:56:46.495Z"}
{"level":"info","message":"[Analyzer] Processing 41/100: 0x67f64e5d4d82036f284d10ca989bef9a7e0e89d4","timestamp":"2026-08-06T02:56:46.495Z"}
{"level":"info","message":"[Analyzer] Processing 42/100: 0xc4d50263c1e89b65b63c830ff93fadc957064fa4","timestamp":"2026-08-06T02:56:46.496Z"}
{"level":"info","message":"[Analyzer] Processing 43/100: 0x05c59c4702d360697fcefdd148648a375f5a65c2","timestamp":"2026-08-06T02:56:46.498Z"}
{"level":"info","message":"[Analyzer] Processing 44/100: 0x2c9ee560e9d05e5df0764b9c9451b71498de43c0","timestamp":"2026-08-06T02:56:46.499Z"}
{"level":"info","message":"[Analyzer] Processing 45/100: 0x8c98664da1dbb372d47e4f0ad9ff410d285d0530","timestamp":"2026-08-06T02:56:46.500Z"}
{"level":"info","message":"[Analyzer] Processing 46/100: 0x073fc5fc249acf06bee9936ecb3fbc2186bff565","timestamp":"2026-08-06T02:56:46.501Z"}
{"level":"info","message":"[Analyzer] Processing 47/100: 0x60269ae7e525d1b88c33be93195b3129ff55f6ea","timestamp":"2026-08-06T02:56:46.501Z"}
{"level":"info","message":"[Analyzer] Processing 48/100: 0x39e5cbfc2821baddb152541100f615828ddbeee3","timestamp":"2026-08-06T02:56:46.504Z"}
{"level":"info","message":"[Analyzer] Processing 49/100: 0xada7a1353b339eee09718575849a792d01ec37e6","timestamp":"2026-08-06T02:56:46.504Z"}
{"level":"info","message":"[Analyzer] Processing 50/100: 0x98148e55b548e3b4bc83f7412bc6c64f61e06856","timestamp":"2026-08-06T02:56:46.505Z"}
{"level":"info","message":"[Analyzer] Processing 51/100: 0x1f2e6e461a7514293ebaeaadf0e93e984148f70f","timestamp":"2026-08-06T02:56:46.505Z"}
{"level":"info","message":"[Analyzer] Processing 52/100: 0x39e5cbfc2821baddb152541100f615828ddbeee3","timestamp":"2026-08-06T02:56:46.506Z"}
{"level":"info","message":"[Analyzer] Processing 53/100: 0x5f0fbbacbcf8474c862fb9cbeb8aa12c326964ac","timestamp":"2026-08-06T02:56:46.506Z"}
{"level":"info","message":"[Analyzer] Processing 54/100: 0xab5cbd7ccbc685c209bc5fea7f5c0fc31af3a660","timestamp":"2026-08-06T02:56:46.506Z"}
{"level":"info","message":"[Analyzer] Processing 55/100: 0x5c2746681f323379133a686ebd39e82c1216925b","timestamp":"2026-08-06T02:56:46.507Z"}
{"level":"info","message":"[Analyzer] Processing 56/100: 0xcab196f3e9bfcc94799b8b10fe0ead1d7219aac7","timestamp":"2026-08-06T02:56:46.507Z"}
{"level":"info","message":"[Analyzer] Processing 57/100: 0xd08f36a7d220bbc71917bc841708b4e4e5f4d085","timestamp":"2026-08-06T02:56:46.507Z"}
{"level":"info","message":"[Analyzer] Processing 58/100: 0x8b111f9b59a8ef49aa7d5aeaf13398f6069d20a8","timestamp":"2026-08-06T02:56:46.508Z"}
{"level":"info","message":"[Analyzer] Processing 59/100: 0x60cdab0959575a89b11933a3d209de3200bf4043","timestamp":"2026-08-06T02:56:46.509Z"}
{"level":"info","message":"[Analyzer] Processing 60/100: 0x1b1558dd56a06758cd5b68db33e3892e5141ced1","timestamp":"2026-08-06T02:56:46.510Z"}
{"level":"info","message":"[Analyzer] Processing 61/100: 0x8ca18471b33bddb41954941e7ee66e55c85e379d","timestamp":"2026-08-06T02:56:46.510Z"}
{"level":"info","message":"[Analyzer] Processing 62/100: 0x521a117627efb782c96aa8730fcf80f7eaab4c80","timestamp":"2026-08-06T02:56:46.511Z"}
{"level":"info","message":"[Analyzer] Processing 63/100: 0x126137892d948ee43978b4ae10a32d2291a2f392","timestamp":"2026-08-06T02:56:46.511Z"}
{"level":"info","message":"[Analyzer] Processing 64/100: 0x14b97ecc658d038845c06acac31a58fc58671440","timestamp":"2026-08-06T02:56:46.512Z"}
{"level":"info","message":"[Analyzer] Processing 65/100: 0xbed512dbefc95bfb02f1870828f3f1eadc285386","timestamp":"2026-08-06T02:56:46.512Z"}
{"level":"info","message":"[Analyzer] Processing 66/100: 0xdb7579a02ddc0c853a57cc0b6139a2652622dc20","timestamp":"2026-08-06T02:56:46.513Z"}
{"level":"info","message":"[Analyzer] Processing 67/100: 0x86727278f572e1c5f580b96a3a3b2ebb170dec3c","timestamp":"2026-08-06T02:56:46.513Z"}
{"level":"info","message":"[Analyzer] Processing 68/100: 0x77c3492a06423e84d8fbfbecdb9602875b52993a","timestamp":"2026-08-06T02:56:46.514Z"}
{"level":"info","message":"[Analyzer] Processing 69/100: 0xe83bba5128bae65d16871cba537af31fd0712e69","timestamp":"2026-08-06T02:56:46.515Z"}
{"level":"info","message":"[Analyzer] Processing 70/100: 0x90882e7c28ddf0ac1177033a310aeed8eff25e90","timestamp":"2026-08-06T02:56:46.517Z"}
{"level":"info","message":"[Analyzer] Processing 71/100: 0xe5a5b6864451b176cfc054ac97c502eb563dc2f8","timestamp":"2026-08-06T02:56:46.518Z"}
{"level":"info","message":"[Analyzer] Processing 72/100: 0x9deb0d33156066f092f5bf72dfe192ab30605e5e","timestamp":"2026-08-06T02:56:46.518Z"}
{"level":"info","message":"[Analyzer] Processing 73/100: 0x2949b7f848b151afb1d906ab917e05c3ea65cf35","timestamp":"2026-08-06T02:56:46.519Z"}
{"level":"info","message":"[Analyzer] Processing 74/100: 0x283b054174ab8db4253383e46f4b7011fc6d642a","timestamp":"2026-08-06T02:56:46.519Z"}
{"level":"info","message":"[Analyzer] Processing 75/100: 0x3665cb61813ca0f22ed1caa5837696b57f56a1f4","timestamp":"2026-08-06T02:56:46.520Z"}
{"level":"info","message":"[Analyzer] Processing 76/100: 0xe167980c2766e976a977fa8c33c308b789e7a336","timestamp":"2026-08-06T02:56:46.520Z"}
{"level":"info","message":"[Analyzer] Processing 77/100: 0xb349334c1160bf38942f612d9885debc7ac5c6a7","timestamp":"2026-08-06T02:56:46.520Z"}
{"level":"info","message":"[Analyzer] Processing 78/100: 0x3400e45d8a4fb3b3673d1af8bb37c97a432f7b15","timestamp":"2026-08-06T02:56:46.521Z"}
{"level":"info","message":"[Analyzer] Processing 79/100: 0xd8260936db4e8bfb396844b571d688c75610c9c4","timestamp":"2026-08-06T02:56:46.522Z"}
{"level":"info","message":"[Analyzer] Processing 80/100: 0x9fff380cdeb5768eea7ba6b389f93b4479c0fcff","timestamp":"2026-08-06T02:56:46.522Z"}
{"level":"info","message":"[Analyzer] Processing 81/100: 0x67f64e5d4d82036f284d10ca989bef9a7e0e89d4","timestamp":"2026-08-06T02:56:46.523Z"}
{"level":"info","message":"[Analyzer] Processing 82/100: 0x57bef7c719792dd540df1d6bf77f9b74b1218bab","timestamp":"2026-08-06T02:56:46.523Z"}
{"level":"info","message":"[Analyzer] Processing 83/100: 0xb0b01b34eacdadb6403279133ee3fe5139522284","timestamp":"2026-08-06T02:56:46.523Z"}
{"level":"info","message":"[Analyzer] Processing 84/100: 0xf2932975828265d6239883579b3131232c40b3ea","timestamp":"2026-08-06T02:56:46.524Z"}
{"level":"info","message":"[Analyzer] Processing 85/100: 0x5a09118f120d8be58d1ad0ddcab81f69d9fa6f3a","timestamp":"2026-08-06T02:56:46.524Z"}
{"level":"info","message":"[Analyzer] Processing 86/100: 0xadfc18079c097bb359e94d11a6d0947e82b53203","timestamp":"2026-08-06T02:56:46.524Z"}
{"level":"info","message":"[Analyzer] Processing 87/100: 0xf9543d724b790bc1df4044448920daae72ce0677","timestamp":"2026-08-06T02:56:46.525Z"}
{"level":"info","message":"[Analyzer] Processing 88/100: 0xe3ac1a4faeb2cc3f5511f248e183171951a6e180","timestamp":"2026-08-06T02:56:46.525Z"}
{"level":"info","message":"[Analyzer] Processing 89/100: 0xc163276d785617bbbd521e32f5b85b5a7e7146d9","timestamp":"2026-08-06T02:56:46.526Z"}
{"level":"info","message":"[Analyzer] Processing 90/100: 0x0717b3cbdc9e6ea92b5254b25e36aa8d5233a1f7","timestamp":"2026-08-06T02:56:46.526Z"}
{"level":"info","message":"[Analyzer] Processing 91/100: 0xc57c30fc977f7a787c1183aa890d6f6f0a5c13ad","timestamp":"2026-08-06T02:56:46.526Z"}
{"level":"info","message":"[Analyzer] Processing 92/100: 0x0456b1b8f2a4c5d9adfb0c11ecaa2346ba87f617","timestamp":"2026-08-06T02:56:46.526Z"}
{"level":"info","message":"[Analyzer] Processing 93/100: 0x483111fde55015826b84d1b6313ce0ded95c55d8","timestamp":"2026-08-06T02:56:46.527Z"}
{"level":"info","message":"[Analyzer] Processing 94/100: 0x6bbe12f19a288732f186640fbfe1a82e9a06e594","timestamp":"2026-08-06T02:56:46.527Z"}
{"level":"info","message":"[Analyzer] Processing 95/100: 0x8616fb090f855738b9aa8ba6da6c513895b18ea6","timestamp":"2026-08-06T02:56:46.528Z"}
{"level":"info","message":"[Analyzer] Processing 96/100: 0x82ad0073890df07c47cc4ada2cb9a402a530edb4","timestamp":"2026-08-06T02:56:46.529Z"}
{"level":"info","message":"[Analyzer] Processing 97/100: 0xc038ce451e8eb283c05cb19ac5d33a7b1ac17eb6","timestamp":"2026-08-06T02:56:46.529Z"}
{"level":"info","message":"[Analyzer] Processing 98/100: 0x61f8cce85035aedbbcdac3fbd6230b7e0aa7a54f","timestamp":"2026-08-06T02:56:46.530Z"}
{"level":"info","message":"[Analyzer] Processing 99/100: 0x4eb1cf0ba5e738162247fddfc062687c8c1a3de6","timestamp":"2026-08-06T02:56:46.530Z"}
{"level":"info","message":"[Analyzer] Processing 100/100: 0x4eb1cf0ba5e738162247fddfc062687c8c1a3de6","timestamp":"2026-08-06T02:56:46.530Z"}
{"level":"info","message":"Page 2: +53 human targets | 47 bots filtered","timestamp":"2026-08-06T02:57:00.816Z"}
{"level":"info","message":"Page 2: Deleted 2426 transfer records for 96 evaluated senders","timestamp":"2026-08-06T02:57:01.865Z"}
{"level":"info","message":"Fetched 100 raw pairs (page 3). Running Stage 1 + Stage 2 checks...","timestamp":"2026-08-06T02:57:04.580Z"}
{"level":"info","message":"[Analyzer] Processing 1/100: 0x49464e4fac5848ddc0d43de2632722782ca97670","timestamp":"2026-08-06T02:57:04.580Z"}
{"level":"info","message":"[Analyzer] Processing 2/100: 0xcddae16e7439f3e9951f5a85481e4119f1e8467e","timestamp":"2026-08-06T02:57:04.582Z"}
{"level":"info","message":"[Analyzer] Processing 3/100: 0x03c5df6161a1504689d681c9632ab5e6d98834c4","timestamp":"2026-08-06T02:57:04.582Z"}
{"level":"info","message":"[Analyzer] Processing 4/100: 0xe8b2a9c90ba80618f6cbef5e99b77d01c295a8de","timestamp":"2026-08-06T02:57:04.584Z"}
{"level":"info","message":"[Analyzer] Processing 5/100: 0x67f48d0c4a0ecc8e47ea21c372c660055b2b6e81","timestamp":"2026-08-06T02:57:04.585Z"}
{"level":"info","message":"[Analyzer] Processing 6/100: 0xc57d36295d02ae1a8bf4a28ae6fb4fa05620884d","timestamp":"2026-08-06T02:57:04.586Z"}
{"level":"info","message":"[Analyzer] Processing 7/100: 0xf59755ac9a5844d62bf2f9228b8839ae0c4d671a","timestamp":"2026-08-06T02:57:04.587Z"}
{"level":"info","message":"[Analyzer] Processing 8/100: 0xedad2395012f9ae9ef6b1710eb92b3c9ac7686f0","timestamp":"2026-08-06T02:57:04.588Z"}
{"level":"info","message":"[Analyzer] Processing 9/100: 0xf9ab27bbbf8c459ca4b76e7f008478c0d52ce341","timestamp":"2026-08-06T02:57:04.590Z"}
{"level":"info","message":"[Analyzer] Processing 10/100: 0x75fdc2bc1d9c30978d18070bc3936f3379affcf8","timestamp":"2026-08-06T02:57:04.591Z"}
{"level":"info","message":"[Analyzer] Processing 11/100: 0xdfde7d4128eb1744a9dfeac852fafb371dbfa670","timestamp":"2026-08-06T02:57:04.592Z"}
{"level":"info","message":"[Analyzer] Processing 12/100: 0x927548189290aeec19c748090b17f51d33fae8e0","timestamp":"2026-08-06T02:57:04.592Z"}
{"level":"info","message":"[Analyzer] Processing 13/100: 0x5fd9dd43062c546184e365871ad8a243e1a7ea52","timestamp":"2026-08-06T02:57:04.592Z"}
{"level":"info","message":"[Analyzer] Processing 14/100: 0x11e25eb9cafea36d914a6360357af82a40acaaaa","timestamp":"2026-08-06T02:57:04.594Z"}
{"level":"info","message":"[Analyzer] Processing 15/100: 0x125a86add7482e5974ecbf30cf3bd9dd7f2ae6af","timestamp":"2026-08-06T02:57:04.596Z"}
{"level":"info","message":"[Analyzer] Processing 16/100: 0x81d9984fe97837aeeb0ff44db6ceda0019af7ae6","timestamp":"2026-08-06T02:57:04.597Z"}
{"level":"info","message":"[Analyzer] Processing 17/100: 0x033d0360b470729bfda5ef71c9697d0ed5257090","timestamp":"2026-08-06T02:57:04.597Z"}
{"level":"info","message":"[Analyzer] Processing 18/100: 0x4ed5ab9d509da07d8621d852715daec6e9b5bacf","timestamp":"2026-08-06T02:57:04.598Z"}
{"level":"info","message":"[Analyzer] Processing 19/100: 0xb299ebceb3e65d62d7c0055f8b226c407d5a9be7","timestamp":"2026-08-06T02:57:04.599Z"}
{"level":"info","message":"[Analyzer] Processing 20/100: 0x16e87a2ef09389b5c57b90350ea336759dd41950","timestamp":"2026-08-06T02:57:04.599Z"}
{"level":"info","message":"[Analyzer] Processing 21/100: 0x63161caf59248de4dd3103feb112a1a7ca7af57f","timestamp":"2026-08-06T02:57:04.600Z"}
{"level":"info","message":"[Analyzer] Processing 22/100: 0x87099da442fe223f62d63f2a248c64e5bd74edbd","timestamp":"2026-08-06T02:57:04.603Z"}
{"level":"info","message":"[Analyzer] Processing 23/100: 0x33cf104877ffb7a96a3da5fe71ac5041fc1cc5d7","timestamp":"2026-08-06T02:57:04.604Z"}
{"level":"info","message":"[Analyzer] Processing 24/100: 0x00fd67f712c72c79c12c5a6a59cf74a0e960eb06","timestamp":"2026-08-06T02:57:04.606Z"}
{"level":"info","message":"[Analyzer] Processing 25/100: 0xebe39168de2c236ea58d3cfb12682e760858e3c2","timestamp":"2026-08-06T02:57:04.606Z"}
{"level":"info","message":"[Analyzer] Processing 26/100: 0x6b0a88b494713170f10abd08e83dbc300c2badc3","timestamp":"2026-08-06T02:57:04.607Z"}
{"level":"info","message":"[Analyzer] Processing 27/100: 0x308ca76e1c3e456fe9abd272a7b2b84bdd6b57a7","timestamp":"2026-08-06T02:57:04.607Z"}
{"level":"info","message":"[Analyzer] Processing 28/100: 0xf935afb222e2d29fda65b7ac120baf4cbf0f2f06","timestamp":"2026-08-06T02:57:04.607Z"}
{"level":"info","message":"[Analyzer] Processing 29/100: 0x010af2b3798bde7c5c64cd1611d4f72dce539153","timestamp":"2026-08-06T02:57:04.608Z"}
{"level":"info","message":"[Analyzer] Processing 30/100: 0x2745d07dd4b9b1085ca5e9b0fb6e402fe20105db","timestamp":"2026-08-06T02:57:04.609Z"}
{"level":"info","message":"[Analyzer] Processing 31/100: 0x3702983728f268d0ee4999f51bd53c128e1d3fde","timestamp":"2026-08-06T02:57:04.610Z"}
{"level":"info","message":"[Analyzer] Processing 32/100: 0x5229bb25bd4da0ce5f4c8106e2e58759b14d8b2a","timestamp":"2026-08-06T02:57:04.611Z"}
{"level":"info","message":"[Analyzer] Processing 33/100: 0x46e09c4d4d20c0474598b4d2ffdd08bdf416eba7","timestamp":"2026-08-06T02:57:04.611Z"}
{"level":"info","message":"[Analyzer] Processing 34/100: 0xcbf6fabbd72656a9b1f87f015349b1d1f493129b","timestamp":"2026-08-06T02:57:04.612Z"}
{"level":"info","message":"[Analyzer] Processing 35/100: 0x727d1c03ff814b67b76c16b6731ab29ee3af533b","timestamp":"2026-08-06T02:57:04.612Z"}
{"level":"info","message":"[Analyzer] Processing 36/100: 0xcc13e7101032be948fb89b7429c208f98af66937","timestamp":"2026-08-06T02:57:04.613Z"}
{"level":"info","message":"[Analyzer] Processing 37/100: 0xcc13e7101032be948fb89b7429c208f98af66937","timestamp":"2026-08-06T02:57:04.613Z"}
{"level":"info","message":"[Analyzer] Processing 38/100: 0x12945c1747213c2cdd0126fac3e333db7a875453","timestamp":"2026-08-06T02:57:04.614Z"}
{"level":"info","message":"[Analyzer] Processing 39/100: 0xc55f0c7e99872208053ebfb01319d6c0a25d77d9","timestamp":"2026-08-06T02:57:04.615Z"}
{"level":"info","message":"[Analyzer] Processing 40/100: 0xe7590fb5581b7caf17514b109593dd26636e84d0","timestamp":"2026-08-06T02:57:04.616Z"}
{"level":"info","message":"[Analyzer] Processing 41/100: 0xaef8704c4aa92f1cd4f91d56c894259a65958df8","timestamp":"2026-08-06T02:57:04.617Z"}
{"level":"info","message":"[Analyzer] Processing 42/100: 0xeedfe2aefb05f7538c77647247bbb9b20015f3f4","timestamp":"2026-08-06T02:57:04.618Z"}
{"level":"info","message":"[Analyzer] Processing 43/100: 0x9746363b40911af1aed55e190996af109106be8a","timestamp":"2026-08-06T02:57:04.619Z"}
{"level":"info","message":"[Analyzer] Processing 44/100: 0x15e029d01a024ac4b58e0c28e48562ef2cb390bf","timestamp":"2026-08-06T02:57:04.620Z"}
{"level":"info","message":"[Analyzer] Processing 45/100: 0xe9021de9fa95552d068cf5c51e7537be1bc9afe0","timestamp":"2026-08-06T02:57:04.621Z"}
{"level":"info","message":"[Analyzer] Processing 46/100: 0x7b946c11c7707ec64ee858eb26e9398244d9df49","timestamp":"2026-08-06T02:57:04.621Z"}
{"level":"info","message":"[Analyzer] Processing 47/100: 0x0187c76070e2ffb0ae47b298ab3353d00ee40849","timestamp":"2026-08-06T02:57:04.622Z"}
{"level":"info","message":"[Analyzer] Processing 48/100: 0x330186d441c6808101a64eda04415ade51273e62","timestamp":"2026-08-06T02:57:04.623Z"}
{"level":"info","message":"[Analyzer] Processing 49/100: 0xda415bfb7479d41e323a9c129e0e40423d34c276","timestamp":"2026-08-06T02:57:04.623Z"}
{"level":"info","message":"[Analyzer] Processing 50/100: 0x8b0631da33daac692e9fbdec673f8ca9cb9ab070","timestamp":"2026-08-06T02:57:04.624Z"}
{"level":"info","message":"[Analyzer] Processing 51/100: 0xb07168e2f70a6023a3c75ea6c687e1a367d78693","timestamp":"2026-08-06T02:57:04.624Z"}
{"level":"info","message":"[Analyzer] Processing 52/100: 0x204807e1b8ad5a5c950b2758d1bbe0521198fad0","timestamp":"2026-08-06T02:57:04.624Z"}
{"level":"info","message":"[Analyzer] Processing 53/100: 0x0262db13e0e57b02ce14248db5e4ef391a176f51","timestamp":"2026-08-06T02:57:04.625Z"}
{"level":"info","message":"[Analyzer] Processing 54/100: 0x50109ffefd6d07c82ed34776ef6c2bae765fb056","timestamp":"2026-08-06T02:57:04.625Z"}
{"level":"info","message":"[Analyzer] Processing 55/100: 0x9949a050069402341aec7cba96fac3f15ce9a83d","timestamp":"2026-08-06T02:57:04.625Z"}
{"level":"info","message":"[Analyzer] Processing 56/100: 0x0e63ac8a00627921e259a96f82cdb60e3851765a","timestamp":"2026-08-06T02:57:04.625Z"}
{"level":"info","message":"[Analyzer] Processing 57/100: 0x4ce5c56cfd487525c364c772c2148ad7018bbf2c","timestamp":"2026-08-06T02:57:04.625Z"}
{"level":"info","message":"[Analyzer] Processing 58/100: 0xab39e53f2ad5af60136ff5e0efa4190a6c00fa47","timestamp":"2026-08-06T02:57:04.626Z"}
{"level":"info","message":"[Analyzer] Processing 59/100: 0xfa0fc83162b2b2f5b52a385bfa72d77856a75549","timestamp":"2026-08-06T02:57:04.626Z"}
{"level":"info","message":"[Analyzer] Processing 60/100: 0xf5fcb908749f7ba33fc228b491c7a72711048162","timestamp":"2026-08-06T02:57:04.626Z"}
{"level":"info","message":"[Analyzer] Processing 61/100: 0x34dedbccb4f28e793adb68241bbb4a3d188de25d","timestamp":"2026-08-06T02:57:04.627Z"}
{"level":"info","message":"[Analyzer] Processing 62/100: 0xd3475c9c37c1da4ecb6bfd65b0de891b9bfb795f","timestamp":"2026-08-06T02:57:04.627Z"}
{"level":"info","message":"[Analyzer] Processing 63/100: 0x97e3623dff8806617322f339d2831d3062c23734","timestamp":"2026-08-06T02:57:04.627Z"}
{"level":"info","message":"[Analyzer] Processing 64/100: 0xe8b4a6a71f75c627da688f08a1365a95756029c0","timestamp":"2026-08-06T02:57:04.627Z"}
{"level":"info","message":"[Analyzer] Processing 65/100: 0xb23a19bc59fa6772af61584b46d7ab1aeae457fd","timestamp":"2026-08-06T02:57:04.627Z"}
{"level":"info","message":"[Analyzer] Processing 66/100: 0x83e59967b37a8a1c1e580a4d7223af118d8e30cc","timestamp":"2026-08-06T02:57:04.628Z"}
{"level":"info","message":"[Analyzer] Processing 67/100: 0x6bda0559c3ba3a21be7376059d1d94860b556679","timestamp":"2026-08-06T02:57:04.628Z"}
{"level":"info","message":"[Analyzer] Processing 68/100: 0xbdf64f2cfeb6e24b3ef947c69659a7093c1944f1","timestamp":"2026-08-06T02:57:04.628Z"}
{"level":"info","message":"[Analyzer] Processing 69/100: 0xee6295600fb0ede0fff4cc69989c5b168f2dc608","timestamp":"2026-08-06T02:57:04.629Z"}
{"level":"info","message":"[Analyzer] Processing 70/100: 0xb3792dddc5398a31fa3deb319bf3c76e324cca5f","timestamp":"2026-08-06T02:57:04.629Z"}
{"level":"info","message":"[Analyzer] Processing 71/100: 0x915ede6c0b2c1b0176ac205c0453c16c3478adcc","timestamp":"2026-08-06T02:57:04.630Z"}
{"level":"info","message":"[Analyzer] Processing 72/100: 0xa91e4b3dd2246c51c6f3aacbb155ac7e64c0bc4b","timestamp":"2026-08-06T02:57:04.630Z"}
{"level":"info","message":"[Analyzer] Processing 73/100: 0x6110488ccea9945afb7c2d8d4e376699332ab3e8","timestamp":"2026-08-06T02:57:04.630Z"}
{"level":"info","message":"[Analyzer] Processing 74/100: 0x4a3a07e9b8a12eb8152a47148c9734874db558d5","timestamp":"2026-08-06T02:57:04.630Z"}
{"level":"info","message":"[Analyzer] Processing 75/100: 0xf29528de832ef85d931768350ba438f147ddc3a4","timestamp":"2026-08-06T02:57:04.631Z"}
{"level":"info","message":"[Analyzer] Processing 76/100: 0xa660d82ee589edffdc772a41bbcd090b3815e073","timestamp":"2026-08-06T02:57:04.631Z"}
{"level":"info","message":"[Analyzer] Processing 77/100: 0xab11c577d71bf17387aff1f60611864e6aca0510","timestamp":"2026-08-06T02:57:04.631Z"}
{"level":"info","message":"[Analyzer] Processing 78/100: 0x75ea0d0cefd8a04f6f8ef5f0325bc0dbd3fd31d5","timestamp":"2026-08-06T02:57:04.631Z"}
{"level":"info","message":"[Analyzer] Processing 79/100: 0x3e10399b531c57ff1654a21cf4cd634fc4ed5835","timestamp":"2026-08-06T02:57:04.632Z"}
{"level":"info","message":"[Analyzer] Processing 80/100: 0x52eb6bd13358ac5147d963d87f2abb10059d152c","timestamp":"2026-08-06T02:57:04.632Z"}
{"level":"info","message":"[Analyzer] Processing 81/100: 0x0e63ac8a00627921e259a96f82cdb60e3851765a","timestamp":"2026-08-06T02:57:04.633Z"}
{"level":"info","message":"[Analyzer] Processing 82/100: 0xb62ebb23b0e4443637bd044c6c8a061270c1aea0","timestamp":"2026-08-06T02:57:04.633Z"}
{"level":"info","message":"[Analyzer] Processing 83/100: 0x32eba7fd2dceca107439d5e748589187ee1feede","timestamp":"2026-08-06T02:57:04.634Z"}
{"level":"info","message":"[Analyzer] Processing 84/100: 0x5c56592247d2c093206eeab188b88623fd9e13c5","timestamp":"2026-08-06T02:57:04.634Z"}
{"level":"info","message":"[Analyzer] Processing 85/100: 0x4d38769e5a15513b6312895a5ce17f0797a59160","timestamp":"2026-08-06T02:57:04.635Z"}
{"level":"info","message":"[Analyzer] Processing 86/100: 0xdb335e24b92a7fcefadc5a0419351476b23ae3f5","timestamp":"2026-08-06T02:57:04.636Z"}
{"level":"info","message":"[Analyzer] Processing 87/100: 0x64bf24403a7b5d688e28785f58291abce3f2ef93","timestamp":"2026-08-06T02:57:04.637Z"}
{"level":"info","message":"[Analyzer] Processing 88/100: 0xa8fa03ca9adb0b6c8e2722ea2c5a5c95fc2b623c","timestamp":"2026-08-06T02:57:04.637Z"}
{"level":"info","message":"[Analyzer] Processing 89/100: 0xe29f0cedf7490b280ad4a2eff05689a55069e1e0","timestamp":"2026-08-06T02:57:04.637Z"}
{"level":"info","message":"[Analyzer] Processing 90/100: 0x3dbe281d66bde1b1b4ada88e04c901aad65c82d8","timestamp":"2026-08-06T02:57:04.638Z"}
{"level":"info","message":"[Analyzer] Processing 91/100: 0x3bfcd936b68b0752fdffdb1468630b9a12375bac","timestamp":"2026-08-06T02:57:04.638Z"}
{"level":"info","message":"[Analyzer] Processing 92/100: 0x9dd970844b81a46ab9ba39cf5ea7430dd3d54697","timestamp":"2026-08-06T02:57:04.638Z"}
{"level":"info","message":"[Analyzer] Processing 93/100: 0x15d9cdbfddd11a644c6346a56067caf5ae2e2e72","timestamp":"2026-08-06T02:57:04.638Z"}
{"level":"info","message":"[Analyzer] Processing 94/100: 0xddc537df56b9e18fac6a169304667d31bfadb269","timestamp":"2026-08-06T02:57:04.639Z"}
{"level":"info","message":"[Analyzer] Processing 95/100: 0xd7785032c338ecd4db43487b9e84b35996ef2b7f","timestamp":"2026-08-06T02:57:04.639Z"}
{"level":"info","message":"[Analyzer] Processing 96/100: 0x8568c9fb0a02d550183a5ebe00363a810ac712c8","timestamp":"2026-08-06T02:57:04.639Z"}
{"level":"info","message":"[Analyzer] Processing 97/100: 0xe0523b85fad2015c0b6ae78e8c71ece5edbe5a67","timestamp":"2026-08-06T02:57:04.639Z"}
{"level":"info","message":"[Analyzer] Processing 98/100: 0x866bb3893f65e790f0125873680889544a2e4132","timestamp":"2026-08-06T02:57:04.640Z"}
{"level":"info","message":"[Analyzer] Processing 99/100: 0x655ad441d0fc0075cdea8762626533f08b2231a1","timestamp":"2026-08-06T02:57:04.640Z"}
{"level":"info","message":"[Analyzer] Processing 100/100: 0xb7f847af380e52dcd1ced11cbcb292cdfb1628df","timestamp":"2026-08-06T02:57:04.640Z"}
{"level":"info","message":"Page 3: +62 human targets | 38 bots filtered","timestamp":"2026-08-06T02:57:22.089Z"}
{"level":"info","message":"Page 3: Deleted 1808 transfer records for 98 evaluated senders","timestamp":"2026-08-06T02:57:23.119Z"}
{"level":"info","message":"Fetched 100 raw pairs (page 4). Running Stage 1 + Stage 2 checks...","timestamp":"2026-08-06T02:57:25.153Z"}
{"level":"info","message":"[Analyzer] Processing 1/100: 0x540708e69adc94bb7801230309146d5d941cd565","timestamp":"2026-08-06T02:57:25.153Z"}
{"level":"info","message":"[Analyzer] Processing 2/100: 0x208d6d240076a8219a907bffb7da8890ae60b667","timestamp":"2026-08-06T02:57:25.154Z"}
{"level":"info","message":"[Analyzer] Processing 3/100: 0x1f081dbc77e3c54ae208c339eaf58d0ae14723b6","timestamp":"2026-08-06T02:57:25.155Z"}
{"level":"info","message":"[Analyzer] Processing 4/100: 0xa50e4d396e3e6e0c2886640f5eceac7e3b45b5aa","timestamp":"2026-08-06T02:57:25.156Z"}
{"level":"info","message":"[Analyzer] Processing 5/100: 0xba8e6486baf438f5f81754d568513565930f829d","timestamp":"2026-08-06T02:57:25.156Z"}
{"level":"info","message":"[Analyzer] Processing 6/100: 0x7ce7c3023935ab2f2d6f55bb4478a94738e33add","timestamp":"2026-08-06T02:57:25.157Z"}
{"level":"info","message":"[Analyzer] Processing 7/100: 0x1da431d2d5eca4df735f69fb5ea10c8e630b8f50","timestamp":"2026-08-06T02:57:25.158Z"}
{"level":"info","message":"[Analyzer] Processing 8/100: 0xf2e183fbaa2d36eb7716f8faec070ae52115508c","timestamp":"2026-08-06T02:57:25.158Z"}
{"level":"info","message":"[Analyzer] Processing 9/100: 0xaad17e5d60eb330a538e09c34d253e13aba06a55","timestamp":"2026-08-06T02:57:25.159Z"}
{"level":"info","message":"[Analyzer] Processing 10/100: 0xedd8e9be049d6bebaf39edbfc96d54d942bdcdc0","timestamp":"2026-08-06T02:57:25.160Z"}
{"level":"info","message":"[Analyzer] Processing 11/100: 0x46cfbdc6e56e974906bd51e33729bd38353b44df","timestamp":"2026-08-06T02:57:25.161Z"}
{"level":"info","message":"[Analyzer] Processing 12/100: 0x6a466a45a71d9c391e1a996f383fc74ddf54e3b6","timestamp":"2026-08-06T02:57:25.162Z"}
{"level":"info","message":"[Analyzer] Processing 13/100: 0x194971ce8c8f03859899ce7936642bdbf721bed5","timestamp":"2026-08-06T02:57:25.164Z"}
{"level":"info","message":"[Analyzer] Processing 14/100: 0x3af9aeb552cfd433d6a9e9fda269f8c3a95ec1a2","timestamp":"2026-08-06T02:57:25.165Z"}
{"level":"info","message":"[Analyzer] Processing 15/100: 0x15a3858d118001b07570ae41131a70c817f67d99","timestamp":"2026-08-06T02:57:25.167Z"}
{"level":"info","message":"[Analyzer] Processing 16/100: 0xe93dd58f7bf60e951499d498a4282e8635ac3ade","timestamp":"2026-08-06T02:57:25.168Z"}
{"level":"info","message":"[Analyzer] Processing 17/100: 0x75ac1ebf164c6f2ac24e73bb4c9518b8d93559e2","timestamp":"2026-08-06T02:57:25.169Z"}
{"level":"info","message":"[Analyzer] Processing 18/100: 0x664f2f535bad567bbb755d075d02b50603fe7f64","timestamp":"2026-08-06T02:57:25.170Z"}
{"level":"info","message":"[Analyzer] Processing 19/100: 0xcda909b292c2ae9a386ca7e632d7a5d6aa7e1758","timestamp":"2026-08-06T02:57:25.170Z"}
{"level":"info","message":"[Analyzer] Processing 20/100: 0x01b3afebda3ed0e55fedb10dada5ef8dbe8f8d0c","timestamp":"2026-08-06T02:57:25.171Z"}
{"level":"info","message":"[Analyzer] Processing 21/100: 0xb27749e986f7275e5b59d22dfbee9bf41652a019","timestamp":"2026-08-06T02:57:25.172Z"}
{"level":"info","message":"[Analyzer] Processing 22/100: 0xf739f8451d6076c72bd4231b784566ae468d6929","timestamp":"2026-08-06T02:57:25.173Z"}
{"level":"info","message":"[Analyzer] Processing 23/100: 0xf54dbe7c50df77b62dc5a0979acd71549b6cdb10","timestamp":"2026-08-06T02:57:25.173Z"}
{"level":"info","message":"[Analyzer] Processing 24/100: 0x2b14fc6921296a4136a642dcd6c41f0ca6a0a121","timestamp":"2026-08-06T02:57:25.174Z"}
{"level":"info","message":"[Analyzer] Processing 25/100: 0xe044e6f86f3195a954e8045ee6c8186465b13b9c","timestamp":"2026-08-06T02:57:25.175Z"}
{"level":"info","message":"[Analyzer] Processing 26/100: 0x6a3bea5c9e925cf2b887af3b778f7367690201a0","timestamp":"2026-08-06T02:57:25.175Z"}
{"level":"info","message":"[Analyzer] Processing 27/100: 0x6139192a58152932e6f8052ef0de2ad197fb1937","timestamp":"2026-08-06T02:57:25.176Z"}
{"level":"info","message":"[Analyzer] Processing 28/100: 0x4bd8598cdca1b218f2f964f3832ebbea354383b8","timestamp":"2026-08-06T02:57:25.176Z"}
{"level":"info","message":"[Analyzer] Processing 29/100: 0x65ffc0d462c6300fe6d7a63f92e2759bf049d885","timestamp":"2026-08-06T02:57:25.176Z"}
{"level":"info","message":"[Analyzer] Processing 30/100: 0xcc149dc20079c8a44265ec8f92cd7dad147fadcc","timestamp":"2026-08-06T02:57:25.177Z"}
{"level":"info","message":"[Analyzer] Processing 31/100: 0x0928e44e9062608199d4ac980d68786590a2e50a","timestamp":"2026-08-06T02:57:25.177Z"}
{"level":"info","message":"[Analyzer] Processing 32/100: 0x89de6a0d1022277c9547816fcb264be28b6436fe","timestamp":"2026-08-06T02:57:25.178Z"}
{"level":"info","message":"[Analyzer] Processing 33/100: 0x47061316e5327d5d1edb245e2d62a0fe8209777c","timestamp":"2026-08-06T02:57:25.179Z"}
{"level":"info","message":"[Analyzer] Processing 34/100: 0xeaf42e9f71b75f6d8cd443d2eb9a514ddce29a6b","timestamp":"2026-08-06T02:57:25.179Z"}
{"level":"info","message":"[Analyzer] Processing 35/100: 0xb773981c415be22c37c6b26141c85480148796bd","timestamp":"2026-08-06T02:57:25.180Z"}
{"level":"info","message":"[Analyzer] Processing 36/100: 0x292b4cba0a6c6534852cf342699752a9fffe72b2","timestamp":"2026-08-06T02:57:25.180Z"}
{"level":"info","message":"[Analyzer] Processing 37/100: 0x2e7226620b8a3b8b76fe0b6ba283bb2901bfbec8","timestamp":"2026-08-06T02:57:25.181Z"}
{"level":"info","message":"[Analyzer] Processing 38/100: 0x879d8aa88c4e4baaf4c7da0f7290e2c483bcaa51","timestamp":"2026-08-06T02:57:25.182Z"}
{"level":"info","message":"[Analyzer] Processing 39/100: 0xbacec9ceb004c1e9a30818d34bfce1b2de670437","timestamp":"2026-08-06T02:57:25.182Z"}
{"level":"info","message":"[Analyzer] Processing 40/100: 0x0824513f63d3142c7d793b87c0212bc5b2049add","timestamp":"2026-08-06T02:57:25.183Z"}
{"level":"info","message":"[Analyzer] Processing 41/100: 0xfd66467866cf52868eb1a7dec62a6d4bbb384adb","timestamp":"2026-08-06T02:57:25.184Z"}
{"level":"info","message":"[Analyzer] Processing 42/100: 0xccee5a373f2b9ee9f167ca7847ddfac6c015320e","timestamp":"2026-08-06T02:57:25.185Z"}
{"level":"info","message":"[Analyzer] Processing 43/100: 0x6bb12a5c0abc9417993db04c197d980baad979f0","timestamp":"2026-08-06T02:57:25.185Z"}
{"level":"info","message":"[Analyzer] Processing 44/100: 0xcecb9a3f0308de45a15edb25109be841acf78791","timestamp":"2026-08-06T02:57:25.185Z"}
{"level":"info","message":"[Analyzer] Processing 45/100: 0xd76c632ecb3a07f66d96f59dea8b782b40a4ae77","timestamp":"2026-08-06T02:57:25.186Z"}
{"level":"info","message":"[Analyzer] Processing 46/100: 0x56b6a3b413d0ecb5a6b0fd771e0735d7fd353819","timestamp":"2026-08-06T02:57:25.186Z"}
{"level":"info","message":"[Analyzer] Processing 47/100: 0xe73fcbcf1450395bdae5eaea4201f17bdcdb5929","timestamp":"2026-08-06T02:57:25.186Z"}
{"level":"info","message":"[Analyzer] Processing 48/100: 0xe9c9a9018c915c26d63fcb2a4959647d9ff0ae03","timestamp":"2026-08-06T02:57:25.186Z"}
{"level":"info","message":"[Analyzer] Processing 49/100: 0xdb0b07eb1b737da3ea76e0346ba42eff47b082ad","timestamp":"2026-08-06T02:57:25.187Z"}
{"level":"info","message":"[Analyzer] Processing 50/100: 0x476ab3b90f3316983ef4408f0eca97bdff90d2ad","timestamp":"2026-08-06T02:57:25.188Z"}
{"level":"info","message":"[Analyzer] Processing 51/100: 0x79d0b3fc9b6198639ebfcf4639f42f13f5e0ed2e","timestamp":"2026-08-06T02:57:25.188Z"}
{"level":"info","message":"[Analyzer] Processing 52/100: 0x4cdc64fb711423ed5658c59b59829e8249d3b6a0","timestamp":"2026-08-06T02:57:25.188Z"}
{"level":"info","message":"[Analyzer] Processing 53/100: 0x5ec13dbd6c8234718d2f4a5d47ce87ead7abcd4f","timestamp":"2026-08-06T02:57:25.188Z"}
{"level":"info","message":"[Analyzer] Processing 54/100: 0x5ec13dbd6c8234718d2f4a5d47ce87ead7abcd4f","timestamp":"2026-08-06T02:57:25.189Z"}
{"level":"info","message":"[Analyzer] Processing 55/100: 0xa72941e2f42be577d7cc199622538175fb00651c","timestamp":"2026-08-06T02:57:25.190Z"}
{"level":"info","message":"[Analyzer] Processing 56/100: 0xbe53932126c43702d66da53727a7ebee5c92ac37","timestamp":"2026-08-06T02:57:25.191Z"}
{"level":"info","message":"[Analyzer] Processing 57/100: 0x0ec80b2a8fd0e5c074622cb912510049f453efe3","timestamp":"2026-08-06T02:57:25.191Z"}
{"level":"info","message":"[Analyzer] Processing 58/100: 0x3bba2da8db3309e654c960068fb8a06044d266ad","timestamp":"2026-08-06T02:57:25.191Z"}
{"level":"info","message":"[Analyzer] Processing 59/100: 0xcfb8248cf9401db5c9a8069f28e19fdd008d8813","timestamp":"2026-08-06T02:57:25.192Z"}
{"level":"info","message":"[Analyzer] Processing 60/100: 0xe823d7e2321a16b9580514b2e9a7c3c34cac7f90","timestamp":"2026-08-06T02:57:25.192Z"}
{"level":"info","message":"[Analyzer] Processing 61/100: 0xc9be25ca166fecb20ff57ec83d1c944f98ed94e4","timestamp":"2026-08-06T02:57:25.193Z"}
{"level":"info","message":"[Analyzer] Processing 62/100: 0x6d8e32f0b081c4634206d8de7e4b08763bb1f1db","timestamp":"2026-08-06T02:57:25.193Z"}
{"level":"info","message":"[Analyzer] Processing 63/100: 0x02497712ec98eff457c0d0791af2eab7057d5f90","timestamp":"2026-08-06T02:57:25.193Z"}
{"level":"info","message":"[Analyzer] Processing 64/100: 0xb82c30d3b8109a27511549c5e2a19bdbda23ca57","timestamp":"2026-08-06T02:57:25.194Z"}
{"level":"info","message":"[Analyzer] Processing 65/100: 0x4bcbcb26b12ae95eac59131a073e914696ffdf97","timestamp":"2026-08-06T02:57:25.194Z"}
{"level":"info","message":"[Analyzer] Processing 66/100: 0xb2546ca5d99d217fa3e2ee96e8a301a8985e5f82","timestamp":"2026-08-06T02:57:25.194Z"}
{"level":"info","message":"[Analyzer] Processing 67/100: 0x49706fc91132b9ef8ff6d2891d1b1f35de5e53e1","timestamp":"2026-08-06T02:57:25.195Z"}
{"level":"info","message":"[Analyzer] Processing 68/100: 0xa4470af1b06f6c4883a770ee5ff6c706aab915c8","timestamp":"2026-08-06T02:57:25.195Z"}
{"level":"info","message":"[Analyzer] Processing 69/100: 0x1ee6eea3b53c2fa5e6c9aa1b9035f13a8a5250d4","timestamp":"2026-08-06T02:57:25.196Z"}
{"level":"info","message":"[Analyzer] Processing 70/100: 0x46c9bdf49470bf791a74625e4fa538e8ef5c3b2e","timestamp":"2026-08-06T02:57:25.197Z"}
{"level":"info","message":"[Analyzer] Processing 71/100: 0xe422a479cce99d66fd9409be2d347d7e2823d188","timestamp":"2026-08-06T02:57:25.198Z"}
{"level":"info","message":"[Analyzer] Processing 72/100: 0x53676f6c01d5e85502e65fd46921abf127b1e55e","timestamp":"2026-08-06T02:57:25.199Z"}
{"level":"info","message":"[Analyzer] Processing 73/100: 0xb9a7759921aa3eeb3ffbbbc7ec7290321306f861","timestamp":"2026-08-06T02:57:25.199Z"}
{"level":"info","message":"[Analyzer] Processing 74/100: 0x4a9b13004dadaed5d70de385f066f373b536d791","timestamp":"2026-08-06T02:57:25.200Z"}
{"level":"info","message":"[Analyzer] Processing 75/100: 0x9a843fea096ff6be46e22f66b7c59f6cc8a5e701","timestamp":"2026-08-06T02:57:25.200Z"}
{"level":"info","message":"[Analyzer] Processing 76/100: 0x6528e9eed68551934b167d63eb0deec2abeeae3a","timestamp":"2026-08-06T02:57:25.200Z"}
{"level":"info","message":"[Analyzer] Processing 77/100: 0x10c52ec7efe2f51c551a3202633d8cec54760c78","timestamp":"2026-08-06T02:57:25.200Z"}
{"level":"info","message":"[Analyzer] Processing 78/100: 0x239eceacb0e58eddc289ed14f466f92b6b92783c","timestamp":"2026-08-06T02:57:25.201Z"}
{"level":"info","message":"[Analyzer] Processing 79/100: 0xf30d66d227dd573fdf3eb3801e8fe6e42a708ddc","timestamp":"2026-08-06T02:57:25.201Z"}
{"level":"info","message":"[Analyzer] Processing 80/100: 0x949e734f9e45637942340cb1f20924797ab1dccc","timestamp":"2026-08-06T02:57:25.203Z"}
{"level":"info","message":"[Analyzer] Processing 81/100: 0x13ac57239488f19746a18cfe71d194f683811b46","timestamp":"2026-08-06T02:57:25.204Z"}
{"level":"info","message":"[Analyzer] Processing 82/100: 0x74c86593d6961dc386b063d17477656120d3ec35","timestamp":"2026-08-06T02:57:25.204Z"}
{"level":"info","message":"[Analyzer] Processing 83/100: 0x73c1f6b32283857cc1d26e0ad233822818b12471","timestamp":"2026-08-06T02:57:25.205Z"}
{"level":"info","message":"[Analyzer] Processing 84/100: 0x159633a6b97175d01e8f8a64068f4e2582d6a67f","timestamp":"2026-08-06T02:57:25.206Z"}
{"level":"info","message":"[Analyzer] Processing 85/100: 0xf07e7453f624414fff74ee4063f2ec9ce7996958","timestamp":"2026-08-06T02:57:25.206Z"}
{"level":"info","message":"[Analyzer] Processing 86/100: 0x832046a00dc9f8fba8871464cb33de9a801e4307","timestamp":"2026-08-06T02:57:25.207Z"}
{"level":"info","message":"[Analyzer] Processing 87/100: 0x78cee962f453522634d9bdd527ed26ba698524bc","timestamp":"2026-08-06T02:57:25.209Z"}
{"level":"info","message":"[Analyzer] Processing 88/100: 0x2bb51a7dd19ddb026f2dc6daea421ac1ea884385","timestamp":"2026-08-06T02:57:25.210Z"}
{"level":"info","message":"[Analyzer] Processing 89/100: 0xfc44179b8fc2516ba47b2a1e93a6326484bb6abf","timestamp":"2026-08-06T02:57:25.211Z"}
{"level":"info","message":"[Analyzer] Processing 90/100: 0x1862f27cb5979ee150b9370a502f30e017ee0877","timestamp":"2026-08-06T02:57:25.211Z"}
{"level":"info","message":"[Analyzer] Processing 91/100: 0x8f2ef91634064affe42ebfc31d86daae592385ec","timestamp":"2026-08-06T02:57:25.211Z"}
{"level":"info","message":"[Analyzer] Processing 92/100: 0xd88fa8ffb3c7e68b3fad28521e8fae87d4e9e850","timestamp":"2026-08-06T02:57:25.212Z"}
{"level":"info","message":"[Analyzer] Processing 93/100: 0x8dcc25c749a6216e2c387ec789624df3fea59f99","timestamp":"2026-08-06T02:57:25.212Z"}
{"level":"info","message":"[Analyzer] Processing 94/100: 0xce56fe6e32a2eb10fa4529d851b7e343dc91ea07","timestamp":"2026-08-06T02:57:25.213Z"}
{"level":"info","message":"[Analyzer] Processing 95/100: 0x38759c081e4675785a8dddd4f7966778e0c8d3bc","timestamp":"2026-08-06T02:57:25.215Z"}
{"level":"info","message":"[Analyzer] Processing 96/100: 0xee9bcabd93e74a68408a2a34d165959ad226241d","timestamp":"2026-08-06T02:57:25.216Z"}
{"level":"info","message":"[Analyzer] Processing 97/100: 0x600df47682502e80b07cbd39dd075e36006f812e","timestamp":"2026-08-06T02:57:25.217Z"}
{"level":"info","message":"[Analyzer] Processing 98/100: 0x372b6def309cd977cfdc0ef20df7576342f50aba","timestamp":"2026-08-06T02:57:25.217Z"}
{"level":"info","message":"[Analyzer] Processing 99/100: 0x2a92724ea794d9ceacdcab312e5d82e2410ebdb3","timestamp":"2026-08-06T02:57:25.217Z"}
{"level":"info","message":"[Analyzer] Processing 100/100: 0xba16c14c9c178d9dd53be1e4466332c8679a83c4","timestamp":"2026-08-06T02:57:25.218Z"}
{"level":"info","message":"Page 4: +79 human targets | 21 bots filtered","timestamp":"2026-08-06T02:57:39.417Z"}
{"level":"info","message":"Page 4: Deleted 1485 transfer records for 99 evaluated senders","timestamp":"2026-08-06T02:57:40.015Z"}
{"level":"info","message":"Fetched 100 raw pairs (page 5). Running Stage 1 + Stage 2 checks...","timestamp":"2026-08-06T02:57:40.500Z"}
{"level":"info","message":"[Analyzer] Processing 1/100: 0x5e0d438741a2e3540445cfa196ce0f27dcb4ce4e","timestamp":"2026-08-06T02:57:40.500Z"}
{"level":"info","message":"[Analyzer] Processing 2/100: 0xa83b2f8edda3de72a0d09d56c31c8c311e8d8ec8","timestamp":"2026-08-06T02:57:40.501Z"}
{"level":"info","message":"[Analyzer] Processing 3/100: 0xbcd08286c3d6c0209c47dde84bfb0690064958a9","timestamp":"2026-08-06T02:57:40.501Z"}
{"level":"info","message":"[Analyzer] Processing 4/100: 0x2050164c9cbcf5b76ae4b4738e190c081efb8934","timestamp":"2026-08-06T02:57:40.501Z"}
{"level":"info","message":"[Analyzer] Processing 5/100: 0x009663f9be1309876b1983eef846d452559cb9cb","timestamp":"2026-08-06T02:57:40.502Z"}
{"level":"info","message":"[Analyzer] Processing 6/100: 0xc5430da49942e9b9736d375d274bed0e322ec3e5","timestamp":"2026-08-06T02:57:40.502Z"}
{"level":"info","message":"[Analyzer] Processing 7/100: 0x6a54a46d4790e6a1a338e8fcbf201e3b85d3108e","timestamp":"2026-08-06T02:57:40.502Z"}
{"level":"info","message":"[Analyzer] Processing 8/100: 0x3b5f67a2a775bfde5270760b5305340ea7c980c4","timestamp":"2026-08-06T02:57:40.503Z"}
{"level":"info","message":"[Analyzer] Processing 9/100: 0xb6d856a3f9a994fe6a8ecce8e7ef6107ad4cc23a","timestamp":"2026-08-06T02:57:40.503Z"}
{"level":"info","message":"[Analyzer] Processing 10/100: 0xcdce29c9f3c24970b9b653ab4504b1d843e634b6","timestamp":"2026-08-06T02:57:40.503Z"}
{"level":"info","message":"[Analyzer] Processing 11/100: 0x1a493d7c47203970c31b6f7857258de1f7649070","timestamp":"2026-08-06T02:57:40.503Z"}
{"level":"info","message":"[Analyzer] Processing 12/100: 0x5a19166b00f6c76109a910347efd57d5df5c8b77","timestamp":"2026-08-06T02:57:40.504Z"}
{"level":"info","message":"[Analyzer] Processing 13/100: 0x886b3f53d34e06d87c7257a1001657a9f4cfb3ff","timestamp":"2026-08-06T02:57:40.504Z"}
{"level":"info","message":"[Analyzer] Processing 14/100: 0x12dd84730df507542cd8b8b5492eb6e0081e1585","timestamp":"2026-08-06T02:57:40.505Z"}
{"level":"info","message":"[Analyzer] Processing 15/100: 0xfbe20023e107d74f3ddc7c0d9b247ee8f74000a3","timestamp":"2026-08-06T02:57:40.506Z"}
{"level":"info","message":"[Analyzer] Processing 16/100: 0xc17474f1d0fc2e08a1e69190f9b7089e9a2ca0cc","timestamp":"2026-08-06T02:57:40.506Z"}
{"level":"info","message":"[Analyzer] Processing 17/100: 0x58d9a604f19553373bbd75060acb55de25c89814","timestamp":"2026-08-06T02:57:40.507Z"}
{"level":"info","message":"[Analyzer] Processing 18/100: 0x3dab3d64af2ce47b3609739969dbfd8e93ce1d91","timestamp":"2026-08-06T02:57:40.508Z"}
{"level":"info","message":"[Analyzer] Processing 19/100: 0x810509c566c484c64257a400663f34b748cdb9fa","timestamp":"2026-08-06T02:57:40.508Z"}
{"level":"info","message":"[Analyzer] Processing 20/100: 0x5496041487565567fe2726074f49d0e41ad82b2d","timestamp":"2026-08-06T02:57:40.509Z"}
{"level":"info","message":"[Analyzer] Processing 21/100: 0x8503695343424247e7eedf8cb362bc49901c596a","timestamp":"2026-08-06T02:57:40.509Z"}
{"level":"info","message":"[Analyzer] Processing 22/100: 0x08848b5c2e80488fa9d6df900d4603f2356a02e0","timestamp":"2026-08-06T02:57:40.510Z"}
{"level":"info","message":"[Analyzer] Processing 23/100: 0x4b88215dceaf76da260c7ef3ba6d5b6663681396","timestamp":"2026-08-06T02:57:40.511Z"}
{"level":"info","message":"[Analyzer] Processing 24/100: 0x663a64e8205555e0537ec621a6858791cffcedba","timestamp":"2026-08-06T02:57:40.511Z"}
{"level":"info","message":"[Analyzer] Processing 25/100: 0xf66c51b90b34029dba0f48c25ddf9fa08e0083af","timestamp":"2026-08-06T02:57:40.512Z"}
{"level":"info","message":"[Analyzer] Processing 26/100: 0x9e60fb109d316598f5085ca0fde3fe58ae382dc0","timestamp":"2026-08-06T02:57:40.512Z"}
{"level":"info","message":"[Analyzer] Processing 27/100: 0xf5ca1c6efecb107ed833f65fd8ec339a6df2cb89","timestamp":"2026-08-06T02:57:40.513Z"}
{"level":"info","message":"[Analyzer] Processing 28/100: 0xc2a247e939b18b1da4575fc3160dd11866feac54","timestamp":"2026-08-06T02:57:40.513Z"}
{"level":"info","message":"[Analyzer] Processing 29/100: 0x485e7124be0bf239553e2474da18926f8dbd46e1","timestamp":"2026-08-06T02:57:40.514Z"}
{"level":"info","message":"[Analyzer] Processing 30/100: 0xb8e9887958eb77b73caa25e9b0601107bda416c1","timestamp":"2026-08-06T02:57:40.515Z"}
{"level":"info","message":"[Analyzer] Processing 31/100: 0x2899429c257c14b3add9aaef33a953a9ffeeb9fd","timestamp":"2026-08-06T02:57:40.515Z"}
{"level":"info","message":"[Analyzer] Processing 32/100: 0x8c379dda8598d671898b6f1ed3983b43e99508b9","timestamp":"2026-08-06T02:57:40.516Z"}
{"level":"info","message":"[Analyzer] Processing 33/100: 0x1f0ac8600ff52dad74078dc0f67bde25522595ab","timestamp":"2026-08-06T02:57:40.516Z"}
{"level":"info","message":"[Analyzer] Processing 34/100: 0xda76d102d0273d590cbcb53d89a90a76609f6487","timestamp":"2026-08-06T02:57:40.517Z"}
{"level":"info","message":"[Analyzer] Processing 35/100: 0x47985947f15235f2d0edc2494f2aea5be78e60c8","timestamp":"2026-08-06T02:57:40.517Z"}
{"level":"info","message":"[Analyzer] Processing 36/100: 0x78dea3b66277b94b246b5f5898108a0476599158","timestamp":"2026-08-06T02:57:40.518Z"}
{"level":"info","message":"[Analyzer] Processing 37/100: 0x8c96f6d0bb0fa92f0afcec89b73cd4003963ca25","timestamp":"2026-08-06T02:57:40.519Z"}
{"level":"info","message":"[Analyzer] Processing 38/100: 0x12dd84730df507542cd8b8b5492eb6e0081e1585","timestamp":"2026-08-06T02:57:40.520Z"}
{"level":"info","message":"[Analyzer] Processing 39/100: 0xc3eafcbd3fbcd393e3b80b3a87a8626a1934ba06","timestamp":"2026-08-06T02:57:40.520Z"}
{"level":"info","message":"[Analyzer] Processing 40/100: 0x0cfc8327b7d0168d5364e27c2392561796f616fe","timestamp":"2026-08-06T02:57:40.521Z"}
{"level":"info","message":"[Analyzer] Processing 41/100: 0x9a7f7b65c9956c39354a64a190a1ef800b4f6bc0","timestamp":"2026-08-06T02:57:40.521Z"}
{"level":"info","message":"[Analyzer] Processing 42/100: 0xaf4aabaedd7a0f5319931d2f70bad61766121cc3","timestamp":"2026-08-06T02:57:40.522Z"}
{"level":"info","message":"[Analyzer] Processing 43/100: 0x74e9b2349a4f2c21767e274265de7a5abcd072b5","timestamp":"2026-08-06T02:57:40.523Z"}
{"level":"info","message":"[Analyzer] Processing 44/100: 0x8f00556b2daf742e66565d324aabd2a03d5d80fc","timestamp":"2026-08-06T02:57:40.523Z"}
{"level":"info","message":"[Analyzer] Processing 45/100: 0xfdf385dd5cf6ee8eab157a3e3fd2fbfded41f179","timestamp":"2026-08-06T02:57:40.523Z"}
{"level":"info","message":"[Analyzer] Processing 46/100: 0xb4e5a627f895e6ad620a3c1392f9dc5f172de672","timestamp":"2026-08-06T02:57:40.524Z"}
{"level":"info","message":"[Analyzer] Processing 47/100: 0xf9f845d12a5bb55f4e4a84ff1453b3f327457015","timestamp":"2026-08-06T02:57:40.525Z"}
{"level":"info","message":"[Analyzer] Processing 48/100: 0x1368f026630e7b7eec9083a6488920621fbea2e2","timestamp":"2026-08-06T02:57:40.526Z"}
{"level":"info","message":"[Analyzer] Processing 49/100: 0xa374131afe1e6b6b972e7706f27dcc6832669647","timestamp":"2026-08-06T02:57:40.526Z"}
{"level":"info","message":"[Analyzer] Processing 50/100: 0xeb27e11b9a579abcd9e106d2fb7b41b095f4b84e","timestamp":"2026-08-06T02:57:40.527Z"}
{"level":"info","message":"[Analyzer] Processing 51/100: 0x6b4ea6c00fe00629bedff709161272a26deea488","timestamp":"2026-08-06T02:57:40.527Z"}
{"level":"info","message":"[Analyzer] Processing 52/100: 0x0b78a70a7d6ae6c58bc6727cd4d91c07b13c46d0","timestamp":"2026-08-06T02:57:40.527Z"}
{"level":"info","message":"[Analyzer] Processing 53/100: 0xd8e397e0cb338317df9e9f33fe1c44e79629b0c0","timestamp":"2026-08-06T02:57:40.528Z"}
{"level":"info","message":"[Analyzer] Processing 54/100: 0x5e298fe20801de10057296b04f64db502974494f","timestamp":"2026-08-06T02:57:40.528Z"}
{"level":"info","message":"[Analyzer] Processing 55/100: 0xf6ce52b8fd080830323fd993edfacef158256518","timestamp":"2026-08-06T02:57:40.528Z"}
{"level":"info","message":"[Analyzer] Processing 56/100: 0xfa8bdc076e288505b92ac9c6c4d3e0d17c02ec36","timestamp":"2026-08-06T02:57:40.529Z"}
{"level":"info","message":"[Analyzer] Processing 57/100: 0x9af7bced052a48f951c73c53a84c071ab5235e86","timestamp":"2026-08-06T02:57:40.529Z"}
{"level":"info","message":"[Analyzer] Processing 58/100: 0x80e00d0b19e4021ddb7d20abf663c8e8a1f50c6c","timestamp":"2026-08-06T02:57:40.531Z"}
{"level":"info","message":"[Analyzer] Processing 59/100: 0x476756c3d75a05757e3e8abad6736ea6ab14675f","timestamp":"2026-08-06T02:57:40.531Z"}
{"level":"info","message":"[Analyzer] Processing 60/100: 0x7d2fe98405643c2bbcc0cd3207ecbae55bcf8aba","timestamp":"2026-08-06T02:57:40.532Z"}
{"level":"info","message":"[Analyzer] Processing 61/100: 0xaafb83ff92d9d9ed217ea712354a7a80537707cd","timestamp":"2026-08-06T02:57:40.532Z"}
{"level":"info","message":"[Analyzer] Processing 62/100: 0xd5f8c9c3ae2fee33dea713349a3c000bd0d9db46","timestamp":"2026-08-06T02:57:40.533Z"}
{"level":"info","message":"[Analyzer] Processing 63/100: 0x98c4ef626e41546d2ac308d3c509248692fc8c2f","timestamp":"2026-08-06T02:57:40.533Z"}
{"level":"info","message":"[Analyzer] Processing 64/100: 0x5c96fb020b15ac604eb18d93840ec4997ddf9502","timestamp":"2026-08-06T02:57:40.533Z"}
{"level":"info","message":"[Analyzer] Processing 65/100: 0x43d5d058e56a100f6e5a90562a55fc8b70490424","timestamp":"2026-08-06T02:57:40.534Z"}
{"level":"info","message":"[Analyzer] Processing 66/100: 0x203d6ca86dd31e4bcfb879e832089940f1b22553","timestamp":"2026-08-06T02:57:40.534Z"}
{"level":"info","message":"[Analyzer] Processing 67/100: 0xf5326f8169d4616b434cc40cb2c4d6aec98feda2","timestamp":"2026-08-06T02:57:40.534Z"}
{"level":"info","message":"[Analyzer] Processing 68/100: 0x5f19155e2c497a3231872a9643b664e274c1489e","timestamp":"2026-08-06T02:57:40.535Z"}
{"level":"info","message":"[Analyzer] Processing 69/100: 0xb5bc08e4673d91e46cde47eb914e4e2c27d04a58","timestamp":"2026-08-06T02:57:40.535Z"}
{"level":"info","message":"[Analyzer] Processing 70/100: 0xa8006410244307273e3aafc8bc8b39a781b75d59","timestamp":"2026-08-06T02:57:40.536Z"}
{"level":"info","message":"[Analyzer] Processing 71/100: 0x2ce9fbd8cdfed4e9416ae657274733f89410613a","timestamp":"2026-08-06T02:57:40.538Z"}
{"level":"info","message":"[Analyzer] Processing 72/100: 0xf330cf5bfc9d60ddac0236723d95dd426120060e","timestamp":"2026-08-06T02:57:40.538Z"}
{"level":"info","message":"[Analyzer] Processing 73/100: 0x994cc6561f7239e5ccd2efeac74db77ac132c82e","timestamp":"2026-08-06T02:57:40.539Z"}
{"level":"info","message":"[Analyzer] Processing 74/100: 0xd4fccb9e72d17f42c08e98e34234d0a865bd50c7","timestamp":"2026-08-06T02:57:40.539Z"}
{"level":"info","message":"[Analyzer] Processing 75/100: 0xc9d218f169aeebc9c474d1f51bc7e8db5cbe6b9e","timestamp":"2026-08-06T02:57:40.539Z"}
{"level":"info","message":"[Analyzer] Processing 76/100: 0x0863a393bda16a9224e7152d0e65dc68375ea76b","timestamp":"2026-08-06T02:57:40.539Z"}
{"level":"info","message":"[Analyzer] Processing 77/100: 0x458ddbec3de682a2523bbe47e86a7d6b47bffef9","timestamp":"2026-08-06T02:57:40.540Z"}
{"level":"info","message":"[Analyzer] Processing 78/100: 0x360cb31fe9bf363138df78eb7ba96b0b5c0892fb","timestamp":"2026-08-06T02:57:40.540Z"}
{"level":"info","message":"[Analyzer] Processing 79/100: 0x1186fcb478586338d86e116db853e2a8079745d3","timestamp":"2026-08-06T02:57:40.541Z"}
{"level":"info","message":"[Analyzer] Processing 80/100: 0xbc0235c2052844a887ab5c896018f788148e7782","timestamp":"2026-08-06T02:57:40.541Z"}
{"level":"info","message":"[Analyzer] Processing 81/100: 0xcb478fc1935f38d65493ba6d7cc818629ffcee53","timestamp":"2026-08-06T02:57:40.541Z"}
{"level":"info","message":"[Analyzer] Processing 82/100: 0x029c5a853392248fcafd39f0a90a38bc2d0accef","timestamp":"2026-08-06T02:57:40.542Z"}
{"level":"info","message":"[Analyzer] Processing 83/100: 0xbebb95c44deec2322ed17221aab94e799f1d4208","timestamp":"2026-08-06T02:57:40.542Z"}
{"level":"info","message":"[Analyzer] Processing 84/100: 0x8ffc773aae5f0cc93c012553b9b3e234cbfdbe11","timestamp":"2026-08-06T02:57:40.542Z"}
{"level":"info","message":"[Analyzer] Processing 85/100: 0x7992d678097c292c13db068837e0e15227e4d812","timestamp":"2026-08-06T02:57:40.544Z"}
{"level":"info","message":"[Analyzer] Processing 86/100: 0x68eadb446d76bff2a0acb166c7d1c8c922e39be9","timestamp":"2026-08-06T02:57:40.545Z"}
{"level":"info","message":"[Analyzer] Processing 87/100: 0x045d5f3891b0005e9c9ffd54c30c5e84ce2eb841","timestamp":"2026-08-06T02:57:40.546Z"}
{"level":"info","message":"[Analyzer] Processing 88/100: 0xa575613e8207df167823ac4c851fd9727d678002","timestamp":"2026-08-06T02:57:40.546Z"}
{"level":"info","message":"[Analyzer] Processing 89/100: 0xc452669c027b2fea3d6bdbdfd01f9b50cc7f1899","timestamp":"2026-08-06T02:57:40.547Z"}
{"level":"info","message":"[Analyzer] Processing 90/100: 0x75311a81497a7b19974d02821232f39f13f1d4d4","timestamp":"2026-08-06T02:57:40.548Z"}
{"level":"info","message":"[Analyzer] Processing 91/100: 0xf2ee2927ea04458de14ff56842bdd941e34e0577","timestamp":"2026-08-06T02:57:40.548Z"}
{"level":"info","message":"[Analyzer] Processing 92/100: 0xbfae88be9e2a33e3eac03656273732ec3fd2a25e","timestamp":"2026-08-06T02:57:40.549Z"}
{"level":"info","message":"[Analyzer] Processing 93/100: 0xa6291fc0acc880e3cc1a8e2814ebdcb9122c07a6","timestamp":"2026-08-06T02:57:40.550Z"}
{"level":"info","message":"[Analyzer] Processing 94/100: 0x21abba41b1aa41ba95647207e1b92892721cd949","timestamp":"2026-08-06T02:57:40.551Z"}
{"level":"info","message":"[Analyzer] Processing 95/100: 0xf8a79d8ecc6a8d13f24db5e314a4323794527bfe","timestamp":"2026-08-06T02:57:40.552Z"}
{"level":"info","message":"[Analyzer] Processing 96/100: 0xc22e97801ed1aa3cfbbb40b251773d8917249a82","timestamp":"2026-08-06T02:57:40.552Z"}
{"level":"info","message":"[Analyzer] Processing 97/100: 0xd8c629221bf930e10163d8db769324a3b5a9d276","timestamp":"2026-08-06T02:57:40.553Z"}
{"level":"info","message":"[Analyzer] Processing 98/100: 0x7e36a466eb8387ae399cb73955b55f5b476bdf12","timestamp":"2026-08-06T02:57:40.553Z"}
{"level":"info","message":"[Analyzer] Processing 99/100: 0x0c0e6b2f631f12b77bb8e6c93e8ca650a9c17fe8","timestamp":"2026-08-06T02:57:40.553Z"}
{"level":"info","message":"[Analyzer] Processing 100/100: 0x84022ba4a53c2c386184b3e5f1aa274bf9604e72","timestamp":"2026-08-06T02:57:40.554Z"}
{"level":"info","message":"Page 5: +79 human targets | 21 bots filtered","timestamp":"2026-08-06T02:57:52.707Z"}
{"level":"info","message":"Page 5: Deleted 1358 transfer records for 99 evaluated senders","timestamp":"2026-08-06T02:57:53.319Z"}
{"level":"info","message":"Fetched 100 raw pairs (page 6). Running Stage 1 + Stage 2 checks...","timestamp":"2026-08-06T02:57:56.420Z"}
{"level":"info","message":"[Analyzer] Processing 1/100: 0x99b1be7b2c03e3005b84cb16b8334d1658020722","timestamp":"2026-08-06T02:57:56.420Z"}
{"level":"info","message":"[Analyzer] Processing 2/100: 0x99c5a70d57a70127065dfd811ad282dd1a646cdd","timestamp":"2026-08-06T02:57:56.421Z"}
{"level":"info","message":"[Analyzer] Processing 3/100: 0xad30e2e385a5e54a38b04a9c7239c2286c6ae83c","timestamp":"2026-08-06T02:57:56.434Z"}
{"level":"info","message":"[Analyzer] Processing 4/100: 0xf6510c869d925f973b0a8d57daabbc40c6425ddd","timestamp":"2026-08-06T02:57:56.434Z"}
{"level":"info","message":"[Analyzer] Processing 5/100: 0x3d3e7ef4b7e4e903f89e370e11c673bcc74dce7a","timestamp":"2026-08-06T02:57:56.435Z"}
{"level":"info","message":"[Analyzer] Processing 6/100: 0x12d301733eeea16ed3cfa433ba17463c630fdf62","timestamp":"2026-08-06T02:57:56.435Z"}
{"level":"info","message":"[Analyzer] Processing 7/100: 0x2b243d03e46887bf8894e77e632bcbf47b36a123","timestamp":"2026-08-06T02:57:56.435Z"}
{"level":"info","message":"[Analyzer] Processing 8/100: 0x22539a0ccea56b1404b6ef6e5ee24048100787aa","timestamp":"2026-08-06T02:57:56.437Z"}
{"level":"info","message":"[Analyzer] Processing 9/100: 0x82d40db15c1b04dd1ab051c2be07fc6f57f0ccd2","timestamp":"2026-08-06T02:57:56.437Z"}
{"level":"info","message":"[Analyzer] Processing 10/100: 0x15cfa1f6bbd3defb47e03a655d547258cf95a4d9","timestamp":"2026-08-06T02:57:56.437Z"}
{"level":"info","message":"[Analyzer] Processing 11/100: 0x57cd2a31b118680acc1444984cfa3b2e53c13566","timestamp":"2026-08-06T02:57:56.438Z"}
{"level":"info","message":"[Analyzer] Processing 12/100: 0x52d19fa5c7827a226831d8b9b25ad7292e8bc02e","timestamp":"2026-08-06T02:57:56.438Z"}
{"level":"info","message":"[Analyzer] Processing 13/100: 0xd73930ad1e6bc069b217a35663fb5305103b5c89","timestamp":"2026-08-06T02:57:56.439Z"}
{"level":"info","message":"[Analyzer] Processing 14/100: 0x9fe546e5f4fa0708f05ba2296ad84a9dfeb94b5d","timestamp":"2026-08-06T02:57:56.439Z"}
{"level":"info","message":"[Analyzer] Processing 15/100: 0x5e83b1e452466172d4909112c757813ddc4ec75b","timestamp":"2026-08-06T02:57:56.441Z"}
{"level":"info","message":"[Analyzer] Processing 16/100: 0x47b869d84df9ee2a04dd546ae4c79d80508ae0a9","timestamp":"2026-08-06T02:57:56.441Z"}
{"level":"info","message":"[Analyzer] Processing 17/100: 0xe4332e7a8417ba3c02bb7c429630b0cbf7544a29","timestamp":"2026-08-06T02:57:56.441Z"}
{"level":"info","message":"[Analyzer] Processing 18/100: 0xceee0b7c44ae35ead2cdb0d6bd7411833803aa56","timestamp":"2026-08-06T02:57:56.442Z"}
{"level":"info","message":"[Analyzer] Processing 19/100: 0xfb20beee9b2386a87a816b1d75e6ed3a4c8fa8fe","timestamp":"2026-08-06T02:57:56.442Z"}
{"level":"info","message":"[Analyzer] Processing 20/100: 0x7c7c20bf643b0cdaded5db019fda7a949d5ccbee","timestamp":"2026-08-06T02:57:56.443Z"}
{"level":"info","message":"[Analyzer] Processing 21/100: 0x00eb31c77a2a77b53d26763a1fc980013e26cee9","timestamp":"2026-08-06T02:57:56.443Z"}
{"level":"info","message":"[Analyzer] Processing 22/100: 0xe3208fd35ed898bc9626f44045a429a164bb7a7d","timestamp":"2026-08-06T02:57:56.458Z"}
{"level":"info","message":"[Analyzer] Processing 23/100: 0x195f8e7d06ca0a25b97663ce06747947008b0de7","timestamp":"2026-08-06T02:57:56.459Z"}
{"level":"info","message":"[Analyzer] Processing 24/100: 0x06341bffbaad98a00131f4d7b72abc43b10d18b8","timestamp":"2026-08-06T02:57:56.459Z"}
{"level":"info","message":"[Analyzer] Processing 25/100: 0x108cce613d753195b3754dea4bc65d05962be922","timestamp":"2026-08-06T02:57:56.459Z"}
{"level":"info","message":"[Analyzer] Processing 26/100: 0x5c95aeaae2c2210d73a909a4010df0234eb46bae","timestamp":"2026-08-06T02:57:56.459Z"}
{"level":"info","message":"[Analyzer] Processing 27/100: 0xcc6faaf0f16a0e152e92e464cc7a402c1f391733","timestamp":"2026-08-06T02:57:56.460Z"}
{"level":"info","message":"[Analyzer] Processing 28/100: 0xe0948c933ff574d58db56f47fbafc27c3348eaed","timestamp":"2026-08-06T02:57:56.460Z"}
{"level":"info","message":"[Analyzer] Processing 29/100: 0x68dff9cdf971ac88b46a6ba1c3906c0524b11bde","timestamp":"2026-08-06T02:57:56.460Z"}
{"level":"info","message":"[Analyzer] Processing 30/100: 0x51a1410e1887f5f3f34b57beeea229372c3b3b26","timestamp":"2026-08-06T02:57:56.461Z"}
{"level":"info","message":"[Analyzer] Processing 31/100: 0xf632044b5a97cbff61191e49aeb17b7652982095","timestamp":"2026-08-06T02:57:56.461Z"}
{"level":"info","message":"[Analyzer] Processing 32/100: 0xa7a26d416c91423ce85949387fb3aac36062edea","timestamp":"2026-08-06T02:57:56.461Z"}
{"level":"info","message":"[Analyzer] Processing 33/100: 0x9d6c9e135f96e5317f58b7b5bf49c0d5db03f3c1","timestamp":"2026-08-06T02:57:56.461Z"}
{"level":"info","message":"[Analyzer] Processing 34/100: 0xa5cdd09ab579b3908fae4e917ade5d7391e7aeb0","timestamp":"2026-08-06T02:57:56.462Z"}
{"level":"info","message":"[Analyzer] Processing 35/100: 0x631f4d1ae02356f25e4695556507996baa380b13","timestamp":"2026-08-06T02:57:56.462Z"}
{"level":"info","message":"[Analyzer] Processing 36/100: 0xb4a61bd27667dfd6798b9108322ccc3b2aeb86a4","timestamp":"2026-08-06T02:57:56.462Z"}
{"level":"info","message":"[Analyzer] Processing 37/100: 0xe77af5785bbfa77b925f156c73bb1f844fe142d3","timestamp":"2026-08-06T02:57:56.463Z"}
{"level":"info","message":"[Analyzer] Processing 38/100: 0xe77af5785bbfa77b925f156c73bb1f844fe142d3","timestamp":"2026-08-06T02:57:56.464Z"}
{"level":"info","message":"[Analyzer] Processing 39/100: 0x236eda87dffd2d3570110f9c88bc5348c54e6d1a","timestamp":"2026-08-06T02:57:56.464Z"}
{"level":"info","message":"[Analyzer] Processing 40/100: 0x788669e60474b791af127f78fbecfaee8b4da3fd","timestamp":"2026-08-06T02:57:56.465Z"}
{"level":"info","message":"[Analyzer] Processing 41/100: 0x12edd10a11fd9c94f9ac1b085a627f3745730899","timestamp":"2026-08-06T02:57:56.466Z"}
{"level":"info","message":"[Analyzer] Processing 42/100: 0x57d64359ab4cb9bd0b447ba59d1d5aa37b457746","timestamp":"2026-08-06T02:57:56.466Z"}
{"level":"info","message":"[Analyzer] Processing 43/100: 0x3f32e9fdff308c3c0b547a3321b90b085d5a7026","timestamp":"2026-08-06T02:57:56.467Z"}
{"level":"info","message":"[Analyzer] Processing 44/100: 0xd7551b20c2fcc6adf199c4d70c5746dc342eacff","timestamp":"2026-08-06T02:57:56.467Z"}
{"level":"info","message":"[Analyzer] Processing 45/100: 0xac78e9cf5862577faaad59622fe5f86d23ad336b","timestamp":"2026-08-06T02:57:56.467Z"}
{"level":"info","message":"[Analyzer] Processing 46/100: 0x63bce3e7c13d1e66d3eee796da02d15080102ea5","timestamp":"2026-08-06T02:57:56.468Z"}
{"level":"info","message":"[Analyzer] Processing 47/100: 0xcf6ac7ffed140f750724810063c58448501671a2","timestamp":"2026-08-06T02:57:56.469Z"}
{"level":"info","message":"[Analyzer] Processing 48/100: 0xa4abbc4a7c6a499453e8f756b032064ae8f87847","timestamp":"2026-08-06T02:57:56.469Z"}
{"level":"info","message":"[Analyzer] Processing 49/100: 0x4b0b05bed23b6055a56f69d0b2b1019174fb600a","timestamp":"2026-08-06T02:57:56.509Z"}
{"level":"info","message":"[Analyzer] Processing 50/100: 0xeb801661b586282978262a8840299d2c6ee5a787","timestamp":"2026-08-06T02:57:56.510Z"}
{"level":"info","message":"[Analyzer] Processing 51/100: 0x869b120b69b92f08bd524c00ccefccc7270eb44d","timestamp":"2026-08-06T02:57:56.512Z"}
{"level":"info","message":"[Analyzer] Processing 52/100: 0x6b8825f3d3e1a1a23790a7cd44bfbd236e956bde","timestamp":"2026-08-06T02:57:56.513Z"}
{"level":"info","message":"[Analyzer] Processing 53/100: 0x74f2cf06730c21f05f0c39157eb344ed3dc7e8e5","timestamp":"2026-08-06T02:57:56.514Z"}
{"level":"info","message":"[Analyzer] Processing 54/100: 0xf557468d00c3a217c68e1f95de020d81d0022c92","timestamp":"2026-08-06T02:57:56.518Z"}
{"level":"info","message":"[Analyzer] Processing 55/100: 0x3831784823363c3141cfc00c31c248b10dac3bd5","timestamp":"2026-08-06T02:57:56.519Z"}
{"level":"info","message":"[Analyzer] Processing 56/100: 0x864e2c04de640d015b33bb4e3092b3cd89ea55ed","timestamp":"2026-08-06T02:57:56.519Z"}
{"level":"info","message":"[Analyzer] Processing 57/100: 0x5d38be3b3ddbd86ce70866131f35705675dae935","timestamp":"2026-08-06T02:57:56.520Z"}
{"level":"info","message":"[Analyzer] Processing 58/100: 0x6164c0a21bb938e999329e5a1b9c7aea7fad40b8","timestamp":"2026-08-06T02:57:56.520Z"}
{"level":"info","message":"[Analyzer] Processing 59/100: 0xbc16357aaa4ead829417a37529d27e42d3499df5","timestamp":"2026-08-06T02:57:56.521Z"}
{"level":"info","message":"[Analyzer] Processing 60/100: 0x0a395b1af79a0ea571d9f44d0066295774be1aa1","timestamp":"2026-08-06T02:57:56.525Z"}
{"level":"info","message":"[Analyzer] Processing 61/100: 0x6d00607361792d222bd1aa8954db0a9f709c626f","timestamp":"2026-08-06T02:57:56.525Z"}
{"level":"info","message":"[Analyzer] Processing 62/100: 0x26b213ce7a7f958666d41e1e166b4f2dc1b0fa94","timestamp":"2026-08-06T02:57:56.526Z"}
{"level":"info","message":"[Analyzer] Processing 63/100: 0xd43904cc54f5584b197a327b7d355993736ab931","timestamp":"2026-08-06T02:57:56.526Z"}
{"level":"info","message":"[Analyzer] Processing 64/100: 0xd3e22e7f5dfe28e5b42af67600c0ec3133194528","timestamp":"2026-08-06T02:57:56.528Z"}
{"level":"info","message":"[Analyzer] Processing 65/100: 0x6e60b08b0569524d47253fb28de7b2a419584786","timestamp":"2026-08-06T02:57:56.528Z"}
{"level":"info","message":"[Analyzer] Processing 66/100: 0x690cfb800ae779936d94219c2c591388782ce396","timestamp":"2026-08-06T02:57:56.529Z"}
{"level":"info","message":"[Analyzer] Processing 67/100: 0x93bae0c4bf7d0360580cff879ee0fedadbfd7e9a","timestamp":"2026-08-06T02:57:56.531Z"}
{"level":"info","message":"[Analyzer] Processing 68/100: 0xdb5985dbd132b9e5cc4bf0a18a8fb04a396ba0a0","timestamp":"2026-08-06T02:57:56.533Z"}
{"level":"info","message":"[Analyzer] Processing 69/100: 0xc6661aaba803f542841335d9585c164d81995b6f","timestamp":"2026-08-06T02:57:56.534Z"}
{"level":"info","message":"[Analyzer] Processing 70/100: 0xbcad146a76725be03103ab02c2667141afd52b54","timestamp":"2026-08-06T02:57:56.535Z"}
{"level":"info","message":"[Analyzer] Processing 71/100: 0x3b0aacd1e5402fb2cd4c177c036813f6b8f58d6e","timestamp":"2026-08-06T02:57:56.535Z"}
{"level":"info","message":"[Analyzer] Processing 72/100: 0x4eaae0bcd891fc244061ab3bf55d021a1d61edab","timestamp":"2026-08-06T02:57:56.536Z"}
{"level":"info","message":"[Analyzer] Processing 73/100: 0x508080e432f78aa31d149b2da925c09cad8100d8","timestamp":"2026-08-06T02:57:56.538Z"}
{"level":"info","message":"[Analyzer] Processing 74/100: 0x27b8fe1fb56d06251412badad3a496c122c89b64","timestamp":"2026-08-06T02:57:56.539Z"}
{"level":"info","message":"[Analyzer] Processing 75/100: 0xe41f63714e4859a008208c1d65ce5f4099bf8f73","timestamp":"2026-08-06T02:57:56.539Z"}
{"level":"info","message":"[Analyzer] Processing 76/100: 0x6cf84c3a8d7fb1b2f2a114d48ba0a400b8a358ab","timestamp":"2026-08-06T02:57:56.541Z"}
{"level":"info","message":"[Analyzer] Processing 77/100: 0xc5462b221f4e54bc313709d00e444ac2d76bece3","timestamp":"2026-08-06T02:57:56.541Z"}
{"level":"info","message":"[Analyzer] Processing 78/100: 0xc5462b221f4e54bc313709d00e444ac2d76bece3","timestamp":"2026-08-06T02:57:56.545Z"}
{"level":"info","message":"[Analyzer] Processing 79/100: 0x8ba4ea3f109e0409b99d8e297d6aa962e31a9392","timestamp":"2026-08-06T02:57:56.547Z"}
{"level":"info","message":"[Analyzer] Processing 80/100: 0x9fb824e37f5550a1c3f0e5d752b02aeb8607507d","timestamp":"2026-08-06T02:57:56.549Z"}
{"level":"info","message":"[Analyzer] Processing 81/100: 0x6491c7982066547154f071ba118cdc52ab71d143","timestamp":"2026-08-06T02:57:56.550Z"}
{"level":"info","message":"[Analyzer] Processing 82/100: 0x4996349a8bac51fc167d22ff88f0dea076cd2d6d","timestamp":"2026-08-06T02:57:56.551Z"}
{"level":"info","message":"[Analyzer] Processing 83/100: 0xeda5afe8387a953c2a6eb766785f1f1d6b912522","timestamp":"2026-08-06T02:57:56.554Z"}
{"level":"info","message":"[Analyzer] Processing 84/100: 0x847f894d1da952b4c4f75f13b90213f9300f2053","timestamp":"2026-08-06T02:57:56.568Z"}
{"level":"info","message":"[Analyzer] Processing 85/100: 0xbc1de96398e849e56168cffe082fcb732e175f30","timestamp":"2026-08-06T02:57:56.574Z"}
{"level":"info","message":"[Analyzer] Processing 86/100: 0xf1836cce1f9bf1cf712f3b26d33ecaf94b194601","timestamp":"2026-08-06T02:57:56.576Z"}
{"level":"info","message":"[Analyzer] Processing 87/100: 0xf88a173fce70f63f4b7311990fa0859187e007a6","timestamp":"2026-08-06T02:57:56.577Z"}
{"level":"info","message":"[Analyzer] Processing 88/100: 0xd60b111ec0f6cde32d1a255637cdef8cb0048af6","timestamp":"2026-08-06T02:57:56.588Z"}
{"level":"info","message":"[Analyzer] Processing 89/100: 0x2787b722f72257bfb3edf6926401e1d588cbdc7d","timestamp":"2026-08-06T02:57:56.589Z"}
{"level":"info","message":"[Analyzer] Processing 90/100: 0xbbaf59a16fb97d9084ef8164bd219812f04d2e38","timestamp":"2026-08-06T02:57:56.611Z"}
{"level":"info","message":"[Analyzer] Processing 91/100: 0xf292bed4bff2a3d1fd9ab4217ed4d29efaf1d797","timestamp":"2026-08-06T02:57:56.612Z"}
{"level":"info","message":"[Analyzer] Processing 92/100: 0x33343a77231e9333a446a4618b727591a72a5032","timestamp":"2026-08-06T02:57:56.612Z"}
{"level":"info","message":"[Analyzer] Processing 93/100: 0x03010b46f3fcc547fccc3bbd8c11cef5215fa3f8","timestamp":"2026-08-06T02:57:56.614Z"}
{"level":"info","message":"[Analyzer] Processing 94/100: 0x56a4d1d770af4440ea5010173fca66f2c542e748","timestamp":"2026-08-06T02:57:56.614Z"}
{"level":"info","message":"[Analyzer] Processing 95/100: 0xb585a63a2bfe2dde6ebe1eaafb0768551e37ebb5","timestamp":"2026-08-06T02:57:56.615Z"}
{"level":"info","message":"[Analyzer] Processing 96/100: 0x9fa97b718c0b6fcfe1e9762a1e2db9092498dde2","timestamp":"2026-08-06T02:57:56.616Z"}
{"level":"info","message":"[Analyzer] Processing 97/100: 0x29d554a3e81c0abd036096f029ee12e472f8bc5d","timestamp":"2026-08-06T02:57:56.617Z"}
{"level":"info","message":"[Analyzer] Processing 98/100: 0xf22c7ca4dfad15d5a8e422eae4648e12168e3304","timestamp":"2026-08-06T02:57:56.618Z"}
{"level":"info","message":"[Analyzer] Processing 99/100: 0x04f252cc382937790f0bd7f70ff982996e7416c4","timestamp":"2026-08-06T02:57:56.618Z"}
{"level":"info","message":"[Analyzer] Processing 100/100: 0xe1e3699917dcf44ef84f24e0855e3bc90b40d7ad","timestamp":"2026-08-06T02:57:56.619Z"}
{"level":"info","message":"Page 6: +69 human targets | 31 bots filtered","timestamp":"2026-08-06T02:58:11.348Z"}
{"level":"info","message":"Page 6: Deleted 1297 transfer records for 98 evaluated senders","timestamp":"2026-08-06T02:58:12.273Z"}
{"level":"info","message":"Fetched 100 raw pairs (page 7). Running Stage 1 + Stage 2 checks...","timestamp":"2026-08-06T02:58:12.868Z"}
{"level":"info","message":"[Analyzer] Processing 1/100: 0x78f8fe8ff0f97db7a3ec4cb58fc3cf6bb8bae0c5","timestamp":"2026-08-06T02:58:12.869Z"}
{"level":"info","message":"[Analyzer] Processing 2/100: 0x78f8fe8ff0f97db7a3ec4cb58fc3cf6bb8bae0c5","timestamp":"2026-08-06T02:58:12.870Z"}
{"level":"info","message":"[Analyzer] Processing 3/100: 0x2652ee459018a694de008c5c3cf594cb865fa31d","timestamp":"2026-08-06T02:58:12.871Z"}
{"level":"info","message":"[Analyzer] Processing 4/100: 0xb02d42224bb78519a8fa2da51c5ac86588aaba60","timestamp":"2026-08-06T02:58:12.871Z"}
{"level":"info","message":"[Analyzer] Processing 5/100: 0xfe61a12afb621b089410138e2e81d05f3c54f10e","timestamp":"2026-08-06T02:58:12.872Z"}
{"level":"info","message":"[Analyzer] Processing 6/100: 0x30c6b738f8f913fe40713a6067fee054f80ce383","timestamp":"2026-08-06T02:58:12.873Z"}
{"level":"info","message":"[Analyzer] Processing 7/100: 0xac9f120e2f697e0b0b3016586deb8671e36caa81","timestamp":"2026-08-06T02:58:12.873Z"}
{"level":"info","message":"[Analyzer] Processing 8/100: 0x58cc5aa01f8a1374883055d7e0faffa9f99e6445","timestamp":"2026-08-06T02:58:12.874Z"}
{"level":"info","message":"[Analyzer] Processing 9/100: 0x3dc066c282f4ab4870f6545375ce88e587f762a1","timestamp":"2026-08-06T02:58:12.875Z"}
{"level":"info","message":"[Analyzer] Processing 10/100: 0x809be9f49781dc8354a8b0b976bd9c4e21ac11b2","timestamp":"2026-08-06T02:58:12.877Z"}
{"level":"info","message":"[Analyzer] Processing 11/100: 0x7c05262cfe0789fd4f590aefde2966bc8b9de7a8","timestamp":"2026-08-06T02:58:12.878Z"}
{"level":"info","message":"[Analyzer] Processing 12/100: 0xe6b253537ab011987241c3879e39c4f5a9b7a4de","timestamp":"2026-08-06T02:58:12.879Z"}
{"level":"info","message":"[Analyzer] Processing 13/100: 0x42bf5681a3bec188d2e67e3f82f72d4df6f02585","timestamp":"2026-08-06T02:58:12.879Z"}
{"level":"info","message":"[Analyzer] Processing 14/100: 0xd5d059581f794657d2f82cadcd6ae484ccffd3fa","timestamp":"2026-08-06T02:58:12.880Z"}
{"level":"info","message":"[Analyzer] Processing 15/100: 0x5d031f23a069ddaaf510e5b1eef615e87ad16587","timestamp":"2026-08-06T02:58:12.880Z"}
{"level":"info","message":"[Analyzer] Processing 16/100: 0x7cdffddc0db7dbfcc39efaf17081f20e28ec8eac","timestamp":"2026-08-06T02:58:12.881Z"}
{"level":"info","message":"[Analyzer] Processing 17/100: 0x78e0b0fd2380c26c6a81deba5bee2ef3736d41ea","timestamp":"2026-08-06T02:58:12.881Z"}
{"level":"info","message":"[Analyzer] Processing 18/100: 0x776b1e178bd80fea40999bf4291e30af1a56ec10","timestamp":"2026-08-06T02:58:12.882Z"}
{"level":"info","message":"[Analyzer] Processing 19/100: 0xb244cf9de27bc9d0b9d2f999976125f29e6c4907","timestamp":"2026-08-06T02:58:12.882Z"}
{"level":"info","message":"[Analyzer] Processing 20/100: 0x422cb94b625e204eb216981d64f4242d85eadfb8","timestamp":"2026-08-06T02:58:12.884Z"}
{"level":"info","message":"[Analyzer] Processing 21/100: 0x4eaa88e767da44cfa8adbe535cde0b4fa7682051","timestamp":"2026-08-06T02:58:12.885Z"}
{"level":"info","message":"[Analyzer] Processing 22/100: 0x1447b426b82306f6aa8218a2ab9a8358efc5730c","timestamp":"2026-08-06T02:58:12.885Z"}
{"level":"info","message":"[Analyzer] Processing 23/100: 0x6f488870a82b1d070dd848cc55e79f35d18e96d2","timestamp":"2026-08-06T02:58:12.886Z"}
{"level":"info","message":"[Analyzer] Processing 24/100: 0xcbd0032290eb18cb8dcb42ae546e71e6bbe33987","timestamp":"2026-08-06T02:58:12.886Z"}
{"level":"info","message":"[Analyzer] Processing 25/100: 0x18b2a2523b409da08626e42aaef58872b7e6e6f5","timestamp":"2026-08-06T02:58:12.887Z"}
{"level":"info","message":"[Analyzer] Processing 26/100: 0x1a16b385f6266224b1f2b73ca82e32100d025829","timestamp":"2026-08-06T02:58:12.887Z"}
{"level":"info","message":"[Analyzer] Processing 27/100: 0x71e8b5982172b311738884144b306b78e1a7704c","timestamp":"2026-08-06T02:58:12.888Z"}
{"level":"info","message":"[Analyzer] Processing 28/100: 0x32797da3afbfec22ff84f2e402b7368b57d76bf0","timestamp":"2026-08-06T02:58:12.888Z"}
{"level":"info","message":"[Analyzer] Processing 29/100: 0x5fa1bcf442b0686198854578e24126f7940bdc8d","timestamp":"2026-08-06T02:58:12.888Z"}
{"level":"info","message":"[Analyzer] Processing 30/100: 0xfd9619c9dd3ccd008efe4a8b19994c3b26f18fed","timestamp":"2026-08-06T02:58:12.890Z"}
{"level":"info","message":"[Analyzer] Processing 31/100: 0x8c8e701ba170174e761865db11b0249de0b2df34","timestamp":"2026-08-06T02:58:12.890Z"}
{"level":"info","message":"[Analyzer] Processing 32/100: 0xb3ddfa5b761df2d9a8bd4fa6e9985317e0152bbf","timestamp":"2026-08-06T02:58:12.891Z"}
{"level":"info","message":"[Analyzer] Processing 33/100: 0x04593534df59afbb3a3b912166f97e545c3514f4","timestamp":"2026-08-06T02:58:12.891Z"}
{"level":"info","message":"[Analyzer] Processing 34/100: 0x5289b087e9ac6bfea5b42b0bb8d0dcd6686923e6","timestamp":"2026-08-06T02:58:12.891Z"}
{"level":"info","message":"[Analyzer] Processing 35/100: 0xcead7fac5f22afba36551e3c362dc8144ab8db61","timestamp":"2026-08-06T02:58:12.891Z"}
{"level":"info","message":"[Analyzer] Processing 36/100: 0xead566b0f46a63ff3f01f1c7022ad3a822f3dadd","timestamp":"2026-08-06T02:58:12.891Z"}
{"level":"info","message":"[Analyzer] Processing 37/100: 0x9a996083820f7f7382093cef12192fe0e667bdea","timestamp":"2026-08-06T02:58:12.892Z"}
{"level":"info","message":"[Analyzer] Processing 38/100: 0xdeeb18d95777bf55ea6e85a6ab3d6eb80abb8c24","timestamp":"2026-08-06T02:58:12.892Z"}
{"level":"info","message":"[Analyzer] Processing 39/100: 0x490921a09a8287cd5b974026b8cec7e394963cef","timestamp":"2026-08-06T02:58:12.892Z"}
{"level":"info","message":"[Analyzer] Processing 40/100: 0xad1618f3ca51fa2030d3cdd9b16d200fa11de2d3","timestamp":"2026-08-06T02:58:12.892Z"}
{"level":"info","message":"[Analyzer] Processing 41/100: 0x7870ed7cf1c12eaa9eb014754fd2ee855ac642d9","timestamp":"2026-08-06T02:58:12.893Z"}
{"level":"info","message":"[Analyzer] Processing 42/100: 0xdfc0462af799a11c171fd74b72f785b8f91fb518","timestamp":"2026-08-06T02:58:12.893Z"}
{"level":"info","message":"[Analyzer] Processing 43/100: 0xba5d9cc840745aeeeeedac5712e32f13ab8ea352","timestamp":"2026-08-06T02:58:12.893Z"}
{"level":"info","message":"[Analyzer] Processing 44/100: 0xc2a3fc1ff807904ac855c5b5d034c3e088a2e0e2","timestamp":"2026-08-06T02:58:12.893Z"}
{"level":"info","message":"[Analyzer] Processing 45/100: 0x5b8a0fed964522d5ab1d074b6a6bcc6ba4dd0170","timestamp":"2026-08-06T02:58:12.893Z"}
{"level":"info","message":"[Analyzer] Processing 46/100: 0x66b38544ce26e09d3cd33c0d60f9ab4012ed6657","timestamp":"2026-08-06T02:58:12.893Z"}
{"level":"info","message":"[Analyzer] Processing 47/100: 0x3aedc8b90b96e4287eccb6e0f5639eacdada19c9","timestamp":"2026-08-06T02:58:12.894Z"}
{"level":"info","message":"[Analyzer] Processing 48/100: 0x168dd91453173b082f5a58eaeed21882e288affe","timestamp":"2026-08-06T02:58:12.894Z"}
{"level":"info","message":"[Analyzer] Processing 49/100: 0xd12f28e4a25e8467c8121672b8404d474ba0e424","timestamp":"2026-08-06T02:58:12.894Z"}
{"level":"info","message":"[Analyzer] Processing 50/100: 0x8919d6058dd8d760ae3010575ee41c9c879ae5e4","timestamp":"2026-08-06T02:58:12.896Z"}
{"level":"info","message":"[Analyzer] Processing 51/100: 0xd875b41ba6e2ae568633f46ed7155961bee3433c","timestamp":"2026-08-06T02:58:12.896Z"}
{"level":"info","message":"[Analyzer] Processing 52/100: 0x2e96ee80e5f5cc659595245b3067c1afff8287e6","timestamp":"2026-08-06T02:58:12.897Z"}
{"level":"info","message":"[Analyzer] Processing 53/100: 0x88fa6d42f3d69f36922c24aee1bfd61f2f285a7e","timestamp":"2026-08-06T02:58:12.897Z"}
{"level":"info","message":"[Analyzer] Processing 54/100: 0x6027b99a75b5d2d6049a85e4db0e7bccab0ca5d8","timestamp":"2026-08-06T02:58:12.897Z"}
{"level":"info","message":"[Analyzer] Processing 55/100: 0x10679a7f138166402e74464e28d8cf1352637ec2","timestamp":"2026-08-06T02:58:12.897Z"}
{"level":"info","message":"[Analyzer] Processing 56/100: 0x7553307a6ec1e3a4443285f5966bae95162652c1","timestamp":"2026-08-06T02:58:12.898Z"}
{"level":"info","message":"[Analyzer] Processing 57/100: 0xa337321b37e6a2d085665bb5d4ed57915442ba00","timestamp":"2026-08-06T02:58:12.898Z"}
{"level":"info","message":"[Analyzer] Processing 58/100: 0xa337321b37e6a2d085665bb5d4ed57915442ba00","timestamp":"2026-08-06T02:58:12.898Z"}
{"level":"info","message":"[Analyzer] Processing 59/100: 0xb711d41a1c0eedd8384c58164ad52ebe4858365a","timestamp":"2026-08-06T02:58:12.898Z"}
{"level":"info","message":"[Analyzer] Processing 60/100: 0x345de076c2a01780ca8a99242460a1eef71fa5de","timestamp":"2026-08-06T02:58:12.898Z"}
{"level":"info","message":"[Analyzer] Processing 61/100: 0xf80f57b6a7415b6b465de7731c5fe1ea7e5df7ea","timestamp":"2026-08-06T02:58:12.898Z"}
{"level":"info","message":"[Analyzer] Processing 62/100: 0x8dc37441d29da784ce8eb935985aa5c432078865","timestamp":"2026-08-06T02:58:12.899Z"}
{"level":"info","message":"[Analyzer] Processing 63/100: 0x09b0ecaab6871c03250e001ddb302f70241f4ea7","timestamp":"2026-08-06T02:58:12.899Z"}
{"level":"info","message":"[Analyzer] Processing 64/100: 0xd333e8efb58c7835b014dcf1b93906bf12b41e94","timestamp":"2026-08-06T02:58:12.899Z"}
{"level":"info","message":"[Analyzer] Processing 65/100: 0x009d3118c87f08f1bc54d45d1130b60fa6a7552d","timestamp":"2026-08-06T02:58:12.899Z"}
{"level":"info","message":"[Analyzer] Processing 66/100: 0x7bb57ea7a718c876ca7b6fbaa2553e219e4f548c","timestamp":"2026-08-06T02:58:12.899Z"}
{"level":"info","message":"[Analyzer] Processing 67/100: 0xfca1d54bb55c402568612a692375d63c96b6d3a1","timestamp":"2026-08-06T02:58:12.900Z"}
{"level":"info","message":"[Analyzer] Processing 68/100: 0xf8946217eef406d0741c1065540128ff8556dc7a","timestamp":"2026-08-06T02:58:12.900Z"}
{"level":"info","message":"[Analyzer] Processing 69/100: 0x74e78dd88bed69a23f4e198a8c50bb26c9dc5ec6","timestamp":"2026-08-06T02:58:12.900Z"}
{"level":"info","message":"[Analyzer] Processing 70/100: 0x38d0a23334936bcd9e987f52159f63215b2f48c9","timestamp":"2026-08-06T02:58:12.900Z"}
{"level":"info","message":"[Analyzer] Processing 71/100: 0x2996cb3a3157dd5917e0c5d8dfc036742db53c5e","timestamp":"2026-08-06T02:58:12.902Z"}
{"level":"info","message":"[Analyzer] Processing 72/100: 0x376f8ed3f0efeea94183851d5bbdf427f6072b69","timestamp":"2026-08-06T02:58:12.903Z"}
{"level":"info","message":"[Analyzer] Processing 73/100: 0x725ab8602f10865a2c4fb6a8531c694a143f675e","timestamp":"2026-08-06T02:58:12.904Z"}
{"level":"info","message":"[Analyzer] Processing 74/100: 0x3834113db9157eb517db4f9aeb5e7752e0461508","timestamp":"2026-08-06T02:58:12.904Z"}
{"level":"info","message":"[Analyzer] Processing 75/100: 0x71743867b6f849335cc695a17347d1e2b6453427","timestamp":"2026-08-06T02:58:12.904Z"}
{"level":"info","message":"[Analyzer] Processing 76/100: 0x97c1d1cec68dacef14769692ce87e049e4d45788","timestamp":"2026-08-06T02:58:12.905Z"}
{"level":"info","message":"[Analyzer] Processing 77/100: 0x3a5385d8eb0d05b006edff978ba4b95c51f70b5c","timestamp":"2026-08-06T02:58:12.905Z"}
{"level":"info","message":"[Analyzer] Processing 78/100: 0x23798da58f92c53ca1910c03084bdba5a623eea0","timestamp":"2026-08-06T02:58:12.905Z"}
{"level":"info","message":"[Analyzer] Processing 79/100: 0x27a8457b9b21da04a2b7e0d3fe223c256f505409","timestamp":"2026-08-06T02:58:12.906Z"}
{"level":"info","message":"[Analyzer] Processing 80/100: 0x9c11baa7dafe1e2bb34e96aa7576b516cc3da06b","timestamp":"2026-08-06T02:58:12.906Z"}
{"level":"info","message":"[Analyzer] Processing 81/100: 0xc82203664ed65336c67656b569b29c0dc2466363","timestamp":"2026-08-06T02:58:12.907Z"}
{"level":"info","message":"[Analyzer] Processing 82/100: 0xae921b9f57bfc1c4590eac12475d2091cd006720","timestamp":"2026-08-06T02:58:12.908Z"}
{"level":"info","message":"[Analyzer] Processing 83/100: 0x5c071cda274dd1566ceeb865a819406e3aaa98a3","timestamp":"2026-08-06T02:58:12.909Z"}
{"level":"info","message":"[Analyzer] Processing 84/100: 0x71c9f4c5745805d4c098c6ecda3db44c631dd620","timestamp":"2026-08-06T02:58:12.910Z"}
{"level":"info","message":"[Analyzer] Processing 85/100: 0x46fb459c8af259fbefcb65f11f7a4fec846e0a93","timestamp":"2026-08-06T02:58:12.911Z"}
{"level":"info","message":"[Analyzer] Processing 86/100: 0xb6c56d52fe50c1ebb5da1a9065ef6e83528b89b2","timestamp":"2026-08-06T02:58:12.912Z"}
{"level":"info","message":"[Analyzer] Processing 87/100: 0x9d62c038a38bcf255d20e42bd971c1b86a880827","timestamp":"2026-08-06T02:58:12.913Z"}
{"level":"info","message":"[Analyzer] Processing 88/100: 0xe91baa50ec1d412375a5c4e70c6e561bb6ce1749","timestamp":"2026-08-06T02:58:12.916Z"}
{"level":"info","message":"[Analyzer] Processing 89/100: 0x2a638ba1e92474a4635fc16f1f3acc5a7a58e99b","timestamp":"2026-08-06T02:58:12.916Z"}
{"level":"info","message":"[Analyzer] Processing 90/100: 0x9f5601a37f595b6eba3f983e3d84d2fd74081db1","timestamp":"2026-08-06T02:58:12.917Z"}
{"level":"info","message":"[Analyzer] Processing 91/100: 0xae0f6a971fb3e7cc671aef6e168c5c9788f72b92","timestamp":"2026-08-06T02:58:12.918Z"}
{"level":"info","message":"[Analyzer] Processing 92/100: 0xa5f493026a55d0d267a9f825098cc791dc838003","timestamp":"2026-08-06T02:58:12.918Z"}
{"level":"info","message":"[Analyzer] Processing 93/100: 0x6a10e96bf6e4e76659a886d85ca46008c39613c7","timestamp":"2026-08-06T02:58:12.919Z"}
{"level":"info","message":"[Analyzer] Processing 94/100: 0x7576b4a396400797cca2790356fff07da1b75dbf","timestamp":"2026-08-06T02:58:12.919Z"}
{"level":"info","message":"[Analyzer] Processing 95/100: 0x6a9c6831942d66ce83efd2d0a381e665c01dabc0","timestamp":"2026-08-06T02:58:12.920Z"}
{"level":"info","message":"[Analyzer] Processing 96/100: 0x9917061c5145d3533993130a812b51e68401bcfa","timestamp":"2026-08-06T02:58:12.920Z"}
{"level":"info","message":"[Analyzer] Processing 97/100: 0xf859f0436809f4db67222c1822805425a5c99e7c","timestamp":"2026-08-06T02:58:12.920Z"}
{"level":"info","message":"[Analyzer] Processing 98/100: 0x1d98615e64e3516e582746043cbcdf1abf3eb2b0","timestamp":"2026-08-06T02:58:12.921Z"}
{"level":"info","message":"[Analyzer] Processing 99/100: 0xbd3264ee950291963f808659c36a39b1414f7b03","timestamp":"2026-08-06T02:58:12.923Z"}
{"level":"info","message":"[Analyzer] Processing 100/100: 0x152a29aefe3339c7f0bbf62d9091ec8b3fc5197f","timestamp":"2026-08-06T02:58:12.927Z"}
{"level":"info","message":"Page 7: +75 human targets | 25 bots filtered","timestamp":"2026-08-06T02:58:28.452Z"}
{"level":"info","message":"Page 7: Deleted 1146 transfer records for 98 evaluated senders","timestamp":"2026-08-06T02:58:28.969Z"}
{"level":"info","message":"Fetched 100 raw pairs (page 8). Running Stage 1 + Stage 2 checks...","timestamp":"2026-08-06T02:58:29.519Z"}
{"level":"info","message":"[Analyzer] Processing 1/100: 0xd3e568555e1de5404aaa2e3a1e5c2bda6ef03969","timestamp":"2026-08-06T02:58:29.519Z"}
{"level":"info","message":"[Analyzer] Processing 2/100: 0x707fc2f201b83d0fd2da6056009c74a351075ba4","timestamp":"2026-08-06T02:58:29.520Z"}
{"level":"info","message":"[Analyzer] Processing 3/100: 0x6a4f4eef3bb53dc4de7df6c977c0482cf873d06c","timestamp":"2026-08-06T02:58:29.520Z"}
{"level":"info","message":"[Analyzer] Processing 4/100: 0x0aa878abf6cc58e8465f30eb9497fce370790319","timestamp":"2026-08-06T02:58:29.521Z"}
{"level":"info","message":"[Analyzer] Processing 5/100: 0x2a37b6e6762defc2f92e2b935b66f17ab8fcf760","timestamp":"2026-08-06T02:58:29.521Z"}
{"level":"info","message":"[Analyzer] Processing 6/100: 0x54dfcd2bfaec5ab540efe25fb6da3f3c628fa5a4","timestamp":"2026-08-06T02:58:29.522Z"}
{"level":"info","message":"[Analyzer] Processing 7/100: 0xd4a0669d471509aa0c155aa001d97679970f8810","timestamp":"2026-08-06T02:58:29.522Z"}
{"level":"info","message":"[Analyzer] Processing 8/100: 0x12a79cb758cdea3dd6e2d49d57593f13f3fd8baf","timestamp":"2026-08-06T02:58:29.523Z"}
{"level":"info","message":"[Analyzer] Processing 9/100: 0xf2c48a0fe51cbbdeca4b7d845ac72d303e6f07d7","timestamp":"2026-08-06T02:58:29.523Z"}
{"level":"info","message":"[Analyzer] Processing 10/100: 0x1bba138610729e55d56eb27b07f09b8a9c1c9195","timestamp":"2026-08-06T02:58:29.523Z"}
{"level":"info","message":"[Analyzer] Processing 11/100: 0x8147ef3e7e051d06a07bbd32fb0f67e32198ec18","timestamp":"2026-08-06T02:58:29.523Z"}
{"level":"info","message":"[Analyzer] Processing 12/100: 0xd6f7a0639863542cb3c587d61124c4e9c5613401","timestamp":"2026-08-06T02:58:29.524Z"}
{"level":"info","message":"[Analyzer] Processing 13/100: 0xb91a5ba4a794ea96952b8172347d283b2e9e4960","timestamp":"2026-08-06T02:58:29.524Z"}
{"level":"info","message":"[Analyzer] Processing 14/100: 0x8ccc82e9dc0515de2f9d43ff5f5ad33b74a524e8","timestamp":"2026-08-06T02:58:29.525Z"}
{"level":"info","message":"[Analyzer] Processing 15/100: 0x8eae2cdc6f6797f9ef2f03dccc9bdca10a126099","timestamp":"2026-08-06T02:58:29.526Z"}
{"level":"info","message":"[Analyzer] Processing 16/100: 0xcb7985323327cc01c508b75c619e4ded6fe6fec0","timestamp":"2026-08-06T02:58:29.526Z"}
{"level":"info","message":"[Analyzer] Processing 17/100: 0xffec5285c1a708cae59e78f794b40d911018ddb8","timestamp":"2026-08-06T02:58:29.527Z"}
{"level":"info","message":"[Analyzer] Processing 18/100: 0xcded1708361d8236e4226ef33f69e95983760268","timestamp":"2026-08-06T02:58:29.527Z"}
{"level":"info","message":"[Analyzer] Processing 19/100: 0x5ec5b97bcfe88c61c9efe55eae3c084dd10023b1","timestamp":"2026-08-06T02:58:29.528Z"}
{"level":"info","message":"[Analyzer] Processing 20/100: 0x7ab5731baa46a199992ee9aa2459f70d9a3810a9","timestamp":"2026-08-06T02:58:29.528Z"}
{"level":"info","message":"[Analyzer] Processing 21/100: 0x77aca36ee333815163d8e6338e2996488cc0efdc","timestamp":"2026-08-06T02:58:29.528Z"}
{"level":"info","message":"[Analyzer] Processing 22/100: 0xa6667ed7f4d8102ecdab23fbe2eb5af54ea78309","timestamp":"2026-08-06T02:58:29.529Z"}
{"level":"info","message":"[Analyzer] Processing 23/100: 0x12de21643f03434456e4d73bee1d41008812a805","timestamp":"2026-08-06T02:58:29.529Z"}
{"level":"info","message":"[Analyzer] Processing 24/100: 0x17048445ebce165d1655cee98701cd5d5f6098e2","timestamp":"2026-08-06T02:58:29.529Z"}
{"level":"info","message":"[Analyzer] Processing 25/100: 0x17048445ebce165d1655cee98701cd5d5f6098e2","timestamp":"2026-08-06T02:58:29.530Z"}
{"level":"info","message":"[Analyzer] Processing 26/100: 0xb8e44da3d8d51cc395d158aaf370d0c2500a45cd","timestamp":"2026-08-06T02:58:29.530Z"}
{"level":"info","message":"[Analyzer] Processing 27/100: 0x03a3633b5a3ff5f8efc5fd9945ab49a60fb6c638","timestamp":"2026-08-06T02:58:29.532Z"}
{"level":"info","message":"[Analyzer] Processing 28/100: 0x5acbefd32f2348f50487b767f01d1a0d78dc6cab","timestamp":"2026-08-06T02:58:29.533Z"}
{"level":"info","message":"[Analyzer] Processing 29/100: 0xe438cd3d08229c0cd9d0a8652b1df7615a9d2247","timestamp":"2026-08-06T02:58:29.534Z"}
{"level":"info","message":"[Analyzer] Processing 30/100: 0xe05cb7acb103a380a57f4a62fdb1ce59850a9344","timestamp":"2026-08-06T02:58:29.534Z"}
{"level":"info","message":"[Analyzer] Processing 31/100: 0xfbfe1c34b8455be01a3c0f42af22aaccadab158a","timestamp":"2026-08-06T02:58:29.535Z"}
{"level":"info","message":"[Analyzer] Processing 32/100: 0x8bd19e94ff8422721d8ea8a06bf9718607facbce","timestamp":"2026-08-06T02:58:29.535Z"}
{"level":"info","message":"[Analyzer] Processing 33/100: 0xd54ceefdc8bb15463c516c5ced9fe21cc191bc62","timestamp":"2026-08-06T02:58:29.536Z"}
{"level":"info","message":"[Analyzer] Processing 34/100: 0x4e67722883ad992182e83b79bf06a93972963cac","timestamp":"2026-08-06T02:58:29.537Z"}
{"level":"info","message":"[Analyzer] Processing 35/100: 0x9114727e525b382c98eb700d0a9a5a8e546ac9b2","timestamp":"2026-08-06T02:58:29.539Z"}
{"level":"info","message":"[Analyzer] Processing 36/100: 0x22e0ea63f77ff6e2ab9844caa0b21c76773492ee","timestamp":"2026-08-06T02:58:29.540Z"}
{"level":"info","message":"[Analyzer] Processing 37/100: 0x64d9b47e31fd7a19f65bdd28194e7ce91a4dc134","timestamp":"2026-08-06T02:58:29.541Z"}
{"level":"info","message":"[Analyzer] Processing 38/100: 0x0097b5e908881ac2e0957625bed78b176f3a446b","timestamp":"2026-08-06T02:58:29.541Z"}
{"level":"info","message":"[Analyzer] Processing 39/100: 0x67a5e37bc44e762773e7705b88ece213da4c9f43","timestamp":"2026-08-06T02:58:29.542Z"}
{"level":"info","message":"[Analyzer] Processing 40/100: 0x6892ba7febc703d19aebb35b79846f1fe33153c8","timestamp":"2026-08-06T02:58:29.543Z"}
{"level":"info","message":"[Analyzer] Processing 41/100: 0x643cc94a2f46337ba68b8d3ab7e5e85cd449a1cd","timestamp":"2026-08-06T02:58:29.543Z"}
{"level":"info","message":"[Analyzer] Processing 42/100: 0x70994178606d7df2422f3deaee67fe1441715959","timestamp":"2026-08-06T02:58:29.544Z"}
{"level":"info","message":"[Analyzer] Processing 43/100: 0x38407376bc9e65762a2bdf081ccd1048f923ceb0","timestamp":"2026-08-06T02:58:29.544Z"}
{"level":"info","message":"[Analyzer] Processing 44/100: 0x15b406194bfc09a92a3fadc40e7091f61ad07c4c","timestamp":"2026-08-06T02:58:29.546Z"}
{"level":"info","message":"[Analyzer] Processing 45/100: 0xc07c7b86554c5ea5814aee817135e1da8792a4bb","timestamp":"2026-08-06T02:58:29.546Z"}
{"level":"info","message":"[Analyzer] Processing 46/100: 0x79a7a3171cee96cc3542f3b81e64a560b029b738","timestamp":"2026-08-06T02:58:29.547Z"}
{"level":"info","message":"[Analyzer] Processing 47/100: 0xb37aacd0f6ea64369fd53868da9eee037007933a","timestamp":"2026-08-06T02:58:29.547Z"}
{"level":"info","message":"[Analyzer] Processing 48/100: 0x8ee9228e31c3c854fbe839f8e3a69f9f0ba837d6","timestamp":"2026-08-06T02:58:29.548Z"}
{"level":"info","message":"[Analyzer] Processing 49/100: 0x0967fa6c3c3e53f52292963a6a98bb4ada1cc10f","timestamp":"2026-08-06T02:58:29.548Z"}
{"level":"info","message":"[Analyzer] Processing 50/100: 0x3c9a0b871d7980b262974b79e9ae575c67cbd376","timestamp":"2026-08-06T02:58:29.548Z"}
{"level":"info","message":"[Analyzer] Processing 51/100: 0x717c196dcb9a91f0ac4df858d9fd4d7d1014f584","timestamp":"2026-08-06T02:58:29.549Z"}
{"level":"info","message":"[Analyzer] Processing 52/100: 0x0c947e5e0d14b7a0ae7a3038eb4f2d9e951d0510","timestamp":"2026-08-06T02:58:29.549Z"}
{"level":"info","message":"[Analyzer] Processing 53/100: 0x865899650d6810277e34c39aea595a2786a16dbd","timestamp":"2026-08-06T02:58:29.550Z"}
{"level":"info","message":"[Analyzer] Processing 54/100: 0x40daf4b59b314f4b08a4a61bdeb0ada809ac2aca","timestamp":"2026-08-06T02:58:29.550Z"}
{"level":"info","message":"[Analyzer] Processing 55/100: 0xa38d191ac61c63cc2740ad96ef8a5690944b316f","timestamp":"2026-08-06T02:58:29.551Z"}
{"level":"info","message":"[Analyzer] Processing 56/100: 0xdc5c73d4a0cd0a00478476528380ea5bad790de9","timestamp":"2026-08-06T02:58:29.553Z"}
{"level":"info","message":"[Analyzer] Processing 57/100: 0x6a48def545a2f2509d7a13f4107f58dd6d3b031e","timestamp":"2026-08-06T02:58:29.553Z"}
{"level":"info","message":"[Analyzer] Processing 58/100: 0xd2ee79ea59eca387ed8cea4c8ffd9aeb05568ba4","timestamp":"2026-08-06T02:58:29.554Z"}
{"level":"info","message":"[Analyzer] Processing 59/100: 0x2a8d6f9d890c3bce5c89f64f2df64a4dfb727406","timestamp":"2026-08-06T02:58:29.554Z"}
{"level":"info","message":"[Analyzer] Processing 60/100: 0xa7c4302370cbdf8c3a601bce82f64bb73dcaf10a","timestamp":"2026-08-06T02:58:29.555Z"}
{"level":"info","message":"[Analyzer] Processing 61/100: 0x880a6a19e2861106790bbbdf5993789c64e021b7","timestamp":"2026-08-06T02:58:29.555Z"}
{"level":"info","message":"[Analyzer] Processing 62/100: 0xd3aff1d64ba811b35df4ff03b873befcc25f5ca6","timestamp":"2026-08-06T02:58:29.556Z"}
{"level":"info","message":"[Analyzer] Processing 63/100: 0xaf16798d34853d1cd905666bcb9d357073c263e3","timestamp":"2026-08-06T02:58:29.556Z"}
{"level":"info","message":"[Analyzer] Processing 64/100: 0x6e868d581784220e4f1a0f922091fe188c31f012","timestamp":"2026-08-06T02:58:29.557Z"}
{"level":"info","message":"[Analyzer] Processing 65/100: 0x35eaff329ba177abe7bcf752eeaa20332d0c1da6","timestamp":"2026-08-06T02:58:29.561Z"}
{"level":"info","message":"[Analyzer] Processing 66/100: 0x6a23c0adb41176594a5f7a3ce9d515e8cb0fd193","timestamp":"2026-08-06T02:58:29.562Z"}
{"level":"info","message":"[Analyzer] Processing 67/100: 0x0052e9288d71e317b6b850ba16fd9d2e6ba2c26c","timestamp":"2026-08-06T02:58:29.563Z"}
{"level":"info","message":"[Analyzer] Processing 68/100: 0xc5188288fb7cbd73e3ad8741baa631cb940b0080","timestamp":"2026-08-06T02:58:29.563Z"}
{"level":"info","message":"[Analyzer] Processing 69/100: 0xe465d2fe09d508ba43f77a6c17d807d24ca7248c","timestamp":"2026-08-06T02:58:29.564Z"}
{"level":"info","message":"[Analyzer] Processing 70/100: 0xd8fcb19e4444db4515b298af29447e6add5607e5","timestamp":"2026-08-06T02:58:29.564Z"}
{"level":"info","message":"[Analyzer] Processing 71/100: 0x70f36402e853753812f8d74c919d51aee14b3ff2","timestamp":"2026-08-06T02:58:29.565Z"}
{"level":"info","message":"[Analyzer] Processing 72/100: 0x2409dcb0a313db7c23132f4496c0b242395936be","timestamp":"2026-08-06T02:58:29.565Z"}
{"level":"info","message":"[Analyzer] Processing 73/100: 0x5c74f05c6559dc814d452c8f88e12f78ff49aa2b","timestamp":"2026-08-06T02:58:29.566Z"}
{"level":"info","message":"[Analyzer] Processing 74/100: 0xb07ea73ca1e46b642dc4bb0033883558b6f5f745","timestamp":"2026-08-06T02:58:29.567Z"}
{"level":"info","message":"[Analyzer] Processing 75/100: 0x4e2740dd780255ce86a729e7d2c8d4ba8a2a1ae1","timestamp":"2026-08-06T02:58:29.570Z"}
{"level":"info","message":"[Analyzer] Processing 76/100: 0x99278944afa78f620bbfb0697677c8ac71b0a340","timestamp":"2026-08-06T02:58:29.570Z"}
{"level":"info","message":"[Analyzer] Processing 77/100: 0x42aee406f8c9f3cb0824b2d26e6060b5987498c7","timestamp":"2026-08-06T02:58:29.571Z"}
{"level":"info","message":"[Analyzer] Processing 78/100: 0x458d7f0072095546ad79797c83c80f8c19c28923","timestamp":"2026-08-06T02:58:29.572Z"}
{"level":"info","message":"[Analyzer] Processing 79/100: 0x437a7af33c57f5d25b1e2f8f01501a1a41aec7ca","timestamp":"2026-08-06T02:58:29.572Z"}
{"level":"info","message":"[Analyzer] Processing 80/100: 0x8dd1f90341d15aa18796e9a113f3663d8994afa1","timestamp":"2026-08-06T02:58:29.574Z"}
{"level":"info","message":"[Analyzer] Processing 81/100: 0x5b31543a4a55891007e5eaa64b5080c947f0b617","timestamp":"2026-08-06T02:58:29.574Z"}
{"level":"info","message":"[Analyzer] Processing 82/100: 0xa5e99939699f16fa1e2a40ce4775725e4236a616","timestamp":"2026-08-06T02:58:29.576Z"}
{"level":"info","message":"[Analyzer] Processing 83/100: 0x295b4930aad6cbbe929b04f3eb9bf85ccf9389ee","timestamp":"2026-08-06T02:58:29.577Z"}
{"level":"info","message":"[Analyzer] Processing 84/100: 0x349665b02454a83078d8695d9e74cffbd92c1432","timestamp":"2026-08-06T02:58:29.578Z"}
{"level":"info","message":"[Analyzer] Processing 85/100: 0x42a32cbaa0ed9a90183bd3dcdf632672baea6bbf","timestamp":"2026-08-06T02:58:29.579Z"}
{"level":"info","message":"[Analyzer] Processing 86/100: 0x5a4f974b979ed3457651eca9732420d44c872407","timestamp":"2026-08-06T02:58:29.579Z"}
{"level":"info","message":"[Analyzer] Processing 87/100: 0xf896b328c7821622c958742b15f892c60bb625b8","timestamp":"2026-08-06T02:58:29.580Z"}
{"level":"info","message":"[Analyzer] Processing 88/100: 0x8e880b5891391502416f424702a098d24fa44bdd","timestamp":"2026-08-06T02:58:29.583Z"}
{"level":"info","message":"[Analyzer] Processing 89/100: 0x9b3aa74cc5e32446d21beddc567ef1257f66475a","timestamp":"2026-08-06T02:58:29.583Z"}
{"level":"info","message":"[Analyzer] Processing 90/100: 0x549d4fc107185de6997f7bcba5d28f0dfb7eaf2c","timestamp":"2026-08-06T02:58:29.584Z"}
{"level":"info","message":"[Analyzer] Processing 91/100: 0xcd0374f02d196f23efa8cae527b24647f1add7ab","timestamp":"2026-08-06T02:58:29.585Z"}
{"level":"info","message":"[Analyzer] Processing 92/100: 0xa8d1df967b462cd52a887b66579bcb0bf2534286","timestamp":"2026-08-06T02:58:29.585Z"}
{"level":"info","message":"[Analyzer] Processing 93/100: 0xdd3fdea0d0fa0f81a1dd32aeff92c89d8f187e5f","timestamp":"2026-08-06T02:58:29.586Z"}
{"level":"info","message":"[Analyzer] Processing 94/100: 0xd541b59562b9cf029aff86065ab8421a5a4693fc","timestamp":"2026-08-06T02:58:29.587Z"}
{"level":"info","message":"[Analyzer] Processing 95/100: 0xc0979cc9f1fe86380cca3c6e9c9703e7e0838105","timestamp":"2026-08-06T02:58:29.590Z"}
{"level":"info","message":"[Analyzer] Processing 96/100: 0xa95c1872d9c8acb6b68b83061c325e698f8a168d","timestamp":"2026-08-06T02:58:29.591Z"}
{"level":"info","message":"[Analyzer] Processing 97/100: 0x09a2e93e10542158451d0d65e6e1a02cacfeaeff","timestamp":"2026-08-06T02:58:29.591Z"}
{"level":"info","message":"[Analyzer] Processing 98/100: 0x88ab6db6d37e25d499bc490320a8b74c3eba5883","timestamp":"2026-08-06T02:58:29.592Z"}
{"level":"info","message":"[Analyzer] Processing 99/100: 0x59fc3c0736538947232e184b6949d409b4f9a27a","timestamp":"2026-08-06T02:58:29.593Z"}
{"level":"info","message":"[Analyzer] Processing 100/100: 0xeea22d3d55b817bab62d85f8ee7c147f5a23d928","timestamp":"2026-08-06T02:58:29.593Z"}
{"level":"info","message":"Page 8: +72 human targets | 28 bots filtered","timestamp":"2026-08-06T02:58:46.956Z"}
{"level":"info","message":"Page 8: Deleted 1136 transfer records for 99 evaluated senders","timestamp":"2026-08-06T02:58:47.753Z"}
{"level":"info","message":"Fetched 100 raw pairs (page 9). Running Stage 1 + Stage 2 checks...","timestamp":"2026-08-06T02:58:48.360Z"}
{"level":"info","message":"[Analyzer] Processing 1/100: 0xbd1b73c391c68a0f289917abcac4f4420e250a4b","timestamp":"2026-08-06T02:58:48.360Z"}
{"level":"info","message":"[Analyzer] Processing 2/100: 0xf4b5b82b27d3d8294b2eadccee1b89e114fb5c10","timestamp":"2026-08-06T02:58:48.361Z"}
{"level":"info","message":"[Analyzer] Processing 3/100: 0x5e39f35c6dc160f0740ab16f28e34f0f3d2f938b","timestamp":"2026-08-06T02:58:48.362Z"}
{"level":"info","message":"[Analyzer] Processing 4/100: 0xa024fcedb8de2802c322bfc9cff9404ec7ea45a0","timestamp":"2026-08-06T02:58:48.362Z"}
{"level":"info","message":"[Analyzer] Processing 5/100: 0xdbde2125bcd66dfd89026394f94aae76b53ec13a","timestamp":"2026-08-06T02:58:48.363Z"}
{"level":"info","message":"[Analyzer] Processing 6/100: 0xa9bfa1626b0d4917aca2f94c179b51bd0f5a7ba7","timestamp":"2026-08-06T02:58:48.363Z"}
{"level":"info","message":"[Analyzer] Processing 7/100: 0x80d5486bd6d39ca402c6e0ec50eb2398c03483df","timestamp":"2026-08-06T02:58:48.364Z"}
{"level":"info","message":"[Analyzer] Processing 8/100: 0x341e2e5e4eee3ee196293560ebb028b8da478329","timestamp":"2026-08-06T02:58:48.364Z"}
{"level":"info","message":"[Analyzer] Processing 9/100: 0x5c6a175512d3e9a3d4a66913ab82505464333905","timestamp":"2026-08-06T02:58:48.365Z"}
{"level":"info","message":"[Analyzer] Processing 10/100: 0x3dcd86606e74ef5ad3cbc2a828f940ddc5634092","timestamp":"2026-08-06T02:58:48.365Z"}
{"level":"info","message":"[Analyzer] Processing 11/100: 0x5255ce31f75a4294051597a84bb8f1fb427e0654","timestamp":"2026-08-06T02:58:48.365Z"}
{"level":"info","message":"[Analyzer] Processing 12/100: 0x3ce9d5b0882ad1f8b92303749526c2bb82cf7488","timestamp":"2026-08-06T02:58:48.366Z"}
{"level":"info","message":"[Analyzer] Processing 13/100: 0x19a95f72468269163502753bd74297b763ac107a","timestamp":"2026-08-06T02:58:48.367Z"}
{"level":"info","message":"[Analyzer] Processing 14/100: 0x82ddb5fbd1c3e7039e4199f36dcbddf3e6bd4c06","timestamp":"2026-08-06T02:58:48.368Z"}
{"level":"info","message":"[Analyzer] Processing 15/100: 0x7c56dab8419fa48c3b733102944c77fd309c7ed9","timestamp":"2026-08-06T02:58:48.369Z"}
{"level":"info","message":"[Analyzer] Processing 16/100: 0xf83cbc1cfc97361391859a02c5011c6a19423dcd","timestamp":"2026-08-06T02:58:48.370Z"}
{"level":"info","message":"[Analyzer] Processing 17/100: 0x409879cfc4858b7b7df5d03b89306ef572825e84","timestamp":"2026-08-06T02:58:48.370Z"}
{"level":"info","message":"[Analyzer] Processing 18/100: 0xb52852133266fa546d4bbb15bea47b3977281145","timestamp":"2026-08-06T02:58:48.371Z"}
{"level":"info","message":"[Analyzer] Processing 19/100: 0xd2228f5cf61bc889b14674b07d19e6724a19f144","timestamp":"2026-08-06T02:58:48.371Z"}
{"level":"info","message":"[Analyzer] Processing 20/100: 0x6621c233f4c9219397bd0f15e68031573130fde6","timestamp":"2026-08-06T02:58:48.372Z"}
{"level":"info","message":"[Analyzer] Processing 21/100: 0x5136e8b6f19af9ee980bcfa49587032b35bf3181","timestamp":"2026-08-06T02:58:48.373Z"}
{"level":"info","message":"[Analyzer] Processing 22/100: 0x9a23c39c0db41c24fa6d130d5a1f697697212f8d","timestamp":"2026-08-06T02:58:48.374Z"}
{"level":"info","message":"[Analyzer] Processing 23/100: 0xc409d56197e5defed4f3843a117578c94626953d","timestamp":"2026-08-06T02:58:48.374Z"}
{"level":"info","message":"[Analyzer] Processing 24/100: 0x6655459bab7a5e99f2d61279316f6d0a465be784","timestamp":"2026-08-06T02:58:48.375Z"}
{"level":"info","message":"[Analyzer] Processing 25/100: 0xd2bfee60b4bffeb0016d213501b73b7f419cc7ae","timestamp":"2026-08-06T02:58:48.375Z"}
{"level":"info","message":"[Analyzer] Processing 26/100: 0x4764d2d3c71b2126ec61ee99d8d4eaa689e617d8","timestamp":"2026-08-06T02:58:48.376Z"}
{"level":"info","message":"[Analyzer] Processing 27/100: 0xa4d427e0c5a1580330678e3a482ae15c8b917987","timestamp":"2026-08-06T02:58:48.376Z"}
{"level":"info","message":"[Analyzer] Processing 28/100: 0x8dc61e01eafbbcfdb9554b2b67e72591fc60781e","timestamp":"2026-08-06T02:58:48.377Z"}
{"level":"info","message":"[Analyzer] Processing 29/100: 0x5822a10041d126047411f238f1b782bd54cf9780","timestamp":"2026-08-06T02:58:48.377Z"}
{"level":"info","message":"[Analyzer] Processing 30/100: 0x6ea5c4a512a3395ff27130f4139c8419160e9e95","timestamp":"2026-08-06T02:58:48.377Z"}
{"level":"info","message":"[Analyzer] Processing 31/100: 0x5a699eb77635a1ff44567a2298a8a3c79803c8d5","timestamp":"2026-08-06T02:58:48.377Z"}
{"level":"info","message":"[Analyzer] Processing 32/100: 0x9d17d02f7552d477750dc0088ee8e6a0a901171e","timestamp":"2026-08-06T02:58:48.378Z"}
{"level":"info","message":"[Analyzer] Processing 33/100: 0xb8950993d0d65a6471680c6aaf59ed269daefd56","timestamp":"2026-08-06T02:58:48.378Z"}
{"level":"info","message":"[Analyzer] Processing 34/100: 0x4e6dc0ca1d267cfc89e4addc07b2547b4916ceed","timestamp":"2026-08-06T02:58:48.379Z"}
{"level":"info","message":"[Analyzer] Processing 35/100: 0x689956d338ed1f7181f288fa953fb7177dfb63ae","timestamp":"2026-08-06T02:58:48.380Z"}
{"level":"info","message":"[Analyzer] Processing 36/100: 0x136d76714da37e12ebe8f112873fe8cb3f8575fd","timestamp":"2026-08-06T02:58:48.380Z"}
{"level":"info","message":"[Analyzer] Processing 37/100: 0x927c8fdb3159a36a0ee80114b16bbe463f8b5d8d","timestamp":"2026-08-06T02:58:48.380Z"}
{"level":"info","message":"[Analyzer] Processing 38/100: 0x18ddebaf5cb9f1cf3f9f159ce232fc38af7c698d","timestamp":"2026-08-06T02:58:48.381Z"}
{"level":"info","message":"[Analyzer] Processing 39/100: 0xbd3ffdb972f42d5b725b4077b9e7478a99709b6b","timestamp":"2026-08-06T02:58:48.381Z"}
{"level":"info","message":"[Analyzer] Processing 40/100: 0x909624073062c9e397fddc39a2b64601aea6c69b","timestamp":"2026-08-06T02:58:48.381Z"}
{"level":"info","message":"[Analyzer] Processing 41/100: 0x97678ee97299f272722ccc237f2d96ed20c91521","timestamp":"2026-08-06T02:58:48.382Z"}
{"level":"info","message":"[Analyzer] Processing 42/100: 0x1b2e7aba4561690a4b3edf1631fde669b6002ad7","timestamp":"2026-08-06T02:58:48.382Z"}
{"level":"info","message":"[Analyzer] Processing 43/100: 0x5840c2e7c99299a0933e17ec49dd38f61f2e94a0","timestamp":"2026-08-06T02:58:48.383Z"}
{"level":"info","message":"[Analyzer] Processing 44/100: 0xd3f7ec1565c54192ae16d0a619371ae7fd7f6088","timestamp":"2026-08-06T02:58:48.383Z"}
{"level":"info","message":"[Analyzer] Processing 45/100: 0xb91a7c2841b91c505b8dcf663cf878358b562002","timestamp":"2026-08-06T02:58:48.383Z"}
{"level":"info","message":"[Analyzer] Processing 46/100: 0x150913904aba52e11d8f79294e12b01b09f35549","timestamp":"2026-08-06T02:58:48.385Z"}
{"level":"info","message":"[Analyzer] Processing 47/100: 0xfa6da089fff841b50d25c6c59d55404c62dc78c5","timestamp":"2026-08-06T02:58:48.386Z"}
{"level":"info","message":"[Analyzer] Processing 48/100: 0x3bf875f95f8b8aa4e5cbc14c944a7f1a72f6777f","timestamp":"2026-08-06T02:58:48.386Z"}
{"level":"info","message":"[Analyzer] Processing 49/100: 0x29cade0c45a62b8cd7eda5ff0f7b13127ee8e465","timestamp":"2026-08-06T02:58:48.387Z"}
{"level":"info","message":"[Analyzer] Processing 50/100: 0x05e23b1a6b7e421cef6e3126035c76d5a6ca1a6b","timestamp":"2026-08-06T02:58:48.387Z"}
{"level":"info","message":"[Analyzer] Processing 51/100: 0xeb9b0a7844ed7be427fd3d7d23765b1901ee7c20","timestamp":"2026-08-06T02:58:48.388Z"}
{"level":"info","message":"[Analyzer] Processing 52/100: 0xc818a43da041c4b2250e67ee7a19534b0feab8dd","timestamp":"2026-08-06T02:58:48.388Z"}
{"level":"info","message":"[Analyzer] Processing 53/100: 0xb003cc49f5584f6756eb8ef181d0e92115fa2215","timestamp":"2026-08-06T02:58:48.388Z"}
{"level":"info","message":"[Analyzer] Processing 54/100: 0x77e143d272f4c66f86e7c15551fc68230543eb69","timestamp":"2026-08-06T02:58:48.388Z"}
{"level":"info","message":"[Analyzer] Processing 55/100: 0x24f426ea9a281136aeb978f02b464838b78145b6","timestamp":"2026-08-06T02:58:48.389Z"}
{"level":"info","message":"[Analyzer] Processing 56/100: 0x2850b7657a48b8982a42c6936e96a4ed37084c33","timestamp":"2026-08-06T02:58:48.389Z"}
{"level":"info","message":"[Analyzer] Processing 57/100: 0xfa549a4733249710e1b8da761b871f7565c0de05","timestamp":"2026-08-06T02:58:48.389Z"}
{"level":"info","message":"[Analyzer] Processing 58/100: 0x5ef2ba46c1a29b784ec03212131e5a8e27d12203","timestamp":"2026-08-06T02:58:48.391Z"}
{"level":"info","message":"[Analyzer] Processing 59/100: 0x4f059f1a85a3f3b2be52d9430641229da0c28de5","timestamp":"2026-08-06T02:58:48.391Z"}
{"level":"info","message":"[Analyzer] Processing 60/100: 0x452baa63b37fc12fb83ad28e004925b9efb6a30c","timestamp":"2026-08-06T02:58:48.391Z"}
{"level":"info","message":"[Analyzer] Processing 61/100: 0x5d6193d8a0eff2d10be36156378e679045c7c1f7","timestamp":"2026-08-06T02:58:48.392Z"}
{"level":"info","message":"[Analyzer] Processing 62/100: 0xe9f66788d9a4e240209bcb3bad8fbbce18070761","timestamp":"2026-08-06T02:58:48.392Z"}
{"level":"info","message":"[Analyzer] Processing 63/100: 0xe839a3e9efb32c6a56ab7128e51056585275506c","timestamp":"2026-08-06T02:58:48.392Z"}
{"level":"info","message":"[Analyzer] Processing 64/100: 0xe3444a7679faba0495556945c7a1d76955bef0f9","timestamp":"2026-08-06T02:58:48.392Z"}
{"level":"info","message":"[Analyzer] Processing 65/100: 0xf6019ac52b1aab84e980619756c7c10355c6bbff","timestamp":"2026-08-06T02:58:48.393Z"}
{"level":"info","message":"[Analyzer] Processing 66/100: 0x485ca09ba5bde91ebcad9ff2393ee96401ee0285","timestamp":"2026-08-06T02:58:48.393Z"}
{"level":"info","message":"[Analyzer] Processing 67/100: 0x0fae2c786bcc6166498e2645e81d902b3319a623","timestamp":"2026-08-06T02:58:48.393Z"}
{"level":"info","message":"[Analyzer] Processing 68/100: 0xee9a23ffc9f4dfe8f1067feaf8f53c01d5a55c9c","timestamp":"2026-08-06T02:58:48.394Z"}
{"level":"info","message":"[Analyzer] Processing 69/100: 0xe5b4cb28624cf2fdf39e9f36eb363282cebff45d","timestamp":"2026-08-06T02:58:48.394Z"}
{"level":"info","message":"[Analyzer] Processing 70/100: 0xcb3e340f0b3374d01ee8cb99507620394a93e4b1","timestamp":"2026-08-06T02:58:48.394Z"}
{"level":"info","message":"[Analyzer] Processing 71/100: 0xf1d5326d0b29eff0e5042c81497ca0aba3abfe6e","timestamp":"2026-08-06T02:58:48.394Z"}
{"level":"info","message":"[Analyzer] Processing 72/100: 0xabeae349de945e6b203945765c9c99559e563db2","timestamp":"2026-08-06T02:58:48.395Z"}
{"level":"info","message":"[Analyzer] Processing 73/100: 0x4821fe00a1b045c16c8cdc877f2aba37d914ad9a","timestamp":"2026-08-06T02:58:48.395Z"}
{"level":"info","message":"[Analyzer] Processing 74/100: 0x5a5981f6ae460213fc1fcc7ee085c3c25abc4570","timestamp":"2026-08-06T02:58:48.395Z"}
{"level":"info","message":"[Analyzer] Processing 75/100: 0x3145cb0695416effe6ec9585e706f47b6c3c6599","timestamp":"2026-08-06T02:58:48.395Z"}
{"level":"info","message":"[Analyzer] Processing 76/100: 0x656cc2cb1f9b83267ca321e7f793365e742c30ff","timestamp":"2026-08-06T02:58:48.396Z"}
{"level":"info","message":"[Analyzer] Processing 77/100: 0xcc2754acac0258530d8b9bb9d0be325f1515b3d7","timestamp":"2026-08-06T02:58:48.397Z"}
{"level":"info","message":"[Analyzer] Processing 78/100: 0xeedb8fbd7ae734160b772a09bdcec18b220c22de","timestamp":"2026-08-06T02:58:48.398Z"}
{"level":"info","message":"[Analyzer] Processing 79/100: 0xc97970e15a6c82a1442cd77e7e7e1d1715015340","timestamp":"2026-08-06T02:58:48.398Z"}
{"level":"info","message":"[Analyzer] Processing 80/100: 0xc813b84623859b13d862e7c49eac09ad21909031","timestamp":"2026-08-06T02:58:48.399Z"}
{"level":"info","message":"[Analyzer] Processing 81/100: 0x206651d3f4ef9539296a94ffcae6a46970614994","timestamp":"2026-08-06T02:58:48.399Z"}
{"level":"info","message":"[Analyzer] Processing 82/100: 0x451527502b44dc47b9af6fee5239c56faacde0c3","timestamp":"2026-08-06T02:58:48.399Z"}
{"level":"info","message":"[Analyzer] Processing 83/100: 0x7548c97dd5fa04d3bf26449fd8c1764a6ae3096a","timestamp":"2026-08-06T02:58:48.400Z"}
{"level":"info","message":"[Analyzer] Processing 84/100: 0x6d3bdaae2cdf665c033cd5197e5777c6e07200f8","timestamp":"2026-08-06T02:58:48.400Z"}
{"level":"info","message":"[Analyzer] Processing 85/100: 0x9429bcd4ff7cafadbcce939c431b1c7344301527","timestamp":"2026-08-06T02:58:48.400Z"}
{"level":"info","message":"[Analyzer] Processing 86/100: 0x5508c055d4f8263e28d6808669edc6faf943c8e8","timestamp":"2026-08-06T02:58:48.400Z"}
{"level":"info","message":"[Analyzer] Processing 87/100: 0x7959b0abfb2d518fbd05b653b2ac627fce9e9a26","timestamp":"2026-08-06T02:58:48.400Z"}
{"level":"info","message":"[Analyzer] Processing 88/100: 0x68129f4728a2192b69f78524d8cb17d0711661fc","timestamp":"2026-08-06T02:58:48.401Z"}
{"level":"info","message":"[Analyzer] Processing 89/100: 0x9578abe45f947d1b4727d230b328158ac839b858","timestamp":"2026-08-06T02:58:48.401Z"}
{"level":"info","message":"[Analyzer] Processing 90/100: 0x9d17d02f7552d477750dc0088ee8e6a0a901171e","timestamp":"2026-08-06T02:58:48.401Z"}
{"level":"info","message":"[Analyzer] Processing 91/100: 0x371a1752ade575f4fc8f0e97ba8797038692df2d","timestamp":"2026-08-06T02:58:48.401Z"}
{"level":"info","message":"[Analyzer] Processing 92/100: 0x0ac7a3445c74cf2cd190d8dbde06246ea7a092b1","timestamp":"2026-08-06T02:58:48.403Z"}
{"level":"info","message":"[Analyzer] Processing 93/100: 0x444e1c94611700c310444558987ac8808ff4e979","timestamp":"2026-08-06T02:58:48.403Z"}
{"level":"info","message":"[Analyzer] Processing 94/100: 0x8fb42eb8a3a58e95d456ad51f28f345446bbe215","timestamp":"2026-08-06T02:58:48.403Z"}
{"level":"info","message":"[Analyzer] Processing 95/100: 0x387a0313a665bfd91a2c14be8208f2a5a4468edb","timestamp":"2026-08-06T02:58:48.404Z"}
{"level":"info","message":"[Analyzer] Processing 96/100: 0xbce83a32093a76f875517d79d4ff61fb9b5c7e9e","timestamp":"2026-08-06T02:58:48.404Z"}
{"level":"info","message":"[Analyzer] Processing 97/100: 0x15c340a7c4cc43d83add461e8c44becfbf8cd0ec","timestamp":"2026-08-06T02:58:48.404Z"}
{"level":"info","message":"[Analyzer] Processing 98/100: 0x60dbdc4b026a1214896a5a5078b8c7fefc89eebf","timestamp":"2026-08-06T02:58:48.404Z"}
{"level":"info","message":"[Analyzer] Processing 99/100: 0xc50561071a534c249aafae432db1e3854518164a","timestamp":"2026-08-06T02:58:48.404Z"}
{"level":"info","message":"[Analyzer] Processing 100/100: 0x056b5d3858edbbf463001101c46d41577a542090","timestamp":"2026-08-06T02:58:48.405Z"}
{"level":"info","message":"Page 9: +82 human targets | 18 bots filtered","timestamp":"2026-08-06T02:59:03.257Z"}
{"level":"info","message":"Page 9: Deleted 1047 transfer records for 99 evaluated senders","timestamp":"2026-08-06T02:59:03.729Z"}
{"level":"info","message":"Fetched 100 raw pairs (page 10). Running Stage 1 + Stage 2 checks...","timestamp":"2026-08-06T02:59:04.617Z"}
{"level":"info","message":"[Analyzer] Processing 1/100: 0xd2bb29e19bf44d1734cfb033d0e7ea9b243c37a7","timestamp":"2026-08-06T02:59:04.617Z"}
{"level":"info","message":"[Analyzer] Processing 2/100: 0x8274a2d8d584cf836ca292dc5f57064e58cfedd1","timestamp":"2026-08-06T02:59:04.618Z"}
{"level":"info","message":"[Analyzer] Processing 3/100: 0x06420f316c4390d1c48fe00cfb7b397a20ddbab4","timestamp":"2026-08-06T02:59:04.619Z"}
{"level":"info","message":"[Analyzer] Processing 4/100: 0xaf69a2d7a5a0a00fc2d2c2a6135f721815780d90","timestamp":"2026-08-06T02:59:04.619Z"}
{"level":"info","message":"[Analyzer] Processing 5/100: 0x107fe9c80ebe87f41807fad24952b21d46d944c1","timestamp":"2026-08-06T02:59:04.621Z"}
{"level":"info","message":"[Analyzer] Processing 6/100: 0xff8fe9573848fa275dbab4f2cafef083ed255687","timestamp":"2026-08-06T02:59:04.622Z"}
{"level":"info","message":"[Analyzer] Processing 7/100: 0x434b89bae9d91f6a8f438e2b8141232f3e1eeaad","timestamp":"2026-08-06T02:59:04.623Z"}
{"level":"info","message":"[Analyzer] Processing 8/100: 0x9a4f3d26a45129e0d3fce84547ba19f3861eb26c","timestamp":"2026-08-06T02:59:04.626Z"}
{"level":"info","message":"[Analyzer] Processing 9/100: 0x59fd507bf2985e3f3346a4c0b64fe293cb3f1d0c","timestamp":"2026-08-06T02:59:04.626Z"}
{"level":"info","message":"[Analyzer] Processing 10/100: 0x1d67b71517d58399b3078106e79cc039361a3864","timestamp":"2026-08-06T02:59:04.627Z"}
{"level":"info","message":"[Analyzer] Processing 11/100: 0x25d5563309da1cd97dc22dc640a6706bf0f9c1ad","timestamp":"2026-08-06T02:59:04.627Z"}
{"level":"info","message":"[Analyzer] Processing 12/100: 0x82778c8bcb09b8097695f3cb9156c7af9e59e50e","timestamp":"2026-08-06T02:59:04.628Z"}
{"level":"info","message":"[Analyzer] Processing 13/100: 0x694764cc5b0f1166cbe5fa8eac3c19975705f827","timestamp":"2026-08-06T02:59:04.628Z"}
{"level":"info","message":"[Analyzer] Processing 14/100: 0x1f8e64ae7545b83327080c50cd05fbc87261d54e","timestamp":"2026-08-06T02:59:04.628Z"}
{"level":"info","message":"[Analyzer] Processing 15/100: 0x304d0157d26af6dcc84db7dfdcd26f21103e907e","timestamp":"2026-08-06T02:59:04.629Z"}
{"level":"info","message":"[Analyzer] Processing 16/100: 0xa6cd787368a31c70441f06302b00491c319b75d7","timestamp":"2026-08-06T02:59:04.630Z"}
{"level":"info","message":"[Analyzer] Processing 17/100: 0x6979f56f167bfd5e80d373011bf605daf4d05e1c","timestamp":"2026-08-06T02:59:04.633Z"}
{"level":"info","message":"[Analyzer] Processing 18/100: 0x112dfd7f5d2f3d5bfdb7631dae6852c31ebe64d3","timestamp":"2026-08-06T02:59:04.634Z"}
{"level":"info","message":"[Analyzer] Processing 19/100: 0x6cc41b845c0948ff2fa650a0373e7c65e466de43","timestamp":"2026-08-06T02:59:04.634Z"}
{"level":"info","message":"[Analyzer] Processing 20/100: 0x0f4a00bb5d72623920535d854d5f6788e7582185","timestamp":"2026-08-06T02:59:04.635Z"}
{"level":"info","message":"[Analyzer] Processing 21/100: 0x264ca005239057811ec0abbb73b340528982ca9c","timestamp":"2026-08-06T02:59:04.635Z"}
{"level":"info","message":"[Analyzer] Processing 22/100: 0xa85fa3b630975282c3a94730197ccbe4554e1a4e","timestamp":"2026-08-06T02:59:04.635Z"}
{"level":"info","message":"[Analyzer] Processing 23/100: 0xc8c0c35e5b1a9f51633f04544106ef168a638ccb","timestamp":"2026-08-06T02:59:04.635Z"}
{"level":"info","message":"[Analyzer] Processing 24/100: 0x4f44580594fb0ac22dd52aaf3aea4d0ac4d8d4b5","timestamp":"2026-08-06T02:59:04.636Z"}
{"level":"info","message":"[Analyzer] Processing 25/100: 0xf503925055cde985c8d95d55a625c2adc08940f8","timestamp":"2026-08-06T02:59:04.636Z"}
{"level":"info","message":"[Analyzer] Processing 26/100: 0xb8bf12888f7bfd377932659a57d5024c2aac5e4a","timestamp":"2026-08-06T02:59:04.637Z"}
{"level":"info","message":"[Analyzer] Processing 27/100: 0x130f3e99713b04b33f449e61c6cb9bb42bc75da4","timestamp":"2026-08-06T02:59:04.638Z"}
{"level":"info","message":"[Analyzer] Processing 28/100: 0x0d3a1361effe9f261d366f19c7a7a428662f45b2","timestamp":"2026-08-06T02:59:04.640Z"}
{"level":"info","message":"[Analyzer] Processing 29/100: 0x793758cc7262abec54357a298338721d4d219b60","timestamp":"2026-08-06T02:59:04.641Z"}
{"level":"info","message":"[Analyzer] Processing 30/100: 0xed3725d53f709634e889c45b45ea5608b3191b9c","timestamp":"2026-08-06T02:59:04.642Z"}
{"level":"info","message":"[Analyzer] Processing 31/100: 0xa1ce764a17b5ce4efdb70ec817e3d3e9cf43ab3e","timestamp":"2026-08-06T02:59:04.642Z"}
{"level":"info","message":"[Analyzer] Processing 32/100: 0xf438b38a469b828bb6b01b51d6476db7570d7804","timestamp":"2026-08-06T02:59:04.642Z"}
{"level":"info","message":"[Analyzer] Processing 33/100: 0x4bf7b57a8863d15be257e972bf37fbe0bff7c136","timestamp":"2026-08-06T02:59:04.643Z"}
{"level":"info","message":"[Analyzer] Processing 34/100: 0x3ade300e984ef46bea74c31950351c0214a1eb86","timestamp":"2026-08-06T02:59:04.643Z"}
{"level":"info","message":"[Analyzer] Processing 35/100: 0x82ca8c8d5711027e09a4ea138b151c19e9ad6b96","timestamp":"2026-08-06T02:59:04.644Z"}
{"level":"info","message":"[Analyzer] Processing 36/100: 0xfe8b7ee4c50433be7e8b29ce732065ff90b584a9","timestamp":"2026-08-06T02:59:04.645Z"}
{"level":"info","message":"[Analyzer] Processing 37/100: 0xa0217170b0552ef1ba88995e26921782e5f702cd","timestamp":"2026-08-06T02:59:04.645Z"}
{"level":"info","message":"[Analyzer] Processing 38/100: 0x5a790041b9b4c922dbb624066e862885e7bc5c6d","timestamp":"2026-08-06T02:59:04.649Z"}
{"level":"info","message":"[Analyzer] Processing 39/100: 0xe81c81a7b1642aee46ddfb0fba88016791adee09","timestamp":"2026-08-06T02:59:04.649Z"}
{"level":"info","message":"[Analyzer] Processing 40/100: 0x713d0b64f4b0229afb66c4ccb0c7d399ed74a7bf","timestamp":"2026-08-06T02:59:04.649Z"}
{"level":"info","message":"[Analyzer] Processing 41/100: 0xcd0f83beec544ee01c9feaedf7f17673ccff7f57","timestamp":"2026-08-06T02:59:04.650Z"}
{"level":"info","message":"[Analyzer] Processing 42/100: 0x19587356e0255ea549b74bb6431bc5fc6644ede5","timestamp":"2026-08-06T02:59:04.650Z"}
{"level":"info","message":"[Analyzer] Processing 43/100: 0xceab5ce8be2852f28be1d9b9ad49e3dce867cd69","timestamp":"2026-08-06T02:59:04.650Z"}
{"level":"info","message":"[Analyzer] Processing 44/100: 0x886c226770cd1979dbc2540c59c54384a86ab0dd","timestamp":"2026-08-06T02:59:04.651Z"}
{"level":"info","message":"[Analyzer] Processing 45/100: 0xe09ffe4bad0730f98b6218bb66a05f310904d7b9","timestamp":"2026-08-06T02:59:04.651Z"}
{"level":"info","message":"[Analyzer] Processing 46/100: 0x89c704fb256a6711f0cc867768000f1e5a76af4b","timestamp":"2026-08-06T02:59:04.651Z"}
{"level":"info","message":"[Analyzer] Processing 47/100: 0x125a1663fb2d6590f533dbd3df36cb99c21a788e","timestamp":"2026-08-06T02:59:04.651Z"}
{"level":"info","message":"[Analyzer] Processing 48/100: 0xf1c65470386208d7e1ed9691e072409e1e3ef17f","timestamp":"2026-08-06T02:59:04.652Z"}
{"level":"info","message":"[Analyzer] Processing 49/100: 0xa12bd8ba9e70aa71047c7a294e4160727a6c287d","timestamp":"2026-08-06T02:59:04.652Z"}
{"level":"info","message":"[Analyzer] Processing 50/100: 0x2553b362c9f9ff4f16369012b99347a1d494dccb","timestamp":"2026-08-06T02:59:04.652Z"}
{"level":"info","message":"[Analyzer] Processing 51/100: 0x2dae04f4ce0cd6ddaae4d726f6e54fa383d77ac6","timestamp":"2026-08-06T02:59:04.653Z"}
{"level":"info","message":"[Analyzer] Processing 52/100: 0x56d5edbf9aadb38659f38de906f2d7a039b14373","timestamp":"2026-08-06T02:59:04.653Z"}
{"level":"info","message":"[Analyzer] Processing 53/100: 0x0f611ba9b26b1958eefda49e2bfae8a0b078edbe","timestamp":"2026-08-06T02:59:04.654Z"}
{"level":"info","message":"[Analyzer] Processing 54/100: 0x4e1bd6fb6ced7d84b3a680d48d6b83fcb1e78a91","timestamp":"2026-08-06T02:59:04.654Z"}
{"level":"info","message":"[Analyzer] Processing 55/100: 0x2cd3048126290727214d8f059922d84a2d7213bb","timestamp":"2026-08-06T02:59:04.654Z"}
{"level":"info","message":"[Analyzer] Processing 56/100: 0x8ece9ea6efbf42059ce7f5e6c44cc0a4256d4c09","timestamp":"2026-08-06T02:59:04.654Z"}
{"level":"info","message":"[Analyzer] Processing 57/100: 0x964d89011fb6dbdec8512f497d22cb1d7ead9223","timestamp":"2026-08-06T02:59:04.655Z"}
{"level":"info","message":"[Analyzer] Processing 58/100: 0x669e212888f096287f8a9c12e16803c7eb2cd6ca","timestamp":"2026-08-06T02:59:04.655Z"}
{"level":"info","message":"[Analyzer] Processing 59/100: 0xd6d3b2e37265a45b684c947e102ff5e4ca4ded00","timestamp":"2026-08-06T02:59:04.657Z"}
{"level":"info","message":"[Analyzer] Processing 60/100: 0x14deb2e952d0337a59ba51da4ff4506b0f0ebceb","timestamp":"2026-08-06T02:59:04.658Z"}
{"level":"info","message":"[Analyzer] Processing 61/100: 0xd8c97a96bce7f369655c5e7d13b8b455d6f7a5e1","timestamp":"2026-08-06T02:59:04.658Z"}
{"level":"info","message":"[Analyzer] Processing 62/100: 0x6ba5a1e4d5af9c7c4945515d924b955dd67036f6","timestamp":"2026-08-06T02:59:04.659Z"}
{"level":"info","message":"[Analyzer] Processing 63/100: 0xd6096432ad754378daee431ccb28927b63168b39","timestamp":"2026-08-06T02:59:04.659Z"}
{"level":"info","message":"[Analyzer] Processing 64/100: 0xe5c37022e01c096ae83f28986f1e913f3fee12aa","timestamp":"2026-08-06T02:59:04.659Z"}
{"level":"info","message":"[Analyzer] Processing 65/100: 0x6ed7b0ece9144870da4b63b9ac9ad19296109e2e","timestamp":"2026-08-06T02:59:04.660Z"}
{"level":"info","message":"[Analyzer] Processing 66/100: 0xe91a45f74d330bff55d62c3baec7fc42f3656b4a","timestamp":"2026-08-06T02:59:04.660Z"}
{"level":"info","message":"[Analyzer] Processing 67/100: 0x4bed59c256d2755ca2f8b4d7f09d3415cb43bdad","timestamp":"2026-08-06T02:59:04.660Z"}
{"level":"info","message":"[Analyzer] Processing 68/100: 0x31f894cdb796269b405d5444131aa0c9e0fb846b","timestamp":"2026-08-06T02:59:04.661Z"}
{"level":"info","message":"[Analyzer] Processing 69/100: 0x01ad211a7d13e83f3fa7e47240e254fa3bfcee8c","timestamp":"2026-08-06T02:59:04.662Z"}
{"level":"info","message":"[Analyzer] Processing 70/100: 0xb7f87eac043e5907d3a55cfedc30b7c32524fb1f","timestamp":"2026-08-06T02:59:04.662Z"}
{"level":"info","message":"[Analyzer] Processing 71/100: 0xfe6116f228aee0ce222356112e00d5ea020b6af4","timestamp":"2026-08-06T02:59:04.663Z"}
{"level":"info","message":"[Analyzer] Processing 72/100: 0xb75e6961626b369649150cbef8912192f373a28a","timestamp":"2026-08-06T02:59:04.663Z"}
{"level":"info","message":"[Analyzer] Processing 73/100: 0x4e74227a130d0153c252b1749bb8c8c83e30bd3c","timestamp":"2026-08-06T02:59:04.664Z"}
{"level":"info","message":"[Analyzer] Processing 74/100: 0x03b39ae060148cca6354ac91cbfc329e922be49c","timestamp":"2026-08-06T02:59:04.664Z"}
{"level":"info","message":"[Analyzer] Processing 75/100: 0xefaf35af683b61c8ff7bf969f2bdb1d64971393a","timestamp":"2026-08-06T02:59:04.664Z"}
{"level":"info","message":"[Analyzer] Processing 76/100: 0x1dec34af2db84359c078050e964560f47a669ea2","timestamp":"2026-08-06T02:59:04.665Z"}
{"level":"info","message":"[Analyzer] Processing 77/100: 0xf132619dab75d696d8d69e8ae364e6acccb76cd3","timestamp":"2026-08-06T02:59:04.665Z"}
{"level":"info","message":"[Analyzer] Processing 78/100: 0x81bf697f4d29108154ea70090d45b9607fa8eb6c","timestamp":"2026-08-06T02:59:04.665Z"}
{"level":"info","message":"[Analyzer] Processing 79/100: 0x18a3a7fbee2c00d29eb80ebc536b0c4e0714a50f","timestamp":"2026-08-06T02:59:04.666Z"}
{"level":"info","message":"[Analyzer] Processing 80/100: 0xd81f025d76d8c5c92254895cfda100cd21a6e68e","timestamp":"2026-08-06T02:59:04.666Z"}
{"level":"info","message":"[Analyzer] Processing 81/100: 0xccdcfc4598f539408fc0393b42905c1e0d24a91e","timestamp":"2026-08-06T02:59:04.666Z"}
{"level":"info","message":"[Analyzer] Processing 82/100: 0x6969d381bb7c775f6393bde4b69ed1afbbf7780a","timestamp":"2026-08-06T02:59:04.666Z"}
{"level":"info","message":"[Analyzer] Processing 83/100: 0xb9f3b7728114204b7b57a35259d7460f47de3e19","timestamp":"2026-08-06T02:59:04.667Z"}
{"level":"info","message":"[Analyzer] Processing 84/100: 0xd773d87bacaa75f0352f61b5b8a734a77d661152","timestamp":"2026-08-06T02:59:04.667Z"}
{"level":"info","message":"[Analyzer] Processing 85/100: 0x639b4014d308ae73e649d76a8b259b90d1da496a","timestamp":"2026-08-06T02:59:04.668Z"}
{"level":"info","message":"[Analyzer] Processing 86/100: 0xd8a90fad59cef569190fc26a015cbedfde155d20","timestamp":"2026-08-06T02:59:04.669Z"}
{"level":"info","message":"[Analyzer] Processing 87/100: 0xa043152e77344296f32169272541f60640f8b186","timestamp":"2026-08-06T02:59:04.669Z"}
{"level":"info","message":"[Analyzer] Processing 88/100: 0x6736cfdfddd4eef2c5da1f0707a3a15955731ce1","timestamp":"2026-08-06T02:59:04.670Z"}
{"level":"info","message":"[Analyzer] Processing 89/100: 0xf58db52e47ed4853513db73d0402e17c078e6326","timestamp":"2026-08-06T02:59:04.670Z"}
{"level":"info","message":"[Analyzer] Processing 90/100: 0x3f7377ad4985b2c5d4d4c53bbcf5f7aa1bc2587a","timestamp":"2026-08-06T02:59:04.670Z"}
{"level":"info","message":"[Analyzer] Processing 91/100: 0x5f2587e6df5c25f7976cefef67a68b09345819e8","timestamp":"2026-08-06T02:59:04.671Z"}
{"level":"info","message":"[Analyzer] Processing 92/100: 0x4e08f22d7cbf405865cc70a6367d43e1b1bc3d2f","timestamp":"2026-08-06T02:59:04.671Z"}
{"level":"info","message":"[Analyzer] Processing 93/100: 0x1eedc3dd3796a4ef84de024128b066898559ab07","timestamp":"2026-08-06T02:59:04.671Z"}
{"level":"info","message":"[Analyzer] Processing 94/100: 0xe9c3f102dee600ac6be6f8e3decdcac7b79c8159","timestamp":"2026-08-06T02:59:04.672Z"}
{"level":"info","message":"[Analyzer] Processing 95/100: 0xe46bd5b7b0254bcfb89469df145a3dc423164f80","timestamp":"2026-08-06T02:59:04.672Z"}
{"level":"info","message":"[Analyzer] Processing 96/100: 0x2132c3fc4196ea20b6450bb1b6ed5170811d55f5","timestamp":"2026-08-06T02:59:04.673Z"}
{"level":"info","message":"[Analyzer] Processing 97/100: 0xf18123789db2e006ba9a3b635708f8fbb8b76d4d","timestamp":"2026-08-06T02:59:04.673Z"}
{"level":"info","message":"[Analyzer] Processing 98/100: 0x64c4bf8502bf219b9deeeb838e51d88628158219","timestamp":"2026-08-06T02:59:04.674Z"}
{"level":"info","message":"[Analyzer] Processing 99/100: 0x06427dc4f40be08054a3a1ff42fd321b0bd818f0","timestamp":"2026-08-06T02:59:04.675Z"}
{"level":"info","message":"[Analyzer] Processing 100/100: 0x21af34d693bc3a3811b1701902332e896c6fd1fd","timestamp":"2026-08-06T02:59:04.675Z"}
{"level":"info","message":"Page 10: +82 human targets | 18 bots filtered","timestamp":"2026-08-06T02:59:22.231Z"}
{"level":"info","message":"Page 10: Deleted 953 transfer records for 100 evaluated senders","timestamp":"2026-08-06T02:59:22.716Z"}
{"level":"info","message":"Fetched 100 raw pairs (page 11). Running Stage 1 + Stage 2 checks...","timestamp":"2026-08-06T02:59:23.379Z"}
{"level":"info","message":"[Analyzer] Processing 1/100: 0x9209e84c967af392dfe44a6536747c843dd3ec3e","timestamp":"2026-08-06T02:59:23.380Z"}
{"level":"info","message":"[Analyzer] Processing 2/100: 0x5f6fab820e75656b06bc702df8522ff20af51c64","timestamp":"2026-08-06T02:59:23.380Z"}
{"level":"info","message":"[Analyzer] Processing 3/100: 0x532a1ba1480dd4d490871ddf92a4bc35b92ed392","timestamp":"2026-08-06T02:59:23.380Z"}
{"level":"info","message":"[Analyzer] Processing 4/100: 0x04109d07a216b7dbfe568dff25c8a3a77e952f01","timestamp":"2026-08-06T02:59:23.381Z"}
{"level":"info","message":"[Analyzer] Processing 5/100: 0xe3aaf6229ea7932abd50e6a51c67ba248193a50f","timestamp":"2026-08-06T02:59:23.381Z"}
{"level":"info","message":"[Analyzer] Processing 6/100: 0xdcbe40d4fd245752fc1a4c5821758b21508776bc","timestamp":"2026-08-06T02:59:23.382Z"}
{"level":"info","message":"[Analyzer] Processing 7/100: 0xc27514660e8f2c045f3e6c20b0f09f0ee2d01ac0","timestamp":"2026-08-06T02:59:23.382Z"}
{"level":"info","message":"[Analyzer] Processing 8/100: 0x14b055a2f695f7b928da362170f3a44759fd69f0","timestamp":"2026-08-06T02:59:23.382Z"}
{"level":"info","message":"[Analyzer] Processing 9/100: 0x1c4c11d1b020de9e7b25b95792b0fc2ac12c74cb","timestamp":"2026-08-06T02:59:23.382Z"}
{"level":"info","message":"[Analyzer] Processing 10/100: 0xe55e7834334bf5cb35eebde5e33411d922075427","timestamp":"2026-08-06T02:59:23.383Z"}
{"level":"info","message":"[Analyzer] Processing 11/100: 0x22b431f07f2ecb39633b163872ccd5ff00abafa9","timestamp":"2026-08-06T02:59:23.383Z"}
{"level":"info","message":"[Analyzer] Processing 12/100: 0x7187d03bae0acb247a2ae99d7d5406f8df42380d","timestamp":"2026-08-06T02:59:23.383Z"}
{"level":"info","message":"[Analyzer] Processing 13/100: 0xcf79295897c07827883c99ab02ace73d99b4c9b5","timestamp":"2026-08-06T02:59:23.384Z"}
{"level":"info","message":"[Analyzer] Processing 14/100: 0x6be33c8b93b47ddcc8bbdbb63ac3b012a24bc594","timestamp":"2026-08-06T02:59:23.384Z"}
{"level":"info","message":"[Analyzer] Processing 15/100: 0x85af5cbb26a01981cfbccb85d43d2ef5f5c10a42","timestamp":"2026-08-06T02:59:23.384Z"}
{"level":"info","message":"[Analyzer] Processing 16/100: 0xd81b487ed962b760797d4baef9bb9c8cfa5e159e","timestamp":"2026-08-06T02:59:23.384Z"}
{"level":"info","message":"[Analyzer] Processing 17/100: 0xa38fed782a3e4098c8506e0766fe4124207e108e","timestamp":"2026-08-06T02:59:23.384Z"}
{"level":"info","message":"[Analyzer] Processing 18/100: 0xebef2aed95a5219ad2da2942ad27df26c68620df","timestamp":"2026-08-06T02:59:23.385Z"}
{"level":"info","message":"[Analyzer] Processing 19/100: 0xd5e0c1f11a908c067c740301f257e5ec8395dbd5","timestamp":"2026-08-06T02:59:23.385Z"}
{"level":"info","message":"[Analyzer] Processing 20/100: 0xaa0470e3232d3a8a4ad38c7d15175f7c496882e2","timestamp":"2026-08-06T02:59:23.385Z"}
{"level":"info","message":"[Analyzer] Processing 21/100: 0x3ea4dd8736cd8063e459bf7ab22b5a02d345df0e","timestamp":"2026-08-06T02:59:23.385Z"}
{"level":"info","message":"[Analyzer] Processing 22/100: 0x697f032448719a88db48e1e4f90fc35fae4608a5","timestamp":"2026-08-06T02:59:23.385Z"}
{"level":"info","message":"[Analyzer] Processing 23/100: 0x5468697c64d7f7cbf35e98553692b8fb54a2d4f4","timestamp":"2026-08-06T02:59:23.386Z"}
{"level":"info","message":"[Analyzer] Processing 24/100: 0x06af1a5e77491069f93bc99359187fccb2088820","timestamp":"2026-08-06T02:59:23.387Z"}
{"level":"info","message":"[Analyzer] Processing 25/100: 0xa6fc9f3e600ad0c5f7011d31dbf214bf011f3650","timestamp":"2026-08-06T02:59:23.388Z"}
{"level":"info","message":"[Analyzer] Processing 26/100: 0xf9e0f3a9ec3334ae93ffe8b94b586f11f4bbeafd","timestamp":"2026-08-06T02:59:23.388Z"}
{"level":"info","message":"[Analyzer] Processing 27/100: 0x58b2a2c2f0a61370cda6afb7c49b35492dc2a875","timestamp":"2026-08-06T02:59:23.388Z"}
{"level":"info","message":"[Analyzer] Processing 28/100: 0x23558183b6164ad356a61506483f7bdf8e529b0b","timestamp":"2026-08-06T02:59:23.388Z"}
{"level":"info","message":"[Analyzer] Processing 29/100: 0xfd320df72678f4470a53f92733150792d43fe556","timestamp":"2026-08-06T02:59:23.389Z"}
{"level":"info","message":"[Analyzer] Processing 30/100: 0x412f67f000761cbea3c2e671e32c68d63770a0b3","timestamp":"2026-08-06T02:59:23.389Z"}
{"level":"info","message":"[Analyzer] Processing 31/100: 0x341324cc10ea485f6950065178d612c66858cc6e","timestamp":"2026-08-06T02:59:23.389Z"}
{"level":"info","message":"[Analyzer] Processing 32/100: 0xab4aeb42c32cce47693849e9d9a7264ba536e7d2","timestamp":"2026-08-06T02:59:23.389Z"}
{"level":"info","message":"[Analyzer] Processing 33/100: 0xe08e70b81ec523c20ed730121ca2b2dc73cd3994","timestamp":"2026-08-06T02:59:23.390Z"}
{"level":"info","message":"[Analyzer] Processing 34/100: 0x2e96fe52aedafb882ea0827edc6d134f2d5ea7a7","timestamp":"2026-08-06T02:59:23.390Z"}
{"level":"info","message":"[Analyzer] Processing 35/100: 0xa69c778365d230db23c418896450eb70f4f37813","timestamp":"2026-08-06T02:59:23.390Z"}
{"level":"info","message":"[Analyzer] Processing 36/100: 0x509271c17c413942023ec8029b8fd80638c55eb1","timestamp":"2026-08-06T02:59:23.390Z"}
{"level":"info","message":"[Analyzer] Processing 37/100: 0x4dde27244b868e3e0fd732a50ef6c35fbb7282e0","timestamp":"2026-08-06T02:59:23.390Z"}
{"level":"info","message":"[Analyzer] Processing 38/100: 0x61928e51f2b4e7a3dcf7e082fb98b6c280061722","timestamp":"2026-08-06T02:59:23.391Z"}
{"level":"info","message":"[Analyzer] Processing 39/100: 0x5ddf5ff6902e7d2c97e28fa97cacac3fd137a95d","timestamp":"2026-08-06T02:59:23.391Z"}
{"level":"info","message":"[Analyzer] Processing 40/100: 0x62f1a7de281a1295d0c76e3578e033be7db3a73a","timestamp":"2026-08-06T02:59:23.391Z"}
{"level":"info","message":"[Analyzer] Processing 41/100: 0x734da8951d8e11541e00765b9f23759b101de7a5","timestamp":"2026-08-06T02:59:23.391Z"}
{"level":"info","message":"[Analyzer] Processing 42/100: 0x0aa8460e6dfb29a0daa12b002376a6c1952bf324","timestamp":"2026-08-06T02:59:23.391Z"}
{"level":"info","message":"[Analyzer] Processing 43/100: 0xaeeed75e313d055b495c7f1240b0a1d6e1ebff52","timestamp":"2026-08-06T02:59:23.391Z"}
{"level":"info","message":"[Analyzer] Processing 44/100: 0x522f936c23f03dd35f213cc03885dd6318b79429","timestamp":"2026-08-06T02:59:23.393Z"}
{"level":"info","message":"[Analyzer] Processing 45/100: 0xabf9d39705293d42fdf9996644dcafd9bf992fc7","timestamp":"2026-08-06T02:59:23.395Z"}
{"level":"info","message":"[Analyzer] Processing 46/100: 0xa49339d64b636e6f10bdb7f87619a06195b813ed","timestamp":"2026-08-06T02:59:23.396Z"}
{"level":"info","message":"[Analyzer] Processing 47/100: 0x3c0184a085a7b8049d387dec31b10e3412e61f9b","timestamp":"2026-08-06T02:59:23.396Z"}
{"level":"info","message":"[Analyzer] Processing 48/100: 0x80db5a4e5da9ea221870c8113f8f89ebec91082d","timestamp":"2026-08-06T02:59:23.396Z"}
{"level":"info","message":"[Analyzer] Processing 49/100: 0x0b33330843247eb4f51e34e053d31ea5b38cdedd","timestamp":"2026-08-06T02:59:23.397Z"}
{"level":"info","message":"[Analyzer] Processing 50/100: 0x1f487216c5c5a44f03c3109e84809563364504f1","timestamp":"2026-08-06T02:59:23.397Z"}
{"level":"info","message":"[Analyzer] Processing 51/100: 0xdb2a0a13f400636a07804c847502d65486fe2a4b","timestamp":"2026-08-06T02:59:23.397Z"}
{"level":"info","message":"[Analyzer] Processing 52/100: 0xa9670a87ae0f5a71bfed4f1e21110716ead264ba","timestamp":"2026-08-06T02:59:23.397Z"}
{"level":"info","message":"[Analyzer] Processing 53/100: 0x4959ad9145030d5a2f3cce66ca4da8b3d35dbe1d","timestamp":"2026-08-06T02:59:23.398Z"}
{"level":"info","message":"[Analyzer] Processing 54/100: 0x93b14f65bbef3c24f8612ec21305f30f5fb3c264","timestamp":"2026-08-06T02:59:23.399Z"}
{"level":"info","message":"[Analyzer] Processing 55/100: 0x41090e25ea35ea48a5fc22480a3305a530dbded2","timestamp":"2026-08-06T02:59:23.400Z"}
{"level":"info","message":"[Analyzer] Processing 56/100: 0x656b31f1ef0954be6e3ddb397c1eed54840c7545","timestamp":"2026-08-06T02:59:23.400Z"}
{"level":"info","message":"[Analyzer] Processing 57/100: 0xf4e6deea1b4da85c2d68db8d771d37ec1148b853","timestamp":"2026-08-06T02:59:23.400Z"}
{"level":"info","message":"[Analyzer] Processing 58/100: 0x4dd13354e77d64873a071e1c09c9a77826ef4d0b","timestamp":"2026-08-06T02:59:23.400Z"}
{"level":"info","message":"[Analyzer] Processing 59/100: 0x1c7e7d519c82308e78e5e8c47820aa2c713b139a","timestamp":"2026-08-06T02:59:23.401Z"}
{"level":"info","message":"[Analyzer] Processing 60/100: 0xc4040bf8dc568aa424f98477db65894cf926ec5a","timestamp":"2026-08-06T02:59:23.401Z"}
{"level":"info","message":"[Analyzer] Processing 61/100: 0x991f444130679bfa9f6bcbc719e9703226ae88e9","timestamp":"2026-08-06T02:59:23.401Z"}
{"level":"info","message":"[Analyzer] Processing 62/100: 0x731f9c7a19f29275ea716bc1d4270e91a9a0a9de","timestamp":"2026-08-06T02:59:23.401Z"}
{"level":"info","message":"[Analyzer] Processing 63/100: 0x5dea7a44777fbf235df74180054b23e60bd799ac","timestamp":"2026-08-06T02:59:23.402Z"}
{"level":"info","message":"[Analyzer] Processing 64/100: 0x4062772384cbca29c10382a03db2503ce0025b84","timestamp":"2026-08-06T02:59:23.402Z"}
{"level":"info","message":"[Analyzer] Processing 65/100: 0xc633c719fdf7e5553d2c1a24d98ab073c600a9ac","timestamp":"2026-08-06T02:59:23.402Z"}
{"level":"info","message":"[Analyzer] Processing 66/100: 0xdfcc2d05a45f32b038a48af590df1cf16990cb33","timestamp":"2026-08-06T02:59:23.402Z"}
{"level":"info","message":"[Analyzer] Processing 67/100: 0xc407a834fb9b973485d9c0199c1e5db1ab81eb35","timestamp":"2026-08-06T02:59:23.403Z"}
{"level":"info","message":"[Analyzer] Processing 68/100: 0x8c47be6e231d1f313eb64d16442a8bddb4473bb5","timestamp":"2026-08-06T02:59:23.403Z"}
{"level":"info","message":"[Analyzer] Processing 69/100: 0xdc9c9789c97a57947629f337fb64a71aecd3c4de","timestamp":"2026-08-06T02:59:23.403Z"}
{"level":"info","message":"[Analyzer] Processing 70/100: 0x0e473adc52e8c40aa569fb8a5e4a3e520fce08fb","timestamp":"2026-08-06T02:59:23.403Z"}
{"level":"info","message":"[Analyzer] Processing 71/100: 0x4f64dacae7770ce197acff976d9435480ebbd300","timestamp":"2026-08-06T02:59:23.404Z"}
{"level":"info","message":"[Analyzer] Processing 72/100: 0xd07e6ab4b75b3da5a96b5e81064a65fc04f98814","timestamp":"2026-08-06T02:59:23.405Z"}
{"level":"info","message":"[Analyzer] Processing 73/100: 0x9f6c0712be3a27728ac3d393ac8501f1df30222a","timestamp":"2026-08-06T02:59:23.405Z"}
{"level":"info","message":"[Analyzer] Processing 74/100: 0x2954879e0a12259a955d02b042c7178a0ba4f9f9","timestamp":"2026-08-06T02:59:23.406Z"}
{"level":"info","message":"[Analyzer] Processing 75/100: 0x1ac60c1a19183a6ce347e20c50be9dcc28b69626","timestamp":"2026-08-06T02:59:23.406Z"}
{"level":"info","message":"[Analyzer] Processing 76/100: 0xe6e96c27da7c9c747e8525fcc64305b52b901c99","timestamp":"2026-08-06T02:59:23.406Z"}
{"level":"info","message":"[Analyzer] Processing 77/100: 0x8f9f404b459d56859a9d2239ee85802e1c556661","timestamp":"2026-08-06T02:59:23.406Z"}
{"level":"info","message":"[Analyzer] Processing 78/100: 0xb7a584633d5ee1f4227669c62505b1fd80bc555c","timestamp":"2026-08-06T02:59:23.406Z"}
{"level":"info","message":"[Analyzer] Processing 79/100: 0xb1d4cd268ad67b8fbb578a061e7bdcc895efafd1","timestamp":"2026-08-06T02:59:23.407Z"}
{"level":"info","message":"[Analyzer] Processing 80/100: 0x0c3a6d96f5ebfdb4bd1c1cf1ca9778dd25be3097","timestamp":"2026-08-06T02:59:23.407Z"}
{"level":"info","message":"[Analyzer] Processing 81/100: 0xde3efebe86a6fe58e6c082be28617f7f43ec6123","timestamp":"2026-08-06T02:59:23.407Z"}
{"level":"info","message":"[Analyzer] Processing 82/100: 0x68e6695b2130e9b8045eb9b51a061ef48fa2ed16","timestamp":"2026-08-06T02:59:23.407Z"}
{"level":"info","message":"[Analyzer] Processing 83/100: 0xa8387a92b13a69875979196fed80a9929740a887","timestamp":"2026-08-06T02:59:23.408Z"}
{"level":"info","message":"[Analyzer] Processing 84/100: 0x998fd8e18155bca81dd6ec8d7224ee0baa41d09e","timestamp":"2026-08-06T02:59:23.408Z"}
{"level":"info","message":"[Analyzer] Processing 85/100: 0xe266843967171f5b331a4d04f46c18d750b8938d","timestamp":"2026-08-06T02:59:23.409Z"}
{"level":"info","message":"[Analyzer] Processing 86/100: 0x1bcffb55c7ee6e6fb341322cc1b24cd1f0a13dbd","timestamp":"2026-08-06T02:59:23.409Z"}
{"level":"info","message":"[Analyzer] Processing 87/100: 0xf89388d67b8d251b282d1b89f3135e773833a377","timestamp":"2026-08-06T02:59:23.409Z"}
{"level":"info","message":"[Analyzer] Processing 88/100: 0xea3cefd858c279c10ba44410e7634dee9071ac9a","timestamp":"2026-08-06T02:59:23.410Z"}
{"level":"info","message":"[Analyzer] Processing 89/100: 0xd37c108c068bf23537c21b8a1f79394a397882f1","timestamp":"2026-08-06T02:59:23.412Z"}
{"level":"info","message":"[Analyzer] Processing 90/100: 0xfc771e8df998acc338bb5a4f65515a964749a9f0","timestamp":"2026-08-06T02:59:23.412Z"}
{"level":"info","message":"[Analyzer] Processing 91/100: 0x57e0cc9b50afac65936221b4c4cfcd1870d86357","timestamp":"2026-08-06T02:59:23.413Z"}
{"level":"info","message":"[Analyzer] Processing 92/100: 0x9fc180d47403dcf2eb78cfb75f00583e48286918","timestamp":"2026-08-06T02:59:23.413Z"}
{"level":"info","message":"[Analyzer] Processing 93/100: 0x2d833e17bec33071edb06fdec93c3ed5c977b059","timestamp":"2026-08-06T02:59:23.414Z"}
{"level":"info","message":"[Analyzer] Processing 94/100: 0xfcdaa458d6881498259ac696b1a5d3df65c42cac","timestamp":"2026-08-06T02:59:23.414Z"}
{"level":"info","message":"[Analyzer] Processing 95/100: 0x610f1f2e58a7bcf86fb8f1de3900c542b58362b4","timestamp":"2026-08-06T02:59:23.414Z"}
{"level":"info","message":"[Analyzer] Processing 96/100: 0x9c098dd9f652d47b5e0115afe6b68bbba050873e","timestamp":"2026-08-06T02:59:23.415Z"}
{"level":"info","message":"[Analyzer] Processing 97/100: 0x007ce5c372cc6fcc47d2aac5665a94a2b165a1b5","timestamp":"2026-08-06T02:59:23.415Z"}
{"level":"info","message":"[Analyzer] Processing 98/100: 0x18b00b0ab0422a545b1758c96ca472b3176ce9d3","timestamp":"2026-08-06T02:59:23.416Z"}
{"level":"info","message":"[Analyzer] Processing 99/100: 0xfbd12943a4397ea4da7a906c7465623c7e6dd04d","timestamp":"2026-08-06T02:59:23.416Z"}
{"level":"info","message":"[Analyzer] Processing 100/100: 0x41fbb20867129f3b81db0db44982b4ba7e8980db","timestamp":"2026-08-06T02:59:23.416Z"}
{"level":"info","message":"Page 11: +82 human targets | 18 bots filtered","timestamp":"2026-08-06T02:59:38.313Z"}
{"level":"info","message":"Page 11: Deleted 914 transfer records for 100 evaluated senders","timestamp":"2026-08-06T02:59:39.136Z"}
{"level":"info","message":"Fetched 100 raw pairs (page 12). Running Stage 1 + Stage 2 checks...","timestamp":"2026-08-06T02:59:39.739Z"}
{"level":"info","message":"[Analyzer] Processing 1/100: 0xfdcdbb227ade2c6a6f55d81a4bb90918d05eba0a","timestamp":"2026-08-06T02:59:39.739Z"}
{"level":"info","message":"[Analyzer] Processing 2/100: 0xeddfe1c5868925531866ab157f9287daa1b4caae","timestamp":"2026-08-06T02:59:39.741Z"}
{"level":"info","message":"[Analyzer] Processing 3/100: 0x0b1bad6fb57761591896374a2c3760b2edc90b7a","timestamp":"2026-08-06T02:59:39.742Z"}
{"level":"info","message":"[Analyzer] Processing 4/100: 0xf55327a9e253a75102654ff5ff2a8bc1abe59865","timestamp":"2026-08-06T02:59:39.742Z"}
{"level":"info","message":"[Analyzer] Processing 5/100: 0xa0e4f5355924ced4178ed96a0a8d62ff3a1c1c1e","timestamp":"2026-08-06T02:59:39.743Z"}
{"level":"info","message":"[Analyzer] Processing 6/100: 0x2c5cf87b4d980f27c48ceb72690f37259acf713d","timestamp":"2026-08-06T02:59:39.744Z"}
{"level":"info","message":"[Analyzer] Processing 7/100: 0x5c579a5d029664898c8133813db7efcb7dbb7303","timestamp":"2026-08-06T02:59:39.745Z"}
{"level":"info","message":"[Analyzer] Processing 8/100: 0x61bec0f83102fea4e59618c35fcacd6cb96106fa","timestamp":"2026-08-06T02:59:39.747Z"}
{"level":"info","message":"[Analyzer] Processing 9/100: 0x68bf2e689aadaad26f86577c4ba008161e9e8434","timestamp":"2026-08-06T02:59:39.748Z"}
{"level":"info","message":"[Analyzer] Processing 10/100: 0x1e5d89adb65b477014e2d62be02b4ac3a7b90282","timestamp":"2026-08-06T02:59:39.748Z"}
{"level":"info","message":"[Analyzer] Processing 11/100: 0xdd387c1d3804d92cc47ab1e809bb7a611c66ea22","timestamp":"2026-08-06T02:59:39.749Z"}
{"level":"info","message":"[Analyzer] Processing 12/100: 0x6444d23ad18bdf2eb11f813fdff4d9d9b4277c18","timestamp":"2026-08-06T02:59:39.749Z"}
{"level":"info","message":"[Analyzer] Processing 13/100: 0x6b80435cb93a15d490a18be6ffc558b7b5d66cbf","timestamp":"2026-08-06T02:59:39.750Z"}
{"level":"info","message":"[Analyzer] Processing 14/100: 0xf694f285dd9fdfef7c7a475b4cb58d6e5fac3329","timestamp":"2026-08-06T02:59:39.750Z"}
{"level":"info","message":"[Analyzer] Processing 15/100: 0x8bdbd6ec5a91102ceae52643f349678fb5e3b227","timestamp":"2026-08-06T02:59:39.751Z"}
{"level":"info","message":"[Analyzer] Processing 16/100: 0x6da1b5725a106dba9ad77bf1c52eda4533544783","timestamp":"2026-08-06T02:59:39.776Z"}
{"level":"info","message":"[Analyzer] Processing 17/100: 0x70cea60e407ee79f0b47b4514db53dcfc15d52c3","timestamp":"2026-08-06T02:59:39.776Z"}
{"level":"info","message":"[Analyzer] Processing 18/100: 0x62650c06e7dc30f3bb70ef413a42a8c714d70115","timestamp":"2026-08-06T02:59:39.777Z"}
{"level":"info","message":"[Analyzer] Processing 19/100: 0xd5853c6d50cba3d10ef0b50bd37d258cec1afd57","timestamp":"2026-08-06T02:59:39.778Z"}
{"level":"info","message":"[Analyzer] Processing 20/100: 0x76b8ba6d29ce6d2d99855d4dc6914d80621bdcd6","timestamp":"2026-08-06T02:59:39.778Z"}
{"level":"info","message":"[Analyzer] Processing 21/100: 0x1b31c4718c0f45c37f94244788a2188740af40fb","timestamp":"2026-08-06T02:59:39.778Z"}
{"level":"info","message":"[Analyzer] Processing 22/100: 0xa427def3f920f718a89e5ab473c79c065ab10ef4","timestamp":"2026-08-06T02:59:39.779Z"}
{"level":"info","message":"[Analyzer] Processing 23/100: 0x0df5875ae78c7d4df10576a4fdbe50b51258e771","timestamp":"2026-08-06T02:59:39.779Z"}
{"level":"info","message":"[Analyzer] Processing 24/100: 0xbf21202af66c3257d0e3b8092544da85328c151c","timestamp":"2026-08-06T02:59:39.780Z"}
{"level":"info","message":"[Analyzer] Processing 25/100: 0x823f120033a01400222ac748988b13902a383b1a","timestamp":"2026-08-06T02:59:39.782Z"}
{"level":"info","message":"[Analyzer] Processing 26/100: 0x2520841276dacfcef88715d2493bbc537f3d986d","timestamp":"2026-08-06T02:59:39.783Z"}
{"level":"info","message":"[Analyzer] Processing 27/100: 0xd5a21c1946949c926c8d399b0ad42722be6cc459","timestamp":"2026-08-06T02:59:39.783Z"}
{"level":"info","message":"[Analyzer] Processing 28/100: 0x493662caacf9cd2848086c2f57daa163b0ae16c7","timestamp":"2026-08-06T02:59:39.784Z"}
{"level":"info","message":"[Analyzer] Processing 29/100: 0xe1eb16ad774ce171015d7874e885d6d38d3c3609","timestamp":"2026-08-06T02:59:39.784Z"}
{"level":"info","message":"[Analyzer] Processing 30/100: 0xa9b079d27e5992d04935ba661970f8089546db0c","timestamp":"2026-08-06T02:59:39.784Z"}
{"level":"info","message":"[Analyzer] Processing 31/100: 0x83f2dfae9c79d13718a0b19339abab9445cafafc","timestamp":"2026-08-06T02:59:39.785Z"}
{"level":"info","message":"[Analyzer] Processing 32/100: 0xd900e8166014f6ccdd1536e12b2c8cc3b9cbe25d","timestamp":"2026-08-06T02:59:39.785Z"}
{"level":"info","message":"[Analyzer] Processing 33/100: 0xb314b6f29faadcad1edcd146648ae02b77554dd9","timestamp":"2026-08-06T02:59:39.786Z"}
{"level":"info","message":"[Analyzer] Processing 34/100: 0x6bd8e17e45bdb2ed030955ad50e7e0414a487ab7","timestamp":"2026-08-06T02:59:39.786Z"}
{"level":"info","message":"[Analyzer] Processing 35/100: 0xecc34fab0705eb67cdf62399b7395aedd4aef20e","timestamp":"2026-08-06T02:59:39.786Z"}
{"level":"info","message":"[Analyzer] Processing 36/100: 0x5b47ab1cc19d2cb00aa279147c12684bfcbe51b5","timestamp":"2026-08-06T02:59:39.787Z"}
{"level":"info","message":"[Analyzer] Processing 37/100: 0xfd5dee04898f3ed1c9facb56bb8e09597917f47a","timestamp":"2026-08-06T02:59:39.789Z"}
{"level":"info","message":"[Analyzer] Processing 38/100: 0x593f10e84bba48e4148cd3cd30f63b2d63bb0c68","timestamp":"2026-08-06T02:59:39.790Z"}
{"level":"info","message":"[Analyzer] Processing 39/100: 0x3adf1c7073cdb10a532285b5baa29b68926e8cf5","timestamp":"2026-08-06T02:59:39.790Z"}
{"level":"info","message":"[Analyzer] Processing 40/100: 0xe677475945e11482f751640cd7d6e5f4d5b24afc","timestamp":"2026-08-06T02:59:39.791Z"}
{"level":"info","message":"[Analyzer] Processing 41/100: 0x7875f3e4f28570a60fb69cb374c77450e4a5b0fd","timestamp":"2026-08-06T02:59:39.792Z"}
{"level":"info","message":"[Analyzer] Processing 42/100: 0xe748b762991736fddbfb83e6ac62ddae118b1fa8","timestamp":"2026-08-06T02:59:39.792Z"}
{"level":"info","message":"[Analyzer] Processing 43/100: 0x5eff0ea622e7c82af4673757deab68effdbcd91c","timestamp":"2026-08-06T02:59:39.793Z"}
{"level":"info","message":"[Analyzer] Processing 44/100: 0xdeb74d962752c93364b8d485a0b682690a1e4f73","timestamp":"2026-08-06T02:59:39.793Z"}
{"level":"info","message":"[Analyzer] Processing 45/100: 0x2a32a141b88f1aabaf96b7b9de157347260144cf","timestamp":"2026-08-06T02:59:39.794Z"}
{"level":"info","message":"[Analyzer] Processing 46/100: 0x8a8f9b6ad8ec255e29dbca5bdf720a21956f733d","timestamp":"2026-08-06T02:59:39.796Z"}
{"level":"info","message":"[Analyzer] Processing 47/100: 0x949e981667ad7c7526a1f137f4975b2356750afb","timestamp":"2026-08-06T02:59:39.797Z"}
{"level":"info","message":"[Analyzer] Processing 48/100: 0x25efefe516a77a0c04a5bf7498987487877b2ca6","timestamp":"2026-08-06T02:59:39.797Z"}
{"level":"info","message":"[Analyzer] Processing 49/100: 0x9a4041e36f6d339d783b38c519df5f8cd694a52e","timestamp":"2026-08-06T02:59:39.798Z"}
{"level":"info","message":"[Analyzer] Processing 50/100: 0x312d724a57c5cb1c957ecfdd52b1af7330c5a1f0","timestamp":"2026-08-06T02:59:39.798Z"}
{"level":"info","message":"[Analyzer] Processing 51/100: 0x02c2a014442c42d7aafdd0fc04850d93ec5ed6c6","timestamp":"2026-08-06T02:59:39.799Z"}
{"level":"info","message":"[Analyzer] Processing 52/100: 0x15d4bf655c12dba07f89ad7d6ea2d891f11c9d5c","timestamp":"2026-08-06T02:59:39.799Z"}
{"level":"info","message":"[Analyzer] Processing 53/100: 0x36edff222137e057eebd180b864ffd8356c193dc","timestamp":"2026-08-06T02:59:39.799Z"}
{"level":"info","message":"[Analyzer] Processing 54/100: 0x36e9991b7335bc2bed472376666bbd9f1449b66f","timestamp":"2026-08-06T02:59:39.799Z"}
{"level":"info","message":"[Analyzer] Processing 55/100: 0xef1adfbde417a11934cf289dec976448d82cb58d","timestamp":"2026-08-06T02:59:39.800Z"}
{"level":"info","message":"[Analyzer] Processing 56/100: 0xa65f99e29edae4f2345cbbe28fd7b1e4fb389b5d","timestamp":"2026-08-06T02:59:39.800Z"}
{"level":"info","message":"[Analyzer] Processing 57/100: 0xbdbfe2f2f614405e15cf65f946a04bfa0ee5f08a","timestamp":"2026-08-06T02:59:39.800Z"}
{"level":"info","message":"[Analyzer] Processing 58/100: 0x9c6c46efd193878f3fd534229f0ab99d778eafd3","timestamp":"2026-08-06T02:59:39.801Z"}
{"level":"info","message":"[Analyzer] Processing 59/100: 0xe94cb93b2db4b28457ce5377bbc15eda4d40b70a","timestamp":"2026-08-06T02:59:39.801Z"}
{"level":"info","message":"[Analyzer] Processing 60/100: 0x3d1dd812c4839d47c14d68d53160336e07df4590","timestamp":"2026-08-06T02:59:39.801Z"}
{"level":"info","message":"[Analyzer] Processing 61/100: 0x7c6846a0876a45e5163dcf1a81ec0e0d15bf7b34","timestamp":"2026-08-06T02:59:39.802Z"}
{"level":"info","message":"[Analyzer] Processing 62/100: 0x6f1a96df533f778cc737ff5441ccf05bc3e9c37a","timestamp":"2026-08-06T02:59:39.803Z"}
{"level":"info","message":"[Analyzer] Processing 63/100: 0x4f2fda144a025158efc7d37139375f1da11385fd","timestamp":"2026-08-06T02:59:39.804Z"}
{"level":"info","message":"[Analyzer] Processing 64/100: 0xd7438df0a5cc081b26f1e71f8f50a343b906e1a3","timestamp":"2026-08-06T02:59:39.804Z"}
{"level":"info","message":"[Analyzer] Processing 65/100: 0x4a4da72d358b0cfd4839c847c55b24c2a7e7ba11","timestamp":"2026-08-06T02:59:39.804Z"}
{"level":"info","message":"[Analyzer] Processing 66/100: 0xc25b299bf8d0b7e4a8b25eaea54e7cf228e1d8b3","timestamp":"2026-08-06T02:59:39.804Z"}
{"level":"info","message":"[Analyzer] Processing 67/100: 0x30222c6a7db204403763966891dd8d1de093660a","timestamp":"2026-08-06T02:59:39.804Z"}
{"level":"info","message":"[Analyzer] Processing 68/100: 0xa9b21d796357304cf2194ea5ad77081e521ea30c","timestamp":"2026-08-06T02:59:39.805Z"}
{"level":"info","message":"[Analyzer] Processing 69/100: 0x4510cd40f2f997e90971ade30719e7a59217080c","timestamp":"2026-08-06T02:59:39.805Z"}
{"level":"info","message":"[Analyzer] Processing 70/100: 0xbdd4927598d5cfce6b29ed49498d33d347db0ecd","timestamp":"2026-08-06T02:59:39.806Z"}
{"level":"info","message":"[Analyzer] Processing 71/100: 0x4251828c3ec50ad64093d47567cdd91646a53f4d","timestamp":"2026-08-06T02:59:39.806Z"}
{"level":"info","message":"[Analyzer] Processing 72/100: 0x0954bc0a02f6c2c3af07115676cd97c81fa71382","timestamp":"2026-08-06T02:59:39.806Z"}
{"level":"info","message":"[Analyzer] Processing 73/100: 0x65c39fc7d4a1d0592fafa4d99ea61ea0a46c5fd5","timestamp":"2026-08-06T02:59:39.807Z"}
{"level":"info","message":"[Analyzer] Processing 74/100: 0x2d27241351649ba6e491bb1e220c898528ba868e","timestamp":"2026-08-06T02:59:39.808Z"}
{"level":"info","message":"[Analyzer] Processing 75/100: 0x1ac45ddb78525540edfd6ed73e5cdb1b04ab779f","timestamp":"2026-08-06T02:59:39.808Z"}
{"level":"info","message":"[Analyzer] Processing 76/100: 0x44bacedb1b687c04055c8ba0c79a722bee2dd8b1","timestamp":"2026-08-06T02:59:39.809Z"}
{"level":"info","message":"[Analyzer] Processing 77/100: 0x730d8d757fef5de5d3bcd06f2d15300ebe4f5126","timestamp":"2026-08-06T02:59:39.811Z"}
{"level":"info","message":"[Analyzer] Processing 78/100: 0x420af4db0cda63272608bcb09ea793fd0c10bdb8","timestamp":"2026-08-06T02:59:39.811Z"}
{"level":"info","message":"[Analyzer] Processing 79/100: 0xb4bb45f52e722776f90515cc547638959f291cbd","timestamp":"2026-08-06T02:59:39.812Z"}
{"level":"info","message":"[Analyzer] Processing 80/100: 0xafcce87f79a7072fa43aca4d5cd41488e5fba792","timestamp":"2026-08-06T02:59:39.812Z"}
{"level":"info","message":"[Analyzer] Processing 81/100: 0x494c50a0a9106a12d8adf0a2550d0d9a3142b31e","timestamp":"2026-08-06T02:59:39.813Z"}
{"level":"info","message":"[Analyzer] Processing 82/100: 0xc54f9e971ebdec8b2034e4cb6025fab705589af9","timestamp":"2026-08-06T02:59:39.814Z"}
{"level":"info","message":"[Analyzer] Processing 83/100: 0xcf6130fe111daf08490a5109bff6224b32cdd9fa","timestamp":"2026-08-06T02:59:39.814Z"}
{"level":"info","message":"[Analyzer] Processing 84/100: 0x2addfc34751d32bfa15bdda5cd7f15a1d863068a","timestamp":"2026-08-06T02:59:39.815Z"}
{"level":"info","message":"[Analyzer] Processing 85/100: 0xf8c4f864c79c5d739b53dd7a667595cf71c688a9","timestamp":"2026-08-06T02:59:39.816Z"}
{"level":"info","message":"[Analyzer] Processing 86/100: 0x781505a386c672e29d4cb1ec55130b9e5066146a","timestamp":"2026-08-06T02:59:39.817Z"}
{"level":"info","message":"[Analyzer] Processing 87/100: 0x59454af13e81e31941b87816c9372c8f69eabf1d","timestamp":"2026-08-06T02:59:39.818Z"}
{"level":"info","message":"[Analyzer] Processing 88/100: 0xb3f5a608cf1a2af390f13a385e50c2f208c96e90","timestamp":"2026-08-06T02:59:39.818Z"}
{"level":"info","message":"[Analyzer] Processing 89/100: 0x8a8a68746f430bd99d60c6fe53465f93fc0485b3","timestamp":"2026-08-06T02:59:39.819Z"}
{"level":"info","message":"[Analyzer] Processing 90/100: 0x81eb3b114263185ccab10480af87992960c2859d","timestamp":"2026-08-06T02:59:39.820Z"}
{"level":"info","message":"[Analyzer] Processing 91/100: 0xfbd40f0b9e852256a818c92914add15816c32095","timestamp":"2026-08-06T02:59:39.821Z"}
{"level":"info","message":"[Analyzer] Processing 92/100: 0x569f59b83c944040c4263643494754ef1578c95d","timestamp":"2026-08-06T02:59:39.821Z"}
{"level":"info","message":"[Analyzer] Processing 93/100: 0x986a395ecbe3c1b3d22155abb2e45733c34615cd","timestamp":"2026-08-06T02:59:39.821Z"}
{"level":"info","message":"[Analyzer] Processing 94/100: 0xee268e56313e6a8003dcfc2aa4dc59b5aebc5a45","timestamp":"2026-08-06T02:59:39.822Z"}
{"level":"info","message":"[Analyzer] Processing 95/100: 0x81ce974ee54b0d3d84eae6e2278fee0a5734c5b8","timestamp":"2026-08-06T02:59:39.822Z"}
{"level":"info","message":"[Analyzer] Processing 96/100: 0xfba64167e4f091ca625fa79aa6f83665856f8bf2","timestamp":"2026-08-06T02:59:39.823Z"}
{"level":"info","message":"[Analyzer] Processing 97/100: 0xda9437aea3f7fa0ad9e7b5e59108de06e8861ae7","timestamp":"2026-08-06T02:59:39.824Z"}
{"level":"info","message":"[Analyzer] Processing 98/100: 0x541db8c5237125961212e9f653601aa4f8ad315e","timestamp":"2026-08-06T02:59:39.825Z"}
{"level":"info","message":"[Analyzer] Processing 99/100: 0x101c52ccc34855f3d328dddbe5c3c8f1747d119e","timestamp":"2026-08-06T02:59:39.825Z"}
{"level":"info","message":"[Analyzer] Processing 100/100: 0x0d3963ad32b0101b38e1df60dd3492b620941f31","timestamp":"2026-08-06T02:59:39.826Z"}
{"level":"info","message":"Page 12: +86 human targets | 14 bots filtered","timestamp":"2026-08-06T02:59:55.691Z"}
{"level":"info","message":"Page 12: Deleted 957 transfer records for 100 evaluated senders","timestamp":"2026-08-06T02:59:56.990Z"}
{"level":"info","message":"Fetched 100 raw pairs (page 13). Running Stage 1 + Stage 2 checks...","timestamp":"2026-08-06T03:00:00.203Z"}
{"level":"info","message":"[Analyzer] Processing 1/100: 0x6f6f78fad62c71124be14f61f9117bbd9cd84add","timestamp":"2026-08-06T03:00:00.204Z"}
{"level":"info","message":"[Analyzer] Processing 2/100: 0xcac69c2b14ad1c63fda3b3ae6df1510365e75d6e","timestamp":"2026-08-06T03:00:00.205Z"}
{"level":"info","message":"[Analyzer] Processing 3/100: 0xe8eacbbc7d4f0428a32e4e71649e37bd5bb22d67","timestamp":"2026-08-06T03:00:00.206Z"}
{"level":"info","message":"[Analyzer] Processing 4/100: 0x915025f60c9fe4f244d7880d38c3fb296c71f5b5","timestamp":"2026-08-06T03:00:00.207Z"}
{"level":"info","message":"[Analyzer] Processing 5/100: 0x6e5cfd73f065a9704cacf668331c97440956579f","timestamp":"2026-08-06T03:00:00.208Z"}
{"level":"info","message":"[Analyzer] Processing 6/100: 0x2f95f2a022ace2603c408b92522fe0b95c071cab","timestamp":"2026-08-06T03:00:00.208Z"}
{"level":"info","message":"[Analyzer] Processing 7/100: 0x1e4bab3723e80593be16e15a8501429aa3b6c596","timestamp":"2026-08-06T03:00:00.209Z"}
{"level":"info","message":"[Analyzer] Processing 8/100: 0x90ae62d601b8ba4099df960dcfd000252e785258","timestamp":"2026-08-06T03:00:00.211Z"}
{"level":"info","message":"[Analyzer] Processing 9/100: 0xf0b3e5a5084e6a8dd615f8d9384f1ddb4152f46c","timestamp":"2026-08-06T03:00:00.213Z"}
{"level":"info","message":"[Analyzer] Processing 10/100: 0xc2e4db214e9d394559379ee4a43d28fe2a11c7c4","timestamp":"2026-08-06T03:00:00.215Z"}
{"level":"info","message":"[Analyzer] Processing 11/100: 0x5f651898685935329d298ff40aab6d40047269e1","timestamp":"2026-08-06T03:00:00.216Z"}
{"level":"info","message":"[Analyzer] Processing 12/100: 0x39aa606d1c25268f9f2af2b895ffa9c6dbce80eb","timestamp":"2026-08-06T03:00:00.218Z"}
{"level":"info","message":"[Analyzer] Processing 13/100: 0xdce2b356815713b98b2a75fa9b5b1fa5e2206af3","timestamp":"2026-08-06T03:00:00.219Z"}
{"level":"info","message":"[Analyzer] Processing 14/100: 0x470047fc767568e87200bfad8ddbf9f5b5fb849a","timestamp":"2026-08-06T03:00:00.220Z"}
{"level":"info","message":"[Analyzer] Processing 15/100: 0xdfff57acb244f23a4237cc7dc08fc3d1f4747b0d","timestamp":"2026-08-06T03:00:00.221Z"}
{"level":"info","message":"[Analyzer] Processing 16/100: 0x73b3d064fe1f71ed986abe0ff0f1a5505325fcf2","timestamp":"2026-08-06T03:00:00.222Z"}
{"level":"info","message":"[Analyzer] Processing 17/100: 0x15954bd96f84c0ca4ff91ab073acc7dee0cb8afc","timestamp":"2026-08-06T03:00:00.223Z"}
{"level":"info","message":"[Analyzer] Processing 18/100: 0x6869b389f6dc2101592a5b584facf0a9e1cb09e8","timestamp":"2026-08-06T03:00:00.224Z"}
{"level":"info","message":"[Analyzer] Processing 19/100: 0x8fad32e109c42201166e6eb69a5b6a211accbefd","timestamp":"2026-08-06T03:00:00.225Z"}
{"level":"info","message":"[Analyzer] Processing 20/100: 0x17841a51c22fc9e885ee29fa99f5e9aed19f05f8","timestamp":"2026-08-06T03:00:00.226Z"}
{"level":"info","message":"[Analyzer] Processing 21/100: 0xdbeb3274a7adb071f969d9276855e800ea9d9b95","timestamp":"2026-08-06T03:00:00.227Z"}
{"level":"info","message":"[Analyzer] Processing 22/100: 0x8d7d05d200eb10442269fb05bd7b22d9466ea427","timestamp":"2026-08-06T03:00:00.228Z"}
{"level":"info","message":"[Analyzer] Processing 23/100: 0x89e0d17780e19ed9103d80a75cf37e78688b406e","timestamp":"2026-08-06T03:00:00.229Z"}
{"level":"info","message":"[Analyzer] Processing 24/100: 0x8335504c04eb7f84cd2708d9faa6b7066ab29ff9","timestamp":"2026-08-06T03:00:00.229Z"}
{"level":"info","message":"[Analyzer] Processing 25/100: 0x89f6b4e2e09e45ed0ff0e5c7b687e7aa4d3b4ae3","timestamp":"2026-08-06T03:00:00.230Z"}
{"level":"info","message":"[Analyzer] Processing 26/100: 0xb857f7829ba64df3844bbcbe0ee9c671188f5332","timestamp":"2026-08-06T03:00:00.230Z"}
{"level":"info","message":"[Analyzer] Processing 27/100: 0xb0ccc310ccd87dc2dd0cbf7712f2a726a20ca65e","timestamp":"2026-08-06T03:00:00.237Z"}
{"level":"info","message":"[Analyzer] Processing 28/100: 0x3ee2f266d0e73527a66eb018296e4f12f4e51c85","timestamp":"2026-08-06T03:00:00.248Z"}
{"level":"info","message":"[Analyzer] Processing 29/100: 0x89a7f48b79516125c5521d5922a6dc0a085b3b95","timestamp":"2026-08-06T03:00:00.249Z"}
{"level":"info","message":"[Analyzer] Processing 30/100: 0x8718827e7c976afe6f3a8e0ca38a0a56a48366f0","timestamp":"2026-08-06T03:00:00.250Z"}
{"level":"info","message":"[Analyzer] Processing 31/100: 0x223e9a9b15529650907ae4cb1f8e16e837a0455e","timestamp":"2026-08-06T03:00:00.250Z"}
{"level":"info","message":"[Analyzer] Processing 32/100: 0x5ff195cbab2b2d4258122c5ea4e9348e128e0d09","timestamp":"2026-08-06T03:00:00.251Z"}
{"level":"info","message":"[Analyzer] Processing 33/100: 0xf249b22a43e8673db418fa22ca63326d36517ae8","timestamp":"2026-08-06T03:00:00.251Z"}
{"level":"info","message":"[Analyzer] Processing 34/100: 0x6ad8778e541c6f913284474a7fa099495f3463e7","timestamp":"2026-08-06T03:00:00.252Z"}
{"level":"info","message":"[Analyzer] Processing 35/100: 0x54939f8a92361d0a346ad5e934c51c30dff6fc0a","timestamp":"2026-08-06T03:00:00.252Z"}
{"level":"info","message":"[Analyzer] Processing 36/100: 0x921d31f1211cae329250b74d423145a2ae9bbf8a","timestamp":"2026-08-06T03:00:00.252Z"}
{"level":"info","message":"[Analyzer] Processing 37/100: 0xb1615a8c0283c8f284a23b2a3607dd6ab1f5d050","timestamp":"2026-08-06T03:00:00.254Z"}
{"level":"info","message":"[Analyzer] Processing 38/100: 0x219f26d8b0221977fa01e229644cc1a4aa31ab33","timestamp":"2026-08-06T03:00:00.254Z"}
{"level":"info","message":"[Analyzer] Processing 39/100: 0x1a4990ba2a28cca46324709f9cd315d1edac1e45","timestamp":"2026-08-06T03:00:00.255Z"}
{"level":"info","message":"[Analyzer] Processing 40/100: 0xffcc4117f76f48d3848c031b2536e824d1f5b5e2","timestamp":"2026-08-06T03:00:00.257Z"}
{"level":"info","message":"[Analyzer] Processing 41/100: 0x9eb8d439f2ecdfc29928bebb14a269b06c288b7f","timestamp":"2026-08-06T03:00:00.258Z"}
{"level":"info","message":"[Analyzer] Processing 42/100: 0x3fc518deb2a8f1bd8a08a299f04efcec8e9e4ab4","timestamp":"2026-08-06T03:00:00.258Z"}
{"level":"info","message":"[Analyzer] Processing 43/100: 0x22f1310e14fa68d46bcff9525c0210a46bd01527","timestamp":"2026-08-06T03:00:00.258Z"}
{"level":"info","message":"[Analyzer] Processing 44/100: 0xef8c58f7cf5db03ba30bc5bf2c54eaa37de46b87","timestamp":"2026-08-06T03:00:00.259Z"}
{"level":"info","message":"[Analyzer] Processing 45/100: 0x5acc0793fb602ab1460099ce1d5ac1e26bc25a9b","timestamp":"2026-08-06T03:00:00.260Z"}
{"level":"info","message":"[Analyzer] Processing 46/100: 0x59feffc2d8f4ba46d07237e4ada830474f808ff3","timestamp":"2026-08-06T03:00:00.261Z"}
{"level":"info","message":"[Analyzer] Processing 47/100: 0x9f17cb6b978a2c89e34c7e1edf090fde4f22700e","timestamp":"2026-08-06T03:00:00.262Z"}
{"level":"info","message":"[Analyzer] Processing 48/100: 0x55331c34d996c5fb645be5f443ca69d4681ce1a5","timestamp":"2026-08-06T03:00:00.263Z"}
{"level":"info","message":"[Analyzer] Processing 49/100: 0x0647fafdd3795829abc386e0a31370bbcd68419a","timestamp":"2026-08-06T03:00:00.263Z"}
{"level":"info","message":"[Analyzer] Processing 50/100: 0xa06d995e529aa7e129bd5a0d9a9591504b6f4217","timestamp":"2026-08-06T03:00:00.264Z"}
{"level":"info","message":"[Analyzer] Processing 51/100: 0x82ef59ba57009a05915cebb8dd6e942b42c6dd5a","timestamp":"2026-08-06T03:00:00.265Z"}
{"level":"info","message":"[Analyzer] Processing 52/100: 0x0affd3ce474bbc44e889e817ee6756166a55cb69","timestamp":"2026-08-06T03:00:00.266Z"}
{"level":"info","message":"[Analyzer] Processing 53/100: 0x66b78abbc2af21ed71efc5c415aafcfecce64572","timestamp":"2026-08-06T03:00:00.267Z"}
{"level":"info","message":"[Analyzer] Processing 54/100: 0xf3fd7d65671f4aad9317236d6c93c5145f9f789d","timestamp":"2026-08-06T03:00:00.267Z"}
{"level":"info","message":"[Analyzer] Processing 55/100: 0x4b69d6081ff943afd0c6561c3da5ac563ce4cdfb","timestamp":"2026-08-06T03:00:00.267Z"}
{"level":"info","message":"[Analyzer] Processing 56/100: 0x1f14ac3e965d925d30a718676192a6c3aa8663fb","timestamp":"2026-08-06T03:00:00.269Z"}
{"level":"info","message":"[Analyzer] Processing 57/100: 0x6cc701ce965f434483631ff64382b449e60644e1","timestamp":"2026-08-06T03:00:00.270Z"}
{"level":"info","message":"[Analyzer] Processing 58/100: 0x407844740768db0f209a6d1b6b2941da75c204c6","timestamp":"2026-08-06T03:00:00.270Z"}
{"level":"info","message":"[Analyzer] Processing 59/100: 0x85349eba86cc486401d8a63fba165e14f585f6a0","timestamp":"2026-08-06T03:00:00.270Z"}
{"level":"info","message":"[Analyzer] Processing 60/100: 0xc5eb312dec9464718d8475cf51adc7483bc8e7d1","timestamp":"2026-08-06T03:00:00.271Z"}
{"level":"info","message":"[Analyzer] Processing 61/100: 0xad8ae4e49e764e95c786d4f9cb0110c2a15126f0","timestamp":"2026-08-06T03:00:00.273Z"}
{"level":"info","message":"[Analyzer] Processing 62/100: 0xf7300d1cb2fe7ab70423e4ab5a8a1c3183514ae8","timestamp":"2026-08-06T03:00:00.273Z"}
{"level":"info","message":"[Analyzer] Processing 63/100: 0x26c373a3186c8b0e6cc3816ac1ac0c424294d085","timestamp":"2026-08-06T03:00:00.274Z"}
{"level":"info","message":"[Analyzer] Processing 64/100: 0xe3014a6f00520ce9e4840d5da42de8cd85be488e","timestamp":"2026-08-06T03:00:00.274Z"}
{"level":"info","message":"[Analyzer] Processing 65/100: 0x164b66abb37b84fcc2a96dff3f800866b4f963af","timestamp":"2026-08-06T03:00:00.275Z"}
{"level":"info","message":"[Analyzer] Processing 66/100: 0x78dfbf57cd889b5a38ea864a5f9c8bf507f3762b","timestamp":"2026-08-06T03:00:00.275Z"}
{"level":"info","message":"[Analyzer] Processing 67/100: 0x73c72de446d4d19c1b4bdbfe5fece35c201825d1","timestamp":"2026-08-06T03:00:00.276Z"}
{"level":"info","message":"[Analyzer] Processing 68/100: 0x6c184bbe5f4aa51a1c4111d660b34713365c9ea2","timestamp":"2026-08-06T03:00:00.276Z"}
{"level":"info","message":"[Analyzer] Processing 69/100: 0x1d6d33268f9dae5d09c99620371ed27ba1890ddb","timestamp":"2026-08-06T03:00:00.276Z"}
{"level":"info","message":"[Analyzer] Processing 70/100: 0x851435fc6e06b9006f011ef82abc5fe703dc0cc6","timestamp":"2026-08-06T03:00:00.277Z"}
{"level":"info","message":"[Analyzer] Processing 71/100: 0x789ef22bb2c72e899d95ce52c080f92fca2000a7","timestamp":"2026-08-06T03:00:00.278Z"}
{"level":"info","message":"[Analyzer] Processing 72/100: 0x9f5868bf5ebaa057db5385ce460bba0f0ea70bcd","timestamp":"2026-08-06T03:00:00.279Z"}
{"level":"info","message":"[Analyzer] Processing 73/100: 0x6a3bcb82ce0a6156b2844565907da9f23152eff9","timestamp":"2026-08-06T03:00:00.279Z"}
{"level":"info","message":"[Analyzer] Processing 74/100: 0x31b94787e43298e8a7596cd49cf5ee0582306bee","timestamp":"2026-08-06T03:00:00.280Z"}
{"level":"info","message":"[Analyzer] Processing 75/100: 0x13c1b81902183dff41cc01c22436377bed69678c","timestamp":"2026-08-06T03:00:00.281Z"}
{"level":"info","message":"[Analyzer] Processing 76/100: 0x2d15ae9db981ce5bf966714b2874d4e1d2189b0c","timestamp":"2026-08-06T03:00:00.281Z"}
{"level":"info","message":"[Analyzer] Processing 77/100: 0x3df55b5ae9cc03255fb27b7be684639a56d75a92","timestamp":"2026-08-06T03:00:00.282Z"}
{"level":"info","message":"[Analyzer] Processing 78/100: 0x5c7b11aa109cb3ef1fb70ff80f187379a543c04d","timestamp":"2026-08-06T03:00:00.282Z"}
{"level":"info","message":"[Analyzer] Processing 79/100: 0x2b78035514401ed1592eb691b8673a93edf97470","timestamp":"2026-08-06T03:00:00.282Z"}
{"level":"info","message":"[Analyzer] Processing 80/100: 0x444419d805adb0507123d35a7b61d01d8233efd2","timestamp":"2026-08-06T03:00:00.283Z"}
{"level":"info","message":"[Analyzer] Processing 81/100: 0x5f3d5682f80a8adfaead218f5d3599a7e758a86e","timestamp":"2026-08-06T03:00:00.283Z"}
{"level":"info","message":"[Analyzer] Processing 82/100: 0x50d1de51b3aae6d5b4ca88b5ec1f09f57107595c","timestamp":"2026-08-06T03:00:00.284Z"}
{"level":"info","message":"[Analyzer] Processing 83/100: 0xe217a722d15cffe975cf2f543e7be08660d77573","timestamp":"2026-08-06T03:00:00.285Z"}
{"level":"info","message":"[Analyzer] Processing 84/100: 0x1d1ed7e09c59d693d18d4753dbeacb7ac9ed1959","timestamp":"2026-08-06T03:00:00.285Z"}
{"level":"info","message":"[Analyzer] Processing 85/100: 0xed56065f5126a44f721bec49c6639e20a46e7654","timestamp":"2026-08-06T03:00:00.286Z"}
{"level":"info","message":"[Analyzer] Processing 86/100: 0x1706747520562b602a5e99b31ca8e7a8fd707c29","timestamp":"2026-08-06T03:00:00.287Z"}
{"level":"info","message":"[Analyzer] Processing 87/100: 0x25b73ac73f1976f161e0d5477c5ea6bd072025fd","timestamp":"2026-08-06T03:00:00.287Z"}
{"level":"info","message":"[Analyzer] Processing 88/100: 0x243d35150ab76af2057a518b8dc751f395b808d4","timestamp":"2026-08-06T03:00:00.288Z"}
{"level":"info","message":"[Analyzer] Processing 89/100: 0x8bfb44551166989327ef111fa7fcc61bf6ab78f1","timestamp":"2026-08-06T03:00:00.288Z"}
{"level":"info","message":"[Analyzer] Processing 90/100: 0xbbf6a44cbd4e01b7e62450d3fe8ee53d657e533e","timestamp":"2026-08-06T03:00:00.289Z"}
{"level":"info","message":"[Analyzer] Processing 91/100: 0xb4120fb9775139f8bb12f2755126cfbd43d8ae6e","timestamp":"2026-08-06T03:00:00.290Z"}
{"level":"info","message":"[Analyzer] Processing 92/100: 0xe3ed77ed393e6b734a9b4d414051b2abd2b919d6","timestamp":"2026-08-06T03:00:00.293Z"}
{"level":"info","message":"[Analyzer] Processing 93/100: 0xd67f24623d4511b6373b55cf63f00531e97c15bc","timestamp":"2026-08-06T03:00:00.293Z"}
{"level":"info","message":"[Analyzer] Processing 94/100: 0x1666ea5f72f4ac9e27e40fc3b785b3010a8b9d09","timestamp":"2026-08-06T03:00:00.293Z"}
{"level":"info","message":"[Analyzer] Processing 95/100: 0x4a5db49b3c0102a5f8d455056bd592ee6ff541d7","timestamp":"2026-08-06T03:00:00.294Z"}
{"level":"info","message":"[Analyzer] Processing 96/100: 0x0a92025acad5c90358213a651d2b7f5f7fb7b32f","timestamp":"2026-08-06T03:00:00.294Z"}
{"level":"info","message":"[Analyzer] Processing 97/100: 0xa2e8a39c7987eed8d7bba1938b352a007ad9f4c8","timestamp":"2026-08-06T03:00:00.295Z"}
{"level":"info","message":"[Analyzer] Processing 98/100: 0x4a95e4614df9686946985d5df790ab8f5fcbeae2","timestamp":"2026-08-06T03:00:00.297Z"}
{"level":"info","message":"[Analyzer] Processing 99/100: 0x06a612d453e0c3d87a3ae58c67ff61a23329a249","timestamp":"2026-08-06T03:00:00.298Z"}
{"level":"info","message":"[Analyzer] Processing 100/100: 0x7e29c3d40e5bb5d0c44c84e27c9fe8d2bbd62549","timestamp":"2026-08-06T03:00:00.298Z"}
{"level":"info","message":"Page 13: +89 human targets | 11 bots filtered","timestamp":"2026-08-06T03:00:15.346Z"}
{"level":"info","message":"Page 13: Deleted 942 transfer records for 100 evaluated senders","timestamp":"2026-08-06T03:00:16.251Z"}
{"level":"info","message":"Fetched 100 raw pairs (page 14). Running Stage 1 + Stage 2 checks...","timestamp":"2026-08-06T03:00:17.079Z"}
{"level":"info","message":"[Analyzer] Processing 1/100: 0x72320a85970dd36fb8c1834410d5f673a4b9d293","timestamp":"2026-08-06T03:00:17.080Z"}
{"level":"info","message":"[Analyzer] Processing 2/100: 0x4a9b7a48e422b7dcdbbeb1409c8e516c51fd97c5","timestamp":"2026-08-06T03:00:17.081Z"}
{"level":"info","message":"[Analyzer] Processing 3/100: 0xb2933f7ff5896f9be4774cffb22b31955ba285fe","timestamp":"2026-08-06T03:00:17.081Z"}
{"level":"info","message":"[Analyzer] Processing 4/100: 0xe08ce9134230755dbd1e3d2c26679cba6034d9e1","timestamp":"2026-08-06T03:00:17.082Z"}
{"level":"info","message":"[Analyzer] Processing 5/100: 0xb4c10deb192b36374343af0cead0ff2a3b65cfb5","timestamp":"2026-08-06T03:00:17.082Z"}
{"level":"info","message":"[Analyzer] Processing 6/100: 0xf695ed18ab6dcd088ef3118facde6ea1ff7d42a9","timestamp":"2026-08-06T03:00:17.083Z"}
{"level":"info","message":"[Analyzer] Processing 7/100: 0x7902bc5b6626d1ded964f40b4529d0ceefba7f98","timestamp":"2026-08-06T03:00:17.084Z"}
{"level":"info","message":"[Analyzer] Processing 8/100: 0x019dcc093a47fb23ab7224d9b4fdbe1944d012c0","timestamp":"2026-08-06T03:00:17.084Z"}
{"level":"info","message":"[Analyzer] Processing 9/100: 0x353c71f704a93492523079b7c18176b37144962d","timestamp":"2026-08-06T03:00:17.084Z"}
{"level":"info","message":"[Analyzer] Processing 10/100: 0xa8c9b136de0adf42f184b32969a89dc0a50c5908","timestamp":"2026-08-06T03:00:17.085Z"}
{"level":"info","message":"[Analyzer] Processing 11/100: 0x24e8b6f354d9ea7bcf9c91f46577296393b2b65f","timestamp":"2026-08-06T03:00:17.085Z"}
{"level":"info","message":"[Analyzer] Processing 12/100: 0x71dd9849313d164bfb7d4cc2cd2406450d66f4b3","timestamp":"2026-08-06T03:00:17.085Z"}
{"level":"info","message":"[Analyzer] Processing 13/100: 0x21653c3b580a7e96d5ac210b594de77cada49ad3","timestamp":"2026-08-06T03:00:17.086Z"}
{"level":"info","message":"[Analyzer] Processing 14/100: 0x700d0a0d78ec99d20b095b93e17da51c4ce94607","timestamp":"2026-08-06T03:00:17.088Z"}
{"level":"info","message":"[Analyzer] Processing 15/100: 0x40ff8a7a2d6525e3b692ea59fdf65275c35beb8d","timestamp":"2026-08-06T03:00:17.088Z"}
{"level":"info","message":"[Analyzer] Processing 16/100: 0xb9375cc363009dabf5f7853225dd23e3b3f62c5a","timestamp":"2026-08-06T03:00:17.089Z"}
{"level":"info","message":"[Analyzer] Processing 17/100: 0x44b40064081d46767953356461d7ad6fba4284d8","timestamp":"2026-08-06T03:00:17.089Z"}
{"level":"info","message":"[Analyzer] Processing 18/100: 0xc9c359012970663ca162495bcffbef6a54a4e83b","timestamp":"2026-08-06T03:00:17.089Z"}
{"level":"info","message":"[Analyzer] Processing 19/100: 0xc0bbdbaa08c4ad7a5e5da4417bcae0b9066efa65","timestamp":"2026-08-06T03:00:17.089Z"}
{"level":"info","message":"[Analyzer] Processing 20/100: 0x720ebd330029447ee2945453f86d94d87877ab6f","timestamp":"2026-08-06T03:00:17.090Z"}
{"level":"info","message":"[Analyzer] Processing 21/100: 0x497da88a319f107f2f78fe66ddb1bfc9cc916e51","timestamp":"2026-08-06T03:00:17.090Z"}
{"level":"info","message":"[Analyzer] Processing 22/100: 0x25b752ad1b69ac75d99baffaf9f8d9adbb158d2b","timestamp":"2026-08-06T03:00:17.091Z"}
{"level":"info","message":"[Analyzer] Processing 23/100: 0x5a0b47771c22b0bd96f5b0a541dfafedc7dc9f93","timestamp":"2026-08-06T03:00:17.091Z"}
{"level":"info","message":"[Analyzer] Processing 24/100: 0x497da88a319f107f2f78fe66ddb1bfc9cc916e51","timestamp":"2026-08-06T03:00:17.092Z"}
{"level":"info","message":"[Analyzer] Processing 25/100: 0xc8dbae2affd1b85f6099b3ca3ae19e8d2255b955","timestamp":"2026-08-06T03:00:17.092Z"}
{"level":"info","message":"[Analyzer] Processing 26/100: 0x0a6b8c601c200af6bba89dc45091fc1576440b7e","timestamp":"2026-08-06T03:00:17.093Z"}
{"level":"info","message":"[Analyzer] Processing 27/100: 0xedec5c6e8fc98f7681dc5c37f348093b84d6a2f3","timestamp":"2026-08-06T03:00:17.094Z"}
{"level":"info","message":"[Analyzer] Processing 28/100: 0x1ac0cda647dab0cbad29a4a9f846673023203b37","timestamp":"2026-08-06T03:00:17.094Z"}
{"level":"info","message":"[Analyzer] Processing 29/100: 0x9cec3d8a8cba03272b30f3fb09ccc4fc35509c6a","timestamp":"2026-08-06T03:00:17.094Z"}
{"level":"info","message":"[Analyzer] Processing 30/100: 0x50d6692d9aeeb9484c6a7fb7258d59433d8a63ba","timestamp":"2026-08-06T03:00:17.095Z"}
{"level":"info","message":"[Analyzer] Processing 31/100: 0x961ab5d10a28ee651aeeb773508857879e2cde45","timestamp":"2026-08-06T03:00:17.095Z"}
{"level":"info","message":"[Analyzer] Processing 32/100: 0xf2fbc44d36da8207c386163b1d70e9b6e9b7ced9","timestamp":"2026-08-06T03:00:17.095Z"}
{"level":"info","message":"[Analyzer] Processing 33/100: 0x1d3174ca664a78042c1e8ebced909f6ffe087018","timestamp":"2026-08-06T03:00:17.096Z"}
{"level":"info","message":"[Analyzer] Processing 34/100: 0xaa6dc38745426830eb7a189c9a630b2841e5bc6e","timestamp":"2026-08-06T03:00:17.096Z"}
{"level":"info","message":"[Analyzer] Processing 35/100: 0x9b26071eb9967c386b9d93178de366d4e549803a","timestamp":"2026-08-06T03:00:17.096Z"}
{"level":"info","message":"[Analyzer] Processing 36/100: 0x098afbd16551130ceebbac9f79f221047ecf872d","timestamp":"2026-08-06T03:00:17.097Z"}
{"level":"info","message":"[Analyzer] Processing 37/100: 0x98b8d2ebdd143d2d71d5aa26a4cc87983fd10df2","timestamp":"2026-08-06T03:00:17.097Z"}
{"level":"info","message":"[Analyzer] Processing 38/100: 0xe91ce513783e21f04f870ce2e9325b1b07b456b8","timestamp":"2026-08-06T03:00:17.098Z"}
{"level":"info","message":"[Analyzer] Processing 39/100: 0xbdc6550d8c57acdb2c223603b38a6d4703d0926d","timestamp":"2026-08-06T03:00:17.098Z"}
{"level":"info","message":"[Analyzer] Processing 40/100: 0xb83a1c772aaad338232dda2be1c460905fce0de3","timestamp":"2026-08-06T03:00:17.101Z"}
{"level":"info","message":"[Analyzer] Processing 41/100: 0x3f6da9a271d6217e500a0e9325111d340c88536a","timestamp":"2026-08-06T03:00:17.101Z"}
{"level":"info","message":"[Analyzer] Processing 42/100: 0x7388d29e9b2ac31f1811c54456465c024c6b38cf","timestamp":"2026-08-06T03:00:17.102Z"}
{"level":"info","message":"[Analyzer] Processing 43/100: 0xf78cf4d2063c2c6d0f888813e33df3873bb27c88","timestamp":"2026-08-06T03:00:17.102Z"}
{"level":"info","message":"[Analyzer] Processing 44/100: 0xfd677ffd68943c22ffa39aff02185f942731ba66","timestamp":"2026-08-06T03:00:17.102Z"}
{"level":"info","message":"[Analyzer] Processing 45/100: 0xbc22f98ca22cdd2b5eda763954908a22b21a40ac","timestamp":"2026-08-06T03:00:17.102Z"}
{"level":"info","message":"[Analyzer] Processing 46/100: 0xf42ff1f413d891e64f8a854643938617706b523d","timestamp":"2026-08-06T03:00:17.103Z"}
{"level":"info","message":"[Analyzer] Processing 47/100: 0x80925c10cd2971d9702de2d9ef6572d54f00749b","timestamp":"2026-08-06T03:00:17.103Z"}
{"level":"info","message":"[Analyzer] Processing 48/100: 0x19c53f5abc8fb33932d6278550a215ec42a8900f","timestamp":"2026-08-06T03:00:17.103Z"}
{"level":"info","message":"[Analyzer] Processing 49/100: 0xefde80ca519921129401ac88ba2e4f7b2ca0dd27","timestamp":"2026-08-06T03:00:17.103Z"}
{"level":"info","message":"[Analyzer] Processing 50/100: 0x65d2f612eb6bb282c7119348e56c217cac02b2d1","timestamp":"2026-08-06T03:00:17.106Z"}
{"level":"info","message":"[Analyzer] Processing 51/100: 0xc837ee9f12f855792333d939a04d2bdc58619743","timestamp":"2026-08-06T03:00:17.108Z"}
{"level":"info","message":"[Analyzer] Processing 52/100: 0xcd3f49fdaf7b5bc3e5f874c9b25a02a3e89365ee","timestamp":"2026-08-06T03:00:17.109Z"}
{"level":"info","message":"[Analyzer] Processing 53/100: 0x3b70393f97e4f60fe8215ee1753afaf586b91221","timestamp":"2026-08-06T03:00:17.109Z"}
{"level":"info","message":"[Analyzer] Processing 54/100: 0xfc03e0d1ec794be13c6e373132d5f9827d082e74","timestamp":"2026-08-06T03:00:17.109Z"}
{"level":"info","message":"[Analyzer] Processing 55/100: 0xe06bc5ab00d1726dd73b707477b3f3552d896a96","timestamp":"2026-08-06T03:00:17.110Z"}
{"level":"info","message":"[Analyzer] Processing 56/100: 0x99666d41146e718164e7c830000604ce8fe3f2e9","timestamp":"2026-08-06T03:00:17.110Z"}
{"level":"info","message":"[Analyzer] Processing 57/100: 0x769073e59ec4c1d60c6c52d728a5ee173ee9dca3","timestamp":"2026-08-06T03:00:17.110Z"}
{"level":"info","message":"[Analyzer] Processing 58/100: 0x28802f10a22a227ff4635f4a5657aa9b65d0c80c","timestamp":"2026-08-06T03:00:17.111Z"}
{"level":"info","message":"[Analyzer] Processing 59/100: 0x505dd9976953dcf2a096f66e0424cc3e0ef2bb84","timestamp":"2026-08-06T03:00:17.111Z"}
{"level":"info","message":"[Analyzer] Processing 60/100: 0xa6ad59cd5754b6fd66191845f6a33989aaef5dc4","timestamp":"2026-08-06T03:00:17.111Z"}
{"level":"info","message":"[Analyzer] Processing 61/100: 0x150eb0a3d8b24bb920c20cee94459f4b1d78f2b0","timestamp":"2026-08-06T03:00:17.111Z"}
{"level":"info","message":"[Analyzer] Processing 62/100: 0x0addb283aa64e9f2bf4e658afdf42ea0d63e083c","timestamp":"2026-08-06T03:00:17.112Z"}
{"level":"info","message":"[Analyzer] Processing 63/100: 0x4fa32d6a67c2cceb842e4279eee056e74e980028","timestamp":"2026-08-06T03:00:17.113Z"}
{"level":"info","message":"[Analyzer] Processing 64/100: 0x9a471fee065b0a1adc6d8f49e5583a6fc803d42f","timestamp":"2026-08-06T03:00:17.115Z"}
{"level":"info","message":"[Analyzer] Processing 65/100: 0x1aa74dfb9c8c313dd086b6210e76b6e9aacd9749","timestamp":"2026-08-06T03:00:17.116Z"}
{"level":"info","message":"[Analyzer] Processing 66/100: 0x0f381c1124e4b47d84c81d23b8aa9e52affa125a","timestamp":"2026-08-06T03:00:17.117Z"}
{"level":"info","message":"[Analyzer] Processing 67/100: 0xd7e488a55544ed57423d6efa4fc90cb63eff40c8","timestamp":"2026-08-06T03:00:17.118Z"}
{"level":"info","message":"[Analyzer] Processing 68/100: 0x02253b60e7d67768063dfce21112d12b3bd89e2b","timestamp":"2026-08-06T03:00:17.118Z"}
{"level":"info","message":"[Analyzer] Processing 69/100: 0xdce42998549c31118c05db5024b5346a9826bd77","timestamp":"2026-08-06T03:00:17.119Z"}
{"level":"info","message":"[Analyzer] Processing 70/100: 0x3f5df629f22ff9e72f88ca733ff3d40c6f32598c","timestamp":"2026-08-06T03:00:17.119Z"}
{"level":"info","message":"[Analyzer] Processing 71/100: 0x7e6374179b54707803e60e1b2afb4f8e94c2ac6b","timestamp":"2026-08-06T03:00:17.120Z"}
{"level":"info","message":"[Analyzer] Processing 72/100: 0x1030960bbfe0f6a16db0ba1fcb57607d4ca71a11","timestamp":"2026-08-06T03:00:17.121Z"}
{"level":"info","message":"[Analyzer] Processing 73/100: 0x478a813f36bdf3fed362f4428b26879703ced970","timestamp":"2026-08-06T03:00:17.121Z"}
{"level":"info","message":"[Analyzer] Processing 74/100: 0xe9c862f7111a86d83437ab04c3d230c05f1fc830","timestamp":"2026-08-06T03:00:17.122Z"}
{"level":"info","message":"[Analyzer] Processing 75/100: 0xe5ad0dbcff87a947500992dccea2540e5236c56c","timestamp":"2026-08-06T03:00:17.123Z"}
{"level":"info","message":"[Analyzer] Processing 76/100: 0x8b9193c0cadac1fc7213dd1fbc59515d12ec242d","timestamp":"2026-08-06T03:00:17.123Z"}
{"level":"info","message":"[Analyzer] Processing 77/100: 0x45577cc2a5c0a8dd7de5f43a218bf3706be59894","timestamp":"2026-08-06T03:00:17.124Z"}
{"level":"info","message":"[Analyzer] Processing 78/100: 0xbdc6550d8c57acdb2c223603b38a6d4703d0926d","timestamp":"2026-08-06T03:00:17.124Z"}
{"level":"info","message":"[Analyzer] Processing 79/100: 0x0f625e97d614c58ca2cad42487a1206e6256b403","timestamp":"2026-08-06T03:00:17.124Z"}
{"level":"info","message":"[Analyzer] Processing 80/100: 0x35f1dfefea6274c7bc89c09308b10bedc73af980","timestamp":"2026-08-06T03:00:17.124Z"}
{"level":"info","message":"[Analyzer] Processing 81/100: 0x96237cbbf83c712bb43711abe1d791b860c90a30","timestamp":"2026-08-06T03:00:17.125Z"}
{"level":"info","message":"[Analyzer] Processing 82/100: 0x7e8e51115f55aa479daa8f5999afc5226d106315","timestamp":"2026-08-06T03:00:17.125Z"}
{"level":"info","message":"[Analyzer] Processing 83/100: 0xa738258f3157a0f9ae4c31de21903071c69ee0e7","timestamp":"2026-08-06T03:00:17.126Z"}
{"level":"info","message":"[Analyzer] Processing 84/100: 0x8e91f5d0a3f9b448e90f2060d40e2d7083c271be","timestamp":"2026-08-06T03:00:17.126Z"}
{"level":"info","message":"[Analyzer] Processing 85/100: 0x506ef6068d221d505b77d15ac37b20b4d73fe1e9","timestamp":"2026-08-06T03:00:17.127Z"}
{"level":"info","message":"[Analyzer] Processing 86/100: 0x64050b14255b3fb478447b615a5e8911711fbc5d","timestamp":"2026-08-06T03:00:17.127Z"}
{"level":"info","message":"[Analyzer] Processing 87/100: 0xaefe6c5ec50baf357cfd034392f8a944620fd942","timestamp":"2026-08-06T03:00:17.127Z"}
{"level":"info","message":"[Analyzer] Processing 88/100: 0xc1593355b7202d84fd01f926892e81a9ea60ad0a","timestamp":"2026-08-06T03:00:17.127Z"}
{"level":"info","message":"[Analyzer] Processing 89/100: 0xf37ccdeab030a762ab2886ee14639621cf82b1b3","timestamp":"2026-08-06T03:00:17.128Z"}
{"level":"info","message":"[Analyzer] Processing 90/100: 0x8d206c897faf2e4a06299cdfe9b80281be4b5c36","timestamp":"2026-08-06T03:00:17.128Z"}
{"level":"info","message":"[Analyzer] Processing 91/100: 0xfd617c80d2c8d8d8639b11fb7c991ab02c20c592","timestamp":"2026-08-06T03:00:17.128Z"}
{"level":"info","message":"[Analyzer] Processing 92/100: 0xfdc7b7b041231fd859f36c814b59b0b96c292bda","timestamp":"2026-08-06T03:00:17.128Z"}
{"level":"info","message":"[Analyzer] Processing 93/100: 0x51313449e8f3c182a8f12ff8126a47f8c84a7d4e","timestamp":"2026-08-06T03:00:17.128Z"}
{"level":"info","message":"[Analyzer] Processing 94/100: 0xf4694710faed67d65fd1fd280cbb074cf4c48a5c","timestamp":"2026-08-06T03:00:17.129Z"}
{"level":"info","message":"[Analyzer] Processing 95/100: 0xfd86a3d42aceb3ec6f400484da89fba8ea1767db","timestamp":"2026-08-06T03:00:17.129Z"}
{"level":"info","message":"[Analyzer] Processing 96/100: 0xecf9a84e2c648e1ad4634a87cfe4e88f7d9c0116","timestamp":"2026-08-06T03:00:17.130Z"}
{"level":"info","message":"[Analyzer] Processing 97/100: 0xda09feb34e1defdc60871e325ee1aa0f0d885420","timestamp":"2026-08-06T03:00:17.130Z"}
{"level":"info","message":"[Analyzer] Processing 98/100: 0xd38b2434fa1446cbae907185e89ecbbb3d3b7dc4","timestamp":"2026-08-06T03:00:17.131Z"}
{"level":"info","message":"[Analyzer] Processing 99/100: 0xdca10317bdf499c852c9c20482cf4210f00cff6b","timestamp":"2026-08-06T03:00:17.131Z"}
{"level":"info","message":"[Analyzer] Processing 100/100: 0xf73a1a3ee76cd1bfc56a48b19994348ae6bfc450","timestamp":"2026-08-06T03:00:17.133Z"}
{"level":"info","message":"Page 14: +79 human targets | 21 bots filtered","timestamp":"2026-08-06T03:00:30.109Z"}
{"level":"info","message":"Page 14: Deleted 1044 transfer records for 98 evaluated senders","timestamp":"2026-08-06T03:00:30.627Z"}
{"level":"info","message":"Fetched 100 raw pairs (page 15). Running Stage 1 + Stage 2 checks...","timestamp":"2026-08-06T03:00:31.267Z"}
{"level":"info","message":"[Analyzer] Processing 1/100: 0x9fc1356028365fa4d5cf739a15a286596a36b368","timestamp":"2026-08-06T03:00:31.267Z"}
{"level":"info","message":"[Analyzer] Processing 2/100: 0x79bfdf9971c126bd43f68c7a321b67148f968566","timestamp":"2026-08-06T03:00:31.268Z"}
{"level":"info","message":"[Analyzer] Processing 3/100: 0xce06a52caa3e5359ca3da7dab533cd929dc2844f","timestamp":"2026-08-06T03:00:31.269Z"}
{"level":"info","message":"[Analyzer] Processing 4/100: 0xefe41c755f0af4891092d52967402e53411583a6","timestamp":"2026-08-06T03:00:31.269Z"}
{"level":"info","message":"[Analyzer] Processing 5/100: 0xc4ccedcb0569d620d5765ad935d6c3fab5d426e4","timestamp":"2026-08-06T03:00:31.270Z"}
{"level":"info","message":"[Analyzer] Processing 6/100: 0xe718b5bd524f9f09cb5b361f1619ee997835727d","timestamp":"2026-08-06T03:00:31.270Z"}
{"level":"info","message":"[Analyzer] Processing 7/100: 0x1f9eba7aa25413daeffe0fe3a8ae32acfae779f3","timestamp":"2026-08-06T03:00:31.271Z"}
{"level":"info","message":"[Analyzer] Processing 8/100: 0xce1df7d9c34f121b5bf1d1e033de14bde1d99e85","timestamp":"2026-08-06T03:00:31.271Z"}
{"level":"info","message":"[Analyzer] Processing 9/100: 0x7d4b802f4c5391be4ca5ba5eff1be1a9213ad100","timestamp":"2026-08-06T03:00:31.271Z"}
{"level":"info","message":"[Analyzer] Processing 10/100: 0xf06858300b8030c5da17aa70004b0f26b7125df6","timestamp":"2026-08-06T03:00:31.272Z"}
{"level":"info","message":"[Analyzer] Processing 11/100: 0x00234a30f4fb703c2271d8881eac5e4a42051ada","timestamp":"2026-08-06T03:00:31.272Z"}
{"level":"info","message":"[Analyzer] Processing 12/100: 0xfa8236589fac90130a5804370640053315cf254c","timestamp":"2026-08-06T03:00:31.272Z"}
{"level":"info","message":"[Analyzer] Processing 13/100: 0xca0a21eab9e3e1c2b6ae0e8853eaf8ecebc8c216","timestamp":"2026-08-06T03:00:31.273Z"}
{"level":"info","message":"[Analyzer] Processing 14/100: 0x10fa6e2920bdc243385fe4aae41eacfdcc9099d7","timestamp":"2026-08-06T03:00:31.274Z"}
{"level":"info","message":"[Analyzer] Processing 15/100: 0x341df8d345469613c68b081d2c12d526804b4f2c","timestamp":"2026-08-06T03:00:31.275Z"}
{"level":"info","message":"[Analyzer] Processing 16/100: 0x1e9cc346f9d79fc66b3dff50a477155f5a27afca","timestamp":"2026-08-06T03:00:31.275Z"}
{"level":"info","message":"[Analyzer] Processing 17/100: 0x8ddfd7aea20a720b1481c6b3379012736271d349","timestamp":"2026-08-06T03:00:31.276Z"}
{"level":"info","message":"[Analyzer] Processing 18/100: 0xb0222b3455274dbcb26650100aee06f700f9f996","timestamp":"2026-08-06T03:00:31.276Z"}
{"level":"info","message":"[Analyzer] Processing 19/100: 0xf989a66ef9e373ee9657ad6e3378f53924e5da0b","timestamp":"2026-08-06T03:00:31.277Z"}
{"level":"info","message":"[Analyzer] Processing 20/100: 0xc3214bb387218feebf7c1ee3b5c15b00ac52df2d","timestamp":"2026-08-06T03:00:31.277Z"}
{"level":"info","message":"[Analyzer] Processing 21/100: 0xba77bf1b6dab0de38e667e66d9e85fa50ed3cb2f","timestamp":"2026-08-06T03:00:31.277Z"}
{"level":"info","message":"[Analyzer] Processing 22/100: 0x0f5932e84c576c7b7961cb824da264e08fdf5412","timestamp":"2026-08-06T03:00:31.277Z"}
{"level":"info","message":"[Analyzer] Processing 23/100: 0x5fdca0000b81b5e74477a9873d6881ff956ab9d6","timestamp":"2026-08-06T03:00:31.278Z"}
{"level":"info","message":"[Analyzer] Processing 24/100: 0xe6c8ce7222636b524e9d82d1323bb4e240992429","timestamp":"2026-08-06T03:00:31.278Z"}
{"level":"info","message":"[Analyzer] Processing 25/100: 0xab3bb199adc5b0e157ab363465d1ccd39944efda","timestamp":"2026-08-06T03:00:31.278Z"}
{"level":"info","message":"[Analyzer] Processing 26/100: 0x143ebb6e671b624486a95660e02e58b31afe8e39","timestamp":"2026-08-06T03:00:31.278Z"}
{"level":"info","message":"[Analyzer] Processing 27/100: 0x2683457735ab220086d1ef9f13ed6b5626687cfb","timestamp":"2026-08-06T03:00:31.279Z"}
{"level":"info","message":"[Analyzer] Processing 28/100: 0xacbdec71ef84ca8c711b5a8908e597bf6467f4c0","timestamp":"2026-08-06T03:00:31.280Z"}
{"level":"info","message":"[Analyzer] Processing 29/100: 0x44565d299d53244fc0ffb59863bf777b9a52be30","timestamp":"2026-08-06T03:00:31.281Z"}
{"level":"info","message":"[Analyzer] Processing 30/100: 0x30fc560a1d24b7d2fc530a73013c0bcd546fc7fb","timestamp":"2026-08-06T03:00:31.281Z"}
{"level":"info","message":"[Analyzer] Processing 31/100: 0x6a81c596e27d62a7ce6b9b991bb29afa178628b8","timestamp":"2026-08-06T03:00:31.281Z"}
{"level":"info","message":"[Analyzer] Processing 32/100: 0x1034c4085f0c62edfde07aeada98173400476872","timestamp":"2026-08-06T03:00:31.281Z"}
{"level":"info","message":"[Analyzer] Processing 33/100: 0x35fbda1d76dcffb2c4a01b8c032556bee05e0958","timestamp":"2026-08-06T03:00:31.282Z"}
{"level":"info","message":"[Analyzer] Processing 34/100: 0x49c1c0f7da3763ea3ec89fb4341375ca611bfc73","timestamp":"2026-08-06T03:00:31.282Z"}
{"level":"info","message":"[Analyzer] Processing 35/100: 0xdbd33a3ace65ba1fa34e4e3640465d7369728c62","timestamp":"2026-08-06T03:00:31.282Z"}
{"level":"info","message":"[Analyzer] Processing 36/100: 0xbcffef48f177d23ff1daf60e74e71f52bd88e387","timestamp":"2026-08-06T03:00:31.283Z"}
{"level":"info","message":"[Analyzer] Processing 37/100: 0x10e8d63bf4664a859d2a3a1758a2a170937f3d6d","timestamp":"2026-08-06T03:00:31.283Z"}
{"level":"info","message":"[Analyzer] Processing 38/100: 0x68f19495f75a1f4f29066d8112d30ee8b0ca3342","timestamp":"2026-08-06T03:00:31.283Z"}
{"level":"info","message":"[Analyzer] Processing 39/100: 0xc1cb3875456b8b74e6f74c2fc1fa13888680d40a","timestamp":"2026-08-06T03:00:31.283Z"}
{"level":"info","message":"[Analyzer] Processing 40/100: 0x5ad696000e0a85f65a5ab530c5975838aac16d25","timestamp":"2026-08-06T03:00:31.283Z"}
{"level":"info","message":"[Analyzer] Processing 41/100: 0xdb15247409d834aaa02ebd2aa770e8fd8cc72cd0","timestamp":"2026-08-06T03:00:31.284Z"}
{"level":"info","message":"[Analyzer] Processing 42/100: 0x907eb1f7d7b8891ba6f588a2390aaa2b79ea1777","timestamp":"2026-08-06T03:00:31.284Z"}
{"level":"info","message":"[Analyzer] Processing 43/100: 0xa98d5568685c127bc24bc62a31279a2f183f7d7a","timestamp":"2026-08-06T03:00:31.284Z"}
{"level":"info","message":"[Analyzer] Processing 44/100: 0xa5336a9158d191c88221ac73f442b160b5b71df0","timestamp":"2026-08-06T03:00:31.285Z"}
{"level":"info","message":"[Analyzer] Processing 45/100: 0xc994e9cec4d8809fc8d99c5ee620d4b3efa2729f","timestamp":"2026-08-06T03:00:31.287Z"}
{"level":"info","message":"[Analyzer] Processing 46/100: 0x8f81a7b7535a159bc2a9e82550533c0b16e16aef","timestamp":"2026-08-06T03:00:31.287Z"}
{"level":"info","message":"[Analyzer] Processing 47/100: 0x38dd66f161df1881e9a18d3b15baa5ece03a979a","timestamp":"2026-08-06T03:00:31.287Z"}
{"level":"info","message":"[Analyzer] Processing 48/100: 0xa6cecd0e90510b4ac5fa983f5b306a937d355c50","timestamp":"2026-08-06T03:00:31.288Z"}
{"level":"info","message":"[Analyzer] Processing 49/100: 0xd7f4a5613b38cb8c09229b7aed99803242fdf0a0","timestamp":"2026-08-06T03:00:31.288Z"}
{"level":"info","message":"[Analyzer] Processing 50/100: 0x5cc404055a6958d1fee9cf7514560438ac2a785f","timestamp":"2026-08-06T03:00:31.288Z"}
{"level":"info","message":"[Analyzer] Processing 51/100: 0xa25b313a928499d54722c636b064a9f230270c1a","timestamp":"2026-08-06T03:00:31.288Z"}
{"level":"info","message":"[Analyzer] Processing 52/100: 0x1d53e6b2f6ba9592ede0282779e139a10f9034ec","timestamp":"2026-08-06T03:00:31.289Z"}
{"level":"info","message":"[Analyzer] Processing 53/100: 0x9b1645698a3362a3d3e4cbda5596551e7c769433","timestamp":"2026-08-06T03:00:31.289Z"}
{"level":"info","message":"[Analyzer] Processing 54/100: 0x0a7bf34dec67cf73f0e4ba5ec2b252dfa431d673","timestamp":"2026-08-06T03:00:31.289Z"}
{"level":"info","message":"[Analyzer] Processing 55/100: 0x5eb21c6573fcee2a4bc98783b674d7f38e94f453","timestamp":"2026-08-06T03:00:31.290Z"}
{"level":"info","message":"[Analyzer] Processing 56/100: 0xed29644a7c248d4196bca1d55001ad21b24e799e","timestamp":"2026-08-06T03:00:31.290Z"}
{"level":"info","message":"[Analyzer] Processing 57/100: 0x402612dd440ae0419cdcc43b4b09e54248520806","timestamp":"2026-08-06T03:00:31.290Z"}
{"level":"info","message":"[Analyzer] Processing 58/100: 0x54286867940695f96f744ad1cffe10d2e053277a","timestamp":"2026-08-06T03:00:31.290Z"}
{"level":"info","message":"[Analyzer] Processing 59/100: 0x518b7f829f18c3702c925da92b028531f64fb975","timestamp":"2026-08-06T03:00:31.291Z"}
{"level":"info","message":"[Analyzer] Processing 60/100: 0x3f3c9416bb0c5259ffee1e842766eb43a0793f89","timestamp":"2026-08-06T03:00:31.291Z"}
{"level":"info","message":"[Analyzer] Processing 61/100: 0x35b0437f189bd063317a9614959dbfa3ca102826","timestamp":"2026-08-06T03:00:31.291Z"}
{"level":"info","message":"[Analyzer] Processing 62/100: 0x87620facb6cd1469956fce784189c00eb074b794","timestamp":"2026-08-06T03:00:31.291Z"}
{"level":"info","message":"[Analyzer] Processing 63/100: 0x2ab9537725fce32faaa71104c84afd3f68ce2d2e","timestamp":"2026-08-06T03:00:31.291Z"}
{"level":"info","message":"[Analyzer] Processing 64/100: 0x27db048fc27a1685e705a8cbbaff9a18947a4605","timestamp":"2026-08-06T03:00:31.292Z"}
{"level":"info","message":"[Analyzer] Processing 65/100: 0x12c89f3a38d4223484a60fe9b37ffcbc43bb9854","timestamp":"2026-08-06T03:00:31.293Z"}
{"level":"info","message":"[Analyzer] Processing 66/100: 0xeed3842c31d43a447dd7bdd0ae98b5b0eca79bb2","timestamp":"2026-08-06T03:00:31.293Z"}
{"level":"info","message":"[Analyzer] Processing 67/100: 0xa64bab49ff9ef91dbe7b71364a16684f85f5884d","timestamp":"2026-08-06T03:00:31.293Z"}
{"level":"info","message":"[Analyzer] Processing 68/100: 0xf3e20c65ef227b4c2568dcea0d7cff65a1033f5f","timestamp":"2026-08-06T03:00:31.293Z"}
{"level":"info","message":"[Analyzer] Processing 69/100: 0x4df4d0ed792e565ceee2fba5fa82a8c9e1b1b2d0","timestamp":"2026-08-06T03:00:31.294Z"}
{"level":"info","message":"[Analyzer] Processing 70/100: 0xa734e3c1b95e4d9680900d746cca8033790239c1","timestamp":"2026-08-06T03:00:31.294Z"}
{"level":"info","message":"[Analyzer] Processing 71/100: 0x6a3199777f7f8514c4522d8adf4598efa0194200","timestamp":"2026-08-06T03:00:31.294Z"}
{"level":"info","message":"[Analyzer] Processing 72/100: 0x10b7e92b22740baf52d7aff4b048c93205fd4ed0","timestamp":"2026-08-06T03:00:31.294Z"}
{"level":"info","message":"[Analyzer] Processing 73/100: 0xb3cac21c2a694c746e8b44b321bc258d200cc075","timestamp":"2026-08-06T03:00:31.295Z"}
{"level":"info","message":"[Analyzer] Processing 74/100: 0x9bbb5a7cf1b12cc1f57b609d6b3269cf13ae9ec9","timestamp":"2026-08-06T03:00:31.295Z"}
{"level":"info","message":"[Analyzer] Processing 75/100: 0x4e70e65fb61ee9b9370bb69df09ab6550ec0a41a","timestamp":"2026-08-06T03:00:31.295Z"}
{"level":"info","message":"[Analyzer] Processing 76/100: 0x663d98059d1c77e4d185f28b36e94f11120e5826","timestamp":"2026-08-06T03:00:31.295Z"}
{"level":"info","message":"[Analyzer] Processing 77/100: 0x2efdeae928ecc28da7fd0a42b9aeddacb6f35227","timestamp":"2026-08-06T03:00:31.295Z"}
{"level":"info","message":"[Analyzer] Processing 78/100: 0x149a545daf2911838d5ace085cb7e30b6541a0d4","timestamp":"2026-08-06T03:00:31.296Z"}
{"level":"info","message":"[Analyzer] Processing 79/100: 0xd4299c1a5c806c7036befb53712d5281d2907557","timestamp":"2026-08-06T03:00:31.296Z"}
{"level":"info","message":"[Analyzer] Processing 80/100: 0x1211338974b122ee6cd9afbb179a3a96b028623d","timestamp":"2026-08-06T03:00:31.296Z"}
{"level":"info","message":"[Analyzer] Processing 81/100: 0x8e1effaa6544d754b1569ad1a2b0e501ae703a09","timestamp":"2026-08-06T03:00:31.296Z"}
{"level":"info","message":"[Analyzer] Processing 82/100: 0x579e06c87ab6783e43ea5949395c230a4565494f","timestamp":"2026-08-06T03:00:31.297Z"}
{"level":"info","message":"[Analyzer] Processing 83/100: 0xe95401dc1df8e068983888c5b77a9acadd0d75dc","timestamp":"2026-08-06T03:00:31.297Z"}
{"level":"info","message":"[Analyzer] Processing 84/100: 0xde854d866c312f50324b89d5fe281703eefafa64","timestamp":"2026-08-06T03:00:31.298Z"}
{"level":"info","message":"[Analyzer] Processing 85/100: 0xaaf9770270bfee1104345c33766c8ce27d39b24f","timestamp":"2026-08-06T03:00:31.298Z"}
{"level":"info","message":"[Analyzer] Processing 86/100: 0x3daddac5e7c1afa3f61de908a6094b549d2d3a8c","timestamp":"2026-08-06T03:00:31.299Z"}
{"level":"info","message":"[Analyzer] Processing 87/100: 0x566092a61ef24125efe743f288621cf0809c851b","timestamp":"2026-08-06T03:00:31.300Z"}
{"level":"info","message":"[Analyzer] Processing 88/100: 0x145c6d5b683718ca78a8a85504cac2d624a99955","timestamp":"2026-08-06T03:00:31.300Z"}
{"level":"info","message":"[Analyzer] Processing 89/100: 0xdab2b22c765838667bdcfeaa8729dd402ad5c6ab","timestamp":"2026-08-06T03:00:31.300Z"}
{"level":"info","message":"[Analyzer] Processing 90/100: 0xcc347e9dbcd1ecc2f6661d29fc3a977ab949675c","timestamp":"2026-08-06T03:00:31.300Z"}
{"level":"info","message":"[Analyzer] Processing 91/100: 0x0d5dfa1b4ebb5d6bb1f43afd2757f527d6243b74","timestamp":"2026-08-06T03:00:31.301Z"}
{"level":"info","message":"[Analyzer] Processing 92/100: 0x0ea781cf013ae62ce39ab91a7e480dc2bbb15f65","timestamp":"2026-08-06T03:00:31.301Z"}
{"level":"info","message":"[Analyzer] Processing 93/100: 0x74e0b78aa9269fc4976b3e2ea459a8fbdf2c7f93","timestamp":"2026-08-06T03:00:31.301Z"}
{"level":"info","message":"[Analyzer] Processing 94/100: 0x4fe7ff1d7534c8bbee23c40e7205f8beeafe0e41","timestamp":"2026-08-06T03:00:31.301Z"}
{"level":"info","message":"[Analyzer] Processing 95/100: 0x5e63491d16db03400c9b7a7997228c95cf1663fc","timestamp":"2026-08-06T03:00:31.301Z"}
{"level":"info","message":"[Analyzer] Processing 96/100: 0xbc4dd544489f99646aaeb6fbaa32e95b217f2f8a","timestamp":"2026-08-06T03:00:31.302Z"}
{"level":"info","message":"[Analyzer] Processing 97/100: 0x96ecb058459055e612d0efd1e8107f65542b0180","timestamp":"2026-08-06T03:00:31.302Z"}
{"level":"info","message":"[Analyzer] Processing 98/100: 0x64d434b11ab20decb43ecabb7185cb05fb07d246","timestamp":"2026-08-06T03:00:31.302Z"}
{"level":"info","message":"[Analyzer] Processing 99/100: 0x9379e546675db383365f8718342a92ac3ba3a4f8","timestamp":"2026-08-06T03:00:31.302Z"}
{"level":"info","message":"[Analyzer] Processing 100/100: 0xa5336a9158d191c88221ac73f442b160b5b71df0","timestamp":"2026-08-06T03:00:31.302Z"}
{"level":"info","message":"Page 15: +77 human targets | 23 bots filtered","timestamp":"2026-08-06T03:00:48.866Z"}
{"level":"info","message":"Page 15: Deleted 860 transfer records for 99 evaluated senders","timestamp":"2026-08-06T03:00:49.778Z"}
{"level":"warn","message":"[FetchPendingTargetsRPC_page_16] Attempt 1 failed: canceling statement due to statement timeout","timestamp":"2026-08-06T03:00:58.265Z"}
{"level":"warn","message":"[FetchPendingTargetsRPC_page_16] Attempt 2 failed: canceling statement due to statement timeout","timestamp":"2026-08-06T03:01:07.928Z"}
{"level":"info","message":"Fetched 100 raw pairs (page 16). Running Stage 1 + Stage 2 checks...","timestamp":"2026-08-06T03:01:12.476Z"}
{"level":"info","message":"[Analyzer] Processing 1/100: 0xea0aba6f05cab105c5001295f6e105c0cdf394a8","timestamp":"2026-08-06T03:01:12.476Z"}
{"level":"info","message":"[Analyzer] Processing 2/100: 0x190ffdb6b0cc73d32edf8b4139567c0c12d83b48","timestamp":"2026-08-06T03:01:12.478Z"}
{"level":"info","message":"[Analyzer] Processing 3/100: 0xeb59da709c168d86979019fef02e18d125f8ddd4","timestamp":"2026-08-06T03:01:12.479Z"}
{"level":"info","message":"[Analyzer] Processing 4/100: 0x7a113e71ab1ae228ce1a5bf1c29a19232c6c2a4b","timestamp":"2026-08-06T03:01:12.481Z"}
{"level":"info","message":"[Analyzer] Processing 5/100: 0x477e6ffa5cfd507330f2cf6db5bef79da013833a","timestamp":"2026-08-06T03:01:12.482Z"}
{"level":"info","message":"[Analyzer] Processing 6/100: 0x253af28839020c9bd282c9d142e53ffbaf11153e","timestamp":"2026-08-06T03:01:12.483Z"}
{"level":"info","message":"[Analyzer] Processing 7/100: 0xe45763b0265d6b7746bc7c9f51dbe1236f37d4c9","timestamp":"2026-08-06T03:01:12.484Z"}
{"level":"info","message":"[Analyzer] Processing 8/100: 0x099ac67fecca474dd83771db9dd3555c87af3c98","timestamp":"2026-08-06T03:01:12.485Z"}
{"level":"info","message":"[Analyzer] Processing 9/100: 0xf05373a127a390b049e7ce83e174b67ea6158a5a","timestamp":"2026-08-06T03:01:12.486Z"}
{"level":"info","message":"[Analyzer] Processing 10/100: 0xc15ecd3442d80b64712324096c40282b8b78c8e3","timestamp":"2026-08-06T03:01:12.487Z"}
{"level":"info","message":"[Analyzer] Processing 11/100: 0x246d10d976e229a748983289d9a1fe6e2b7ed163","timestamp":"2026-08-06T03:01:12.490Z"}
{"level":"info","message":"[Analyzer] Processing 12/100: 0x6e6baf06fc9bd07dafafa49a775f1f5b9fecd072","timestamp":"2026-08-06T03:01:12.492Z"}
{"level":"info","message":"[Analyzer] Processing 13/100: 0xfb1ae7a6a9dfc775c235511a2c34e63c718d758e","timestamp":"2026-08-06T03:01:12.492Z"}
{"level":"info","message":"[Analyzer] Processing 14/100: 0x3e96d7c4468b796c7b5314088e4a60393eed0117","timestamp":"2026-08-06T03:01:12.493Z"}
{"level":"info","message":"[Analyzer] Processing 15/100: 0x360b88f0fd65e9747bb4ddfd4b99d17a3d785b76","timestamp":"2026-08-06T03:01:12.494Z"}
{"level":"info","message":"[Analyzer] Processing 16/100: 0x65f0206c9a32eb68c9e776f2b968af038b12e0ac","timestamp":"2026-08-06T03:01:12.494Z"}
{"level":"info","message":"[Analyzer] Processing 17/100: 0xd843caef384250406a69e173e1761709db1e9fc7","timestamp":"2026-08-06T03:01:12.496Z"}
{"level":"info","message":"[Analyzer] Processing 18/100: 0x06ce61b28b0731007a0e1e5c5a040e1511d3f481","timestamp":"2026-08-06T03:01:12.496Z"}
{"level":"info","message":"[Analyzer] Processing 19/100: 0xeda9bc729b6884f08519da71790405da2ef21f5e","timestamp":"2026-08-06T03:01:12.497Z"}
{"level":"info","message":"[Analyzer] Processing 20/100: 0x62cf5844ae2da19a16222b1ccbf1c2994eab3bc3","timestamp":"2026-08-06T03:01:12.498Z"}
{"level":"info","message":"[Analyzer] Processing 21/100: 0x299d2febcaefd2417b2dcec0e5f95dc77dbed77a","timestamp":"2026-08-06T03:01:12.499Z"}
{"level":"info","message":"[Analyzer] Processing 22/100: 0xf64a78c8ab3222c2083e6e69afbe79cf2d7bbee4","timestamp":"2026-08-06T03:01:12.499Z"}
{"level":"info","message":"[Analyzer] Processing 23/100: 0x41a513c7a413d60f7cdad1e94541f5f93bcc3696","timestamp":"2026-08-06T03:01:12.500Z"}
{"level":"info","message":"[Analyzer] Processing 24/100: 0xebb5f86070aedce420a06692152e40748b233db8","timestamp":"2026-08-06T03:01:12.500Z"}
{"level":"info","message":"[Analyzer] Processing 25/100: 0x5b5274b4854d40755e903260a1eebfeb966fc4a8","timestamp":"2026-08-06T03:01:12.501Z"}
{"level":"info","message":"[Analyzer] Processing 26/100: 0x36828a541b277905f784ffaa89c53c1473a2a22e","timestamp":"2026-08-06T03:01:12.502Z"}
{"level":"info","message":"[Analyzer] Processing 27/100: 0xceb80a5ead5e5999754fb3712e91e4ee694e0bf4","timestamp":"2026-08-06T03:01:12.502Z"}
{"level":"info","message":"[Analyzer] Processing 28/100: 0x18f7f2f367b256cb0e15155b28e03d99b7654e48","timestamp":"2026-08-06T03:01:12.503Z"}
{"level":"info","message":"[Analyzer] Processing 29/100: 0xcabb8fcd957bc435a32b7ec99998e314ef67fcf9","timestamp":"2026-08-06T03:01:12.503Z"}
{"level":"info","message":"[Analyzer] Processing 30/100: 0x3387bc0e7a1d6e8de8c22f1d36bf481f19f6ea0d","timestamp":"2026-08-06T03:01:12.504Z"}
{"level":"info","message":"[Analyzer] Processing 31/100: 0xe50d484424c888d7a8c073fd29dcff0004e79750","timestamp":"2026-08-06T03:01:12.505Z"}
{"level":"info","message":"[Analyzer] Processing 32/100: 0x678e01c9208036a0214f598714b63832b0a76975","timestamp":"2026-08-06T03:01:12.506Z"}
{"level":"info","message":"[Analyzer] Processing 33/100: 0xb9440f1f6417dd958f511f74bfa2ed8964a49dbe","timestamp":"2026-08-06T03:01:12.506Z"}
{"level":"info","message":"[Analyzer] Processing 34/100: 0x8db740085d0b0b443f5300df9766e11d316b7afa","timestamp":"2026-08-06T03:01:12.507Z"}
{"level":"info","message":"[Analyzer] Processing 35/100: 0xc7a69388af4b87a426af64cc5da2c3590f0d8aa3","timestamp":"2026-08-06T03:01:12.507Z"}
{"level":"info","message":"[Analyzer] Processing 36/100: 0x6021a3e24438eaee463bb6e035e6c6db74cf7f06","timestamp":"2026-08-06T03:01:12.507Z"}
{"level":"info","message":"[Analyzer] Processing 37/100: 0x66e2cafb1339c9c390bb15a0e654540caaa41b7d","timestamp":"2026-08-06T03:01:12.508Z"}
{"level":"info","message":"[Analyzer] Processing 38/100: 0x3c8517c91b48059878eb7684825f5770905c2970","timestamp":"2026-08-06T03:01:12.508Z"}
{"level":"info","message":"[Analyzer] Processing 39/100: 0xbb34960afec64f3f1cc78b0c9c342c4657021696","timestamp":"2026-08-06T03:01:12.509Z"}
{"level":"info","message":"[Analyzer] Processing 40/100: 0xc1ac4e1f62be563983da2deebd749968472fb150","timestamp":"2026-08-06T03:01:12.511Z"}
{"level":"info","message":"[Analyzer] Processing 41/100: 0x9cfd4f6490afa0f78a8179363d337950d3bc1d51","timestamp":"2026-08-06T03:01:12.511Z"}
{"level":"info","message":"[Analyzer] Processing 42/100: 0xc669a905f2666239c09c55f4f36871e4b4b89565","timestamp":"2026-08-06T03:01:12.512Z"}
{"level":"info","message":"[Analyzer] Processing 43/100: 0x125228ba126fdf804ddb47140b86f8cf78809e17","timestamp":"2026-08-06T03:01:12.512Z"}
{"level":"info","message":"[Analyzer] Processing 44/100: 0xde821c8883e47180a192ea20d98e26e73f423016","timestamp":"2026-08-06T03:01:12.513Z"}
{"level":"info","message":"[Analyzer] Processing 45/100: 0xfcd4d98df133fda5459d97709d8f21483c253159","timestamp":"2026-08-06T03:01:12.513Z"}
{"level":"info","message":"[Analyzer] Processing 46/100: 0x131049ce5e9e7d26486697e3c200f60b372846e1","timestamp":"2026-08-06T03:01:12.513Z"}
{"level":"info","message":"[Analyzer] Processing 47/100: 0xdfb88b26638b27e92c9ec531b822546c2b39ca62","timestamp":"2026-08-06T03:01:12.514Z"}
{"level":"info","message":"[Analyzer] Processing 48/100: 0xb768b7318d9b4246524642af35626d4f188f9471","timestamp":"2026-08-06T03:01:12.514Z"}
{"level":"info","message":"[Analyzer] Processing 49/100: 0xdb79f810784d2a2139f9deba17b9942eb779994a","timestamp":"2026-08-06T03:01:12.515Z"}
{"level":"info","message":"[Analyzer] Processing 50/100: 0x4aec0e98fc1fb55b9cc2faaa7a81acca42cb4e96","timestamp":"2026-08-06T03:01:12.515Z"}
{"level":"info","message":"[Analyzer] Processing 51/100: 0x7644b1f283cc0256134737baa8b8ef02be47f35e","timestamp":"2026-08-06T03:01:12.516Z"}
{"level":"info","message":"[Analyzer] Processing 52/100: 0xad6234111fdfed2f8c9b582cf48e617728bcb4ef","timestamp":"2026-08-06T03:01:12.533Z"}
{"level":"info","message":"[Analyzer] Processing 53/100: 0xcaa0371660f68039cd20a2402c1ca66dc6d4bf3c","timestamp":"2026-08-06T03:01:12.534Z"}
{"level":"info","message":"[Analyzer] Processing 54/100: 0x1ccd32c2053686fc6f1f01fdac925ea4c502cc69","timestamp":"2026-08-06T03:01:12.542Z"}
{"level":"info","message":"[Analyzer] Processing 55/100: 0x93ddba4845f712e3c2e9c8103e184d23e8d2acc6","timestamp":"2026-08-06T03:01:12.542Z"}
{"level":"info","message":"[Analyzer] Processing 56/100: 0x93ba87d4dc232bfb973a960411fa604112b477ac","timestamp":"2026-08-06T03:01:12.543Z"}
{"level":"info","message":"[Analyzer] Processing 57/100: 0xfd00458b4d472aa08d03ec49af96691227bed6a0","timestamp":"2026-08-06T03:01:12.544Z"}
{"level":"info","message":"[Analyzer] Processing 58/100: 0x946ae5f79b8bf20e668f6e6f1d8aa0c05c259b35","timestamp":"2026-08-06T03:01:12.546Z"}
{"level":"info","message":"[Analyzer] Processing 59/100: 0x50844bd1a524c85ed855244e971c64ace06ab15c","timestamp":"2026-08-06T03:01:12.547Z"}
{"level":"info","message":"[Analyzer] Processing 60/100: 0x0b774a5bf836f1b26fcbe58a945e1bd654359629","timestamp":"2026-08-06T03:01:12.547Z"}
{"level":"info","message":"[Analyzer] Processing 61/100: 0x22fa3960c7293fb7af28712530c30b2b5d834ad2","timestamp":"2026-08-06T03:01:12.547Z"}
{"level":"info","message":"[Analyzer] Processing 62/100: 0xc5350f33d940bee9c6347e2f0dfbaa3c707d8d71","timestamp":"2026-08-06T03:01:12.549Z"}
{"level":"info","message":"[Analyzer] Processing 63/100: 0x57f3f36aab5915c96b84a6d457fe25669f74670c","timestamp":"2026-08-06T03:01:12.549Z"}
{"level":"info","message":"[Analyzer] Processing 64/100: 0x637d155fa1abea137f58c961704a4d769da0bd2e","timestamp":"2026-08-06T03:01:12.550Z"}
{"level":"info","message":"[Analyzer] Processing 65/100: 0xe45763b0265d6b7746bc7c9f51dbe1236f37d4c9","timestamp":"2026-08-06T03:01:12.550Z"}
{"level":"info","message":"[Analyzer] Processing 66/100: 0xf94162f9a7f01b53ad5ecafe0ac83ccc0bba2e91","timestamp":"2026-08-06T03:01:12.550Z"}
{"level":"info","message":"[Analyzer] Processing 67/100: 0xa7cf4b966a3cc8dfd7a62d063ed49f480827e5d2","timestamp":"2026-08-06T03:01:12.550Z"}
{"level":"info","message":"[Analyzer] Processing 68/100: 0x2fc9478c3858733b6e9b87458d71044a2071a300","timestamp":"2026-08-06T03:01:12.551Z"}
{"level":"info","message":"[Analyzer] Processing 69/100: 0x0eb851051afed8442cc5a859db62c29ca80f608b","timestamp":"2026-08-06T03:01:12.551Z"}
{"level":"info","message":"[Analyzer] Processing 70/100: 0x8997c460bccd9706c30719044c8692fd3b31d36f","timestamp":"2026-08-06T03:01:12.552Z"}
{"level":"info","message":"[Analyzer] Processing 71/100: 0x84f351eb3405f6d3b0bfcbfec11e5dda24c207bc","timestamp":"2026-08-06T03:01:12.553Z"}
{"level":"info","message":"[Analyzer] Processing 72/100: 0x8788ed64b3b99d4323838000206c7d61fe4dec29","timestamp":"2026-08-06T03:01:12.553Z"}
{"level":"info","message":"[Analyzer] Processing 73/100: 0xf06c8a811e0d9c6d51d864e4a1c27ab56727d60d","timestamp":"2026-08-06T03:01:12.555Z"}
{"level":"info","message":"[Analyzer] Processing 74/100: 0x1c0144f8af70a768a6fa2f79df847cfeaa2906bd","timestamp":"2026-08-06T03:01:12.555Z"}
{"level":"info","message":"[Analyzer] Processing 75/100: 0xbcea22b07c4b66e1fc27f2db7fa02a8abc55118a","timestamp":"2026-08-06T03:01:12.555Z"}
{"level":"info","message":"[Analyzer] Processing 76/100: 0xebcda26432c1e2a46898d9920759438f86c8fcf4","timestamp":"2026-08-06T03:01:12.556Z"}
{"level":"info","message":"[Analyzer] Processing 77/100: 0xd52814615dc129e1eea3520e7e7f8d44dbfc6c5b","timestamp":"2026-08-06T03:01:12.556Z"}
{"level":"info","message":"[Analyzer] Processing 78/100: 0x274d75b079d2ca6ce8c55fe36936bd394c142324","timestamp":"2026-08-06T03:01:12.556Z"}
{"level":"info","message":"[Analyzer] Processing 79/100: 0xb6e15ec16257275c5b0fa9886cbd5648b5e787aa","timestamp":"2026-08-06T03:01:12.557Z"}
{"level":"info","message":"[Analyzer] Processing 80/100: 0x04a537ef9d4c7d8a27fa177e9c42f1220ae42df0","timestamp":"2026-08-06T03:01:12.557Z"}
{"level":"info","message":"[Analyzer] Processing 81/100: 0x5b1686a90262c7aa3b8e5d42cec455c47607799b","timestamp":"2026-08-06T03:01:12.557Z"}
{"level":"info","message":"[Analyzer] Processing 82/100: 0xb6bcf7c699be3bad2729cb90c6e19f1589efd84c","timestamp":"2026-08-06T03:01:12.557Z"}
{"level":"info","message":"[Analyzer] Processing 83/100: 0xfe095c3089da9a22f7e9495ce880b2a33274fa80","timestamp":"2026-08-06T03:01:12.557Z"}
{"level":"info","message":"[Analyzer] Processing 84/100: 0x7eedaaf5862f3dc96b3f52eac84597780cb76066","timestamp":"2026-08-06T03:01:12.558Z"}
{"level":"info","message":"[Analyzer] Processing 85/100: 0x78bb4ff0410b26feedbdc55770c7d111f7c9cd46","timestamp":"2026-08-06T03:01:12.558Z"}
{"level":"info","message":"[Analyzer] Processing 86/100: 0x56100e89305fb6650e0295d75a4eda4f362828ab","timestamp":"2026-08-06T03:01:12.559Z"}
{"level":"info","message":"[Analyzer] Processing 87/100: 0x4e946886bdae1c61efe01f48a45f3530c7f479b5","timestamp":"2026-08-06T03:01:12.560Z"}
{"level":"info","message":"[Analyzer] Processing 88/100: 0x186f90a2c90b578a25a2eb1a187aad1ba3816179","timestamp":"2026-08-06T03:01:12.561Z"}
{"level":"info","message":"[Analyzer] Processing 89/100: 0x96fa990b4921ffa73550db157cd95d4fe2781435","timestamp":"2026-08-06T03:01:12.562Z"}
{"level":"info","message":"[Analyzer] Processing 90/100: 0x60b8d739037163586d07b772d966bff2e9f085f4","timestamp":"2026-08-06T03:01:12.562Z"}
{"level":"info","message":"[Analyzer] Processing 91/100: 0xeaaebc5b181f3a5e9b2a9dd1244d25bb30b0f9c1","timestamp":"2026-08-06T03:01:12.562Z"}
{"level":"info","message":"[Analyzer] Processing 92/100: 0x2b48ca5b4cf0a543c96ad4993d437f657320d552","timestamp":"2026-08-06T03:01:12.563Z"}
{"level":"info","message":"[Analyzer] Processing 93/100: 0xe8082d79e55c20edc862c03d08e62a58b5a2ef74","timestamp":"2026-08-06T03:01:12.564Z"}
{"level":"info","message":"[Analyzer] Processing 94/100: 0x18f30de55c48f6b42bed77919de8263ede80084c","timestamp":"2026-08-06T03:01:12.564Z"}
{"level":"info","message":"[Analyzer] Processing 95/100: 0x6ee52ecff43abec4af2eacc38b03d17911ae45d3","timestamp":"2026-08-06T03:01:12.564Z"}
{"level":"info","message":"[Analyzer] Processing 96/100: 0x7476e7267c4b69ed33d0ecde1e9d112d34089568","timestamp":"2026-08-06T03:01:12.565Z"}
{"level":"info","message":"[Analyzer] Processing 97/100: 0x8a0ca52c721f190e6adb09210075a36626309f43","timestamp":"2026-08-06T03:01:12.565Z"}
{"level":"info","message":"[Analyzer] Processing 98/100: 0x8bc7c2aee4bbbc705f7a2d987f3b787a1f5c0102","timestamp":"2026-08-06T03:01:12.565Z"}
{"level":"info","message":"[Analyzer] Processing 99/100: 0x7cb68e822f2ea6b56356d2e89413430485216c6a","timestamp":"2026-08-06T03:01:12.565Z"}
{"level":"info","message":"[Analyzer] Processing 100/100: 0xf24022ba0fea5926d30fba8fece6d7a852732989","timestamp":"2026-08-06T03:01:12.566Z"}
{"level":"info","message":"Page 16: +81 human targets | 19 bots filtered","timestamp":"2026-08-06T03:01:26.478Z"}
{"level":"info","message":"Page 16: Deleted 810 transfer records for 99 evaluated senders","timestamp":"2026-08-06T03:01:26.968Z"}
{"level":"info","message":"Fetched 100 raw pairs (page 17). Running Stage 1 + Stage 2 checks...","timestamp":"2026-08-06T03:01:27.606Z"}
{"level":"info","message":"[Analyzer] Processing 1/100: 0x9e7ab696db8e5e3ee74406fa07767322c1058b08","timestamp":"2026-08-06T03:01:27.606Z"}
{"level":"info","message":"[Analyzer] Processing 2/100: 0xc91b847abf04a41c66e190de99c8df6f15648580","timestamp":"2026-08-06T03:01:27.607Z"}
{"level":"info","message":"[Analyzer] Processing 3/100: 0x53a9c3923db577a659bcfa3e7353448506e3c8ca","timestamp":"2026-08-06T03:01:27.607Z"}
{"level":"info","message":"[Analyzer] Processing 4/100: 0x882389958f39cf3be7ed7571f2704d87a176e1e1","timestamp":"2026-08-06T03:01:27.608Z"}
{"level":"info","message":"[Analyzer] Processing 5/100: 0x8687e4d01d80a7ac2811a6e04f12fed7e94b23af","timestamp":"2026-08-06T03:01:27.608Z"}
{"level":"info","message":"[Analyzer] Processing 6/100: 0xe8da5276a62181df9466ee7cdca487cbfb6a710e","timestamp":"2026-08-06T03:01:27.609Z"}
{"level":"info","message":"[Analyzer] Processing 7/100: 0x6df94783ee3a7f7674bca7d38de92d0accabe711","timestamp":"2026-08-06T03:01:27.609Z"}
{"level":"info","message":"[Analyzer] Processing 8/100: 0x01607cc4a740503639d36013c81d2aba539e6338","timestamp":"2026-08-06T03:01:27.610Z"}
{"level":"info","message":"[Analyzer] Processing 9/100: 0x87dce62c76884ef66ce87c56e4e027e6d4daeead","timestamp":"2026-08-06T03:01:27.611Z"}
{"level":"info","message":"[Analyzer] Processing 10/100: 0xbb79d4f8e1d7fe3f78e41d5ba2e2cb2f19995b00","timestamp":"2026-08-06T03:01:27.611Z"}
{"level":"info","message":"[Analyzer] Processing 11/100: 0x6de7943421c3c924808b6e173b9a656b447b1d78","timestamp":"2026-08-06T03:01:27.612Z"}
{"level":"info","message":"[Analyzer] Processing 12/100: 0xa71edc94fc9473da7a1708fad79d691989267d31","timestamp":"2026-08-06T03:01:27.613Z"}
{"level":"info","message":"[Analyzer] Processing 13/100: 0x4a2fbd380818303b5fa90a85f5f2e0ca8cbb32bd","timestamp":"2026-08-06T03:01:27.614Z"}
{"level":"info","message":"[Analyzer] Processing 14/100: 0x7649a32e792d2b59d3d616fef17700ec70e27d1a","timestamp":"2026-08-06T03:01:27.614Z"}
{"level":"info","message":"[Analyzer] Processing 15/100: 0xaea74384867cb0b698785bdd54b24a5ee3ad138c","timestamp":"2026-08-06T03:01:27.615Z"}
{"level":"info","message":"[Analyzer] Processing 16/100: 0x7deac010d4cfdc8dc4be730d9d7d9edbbfb7f167","timestamp":"2026-08-06T03:01:27.615Z"}
{"level":"info","message":"[Analyzer] Processing 17/100: 0xc7d7a089b085b86047dd7551a697d1b17c7838c4","timestamp":"2026-08-06T03:01:27.616Z"}
{"level":"info","message":"[Analyzer] Processing 18/100: 0xc7d7a089b085b86047dd7551a697d1b17c7838c4","timestamp":"2026-08-06T03:01:27.616Z"}
{"level":"info","message":"[Analyzer] Processing 19/100: 0xd86536e111221306d34ac45ad2bda4b69d1ddc44","timestamp":"2026-08-06T03:01:27.616Z"}
{"level":"info","message":"[Analyzer] Processing 20/100: 0xa6334fa321a494c9ccdb2296c138bdc80affbfd2","timestamp":"2026-08-06T03:01:27.616Z"}
{"level":"info","message":"[Analyzer] Processing 21/100: 0x56721baf80d02d6d49337f4c55ec150974771086","timestamp":"2026-08-06T03:01:27.617Z"}
{"level":"info","message":"[Analyzer] Processing 22/100: 0xaba23fdc70507299bc04e73ef0459d745a181cac","timestamp":"2026-08-06T03:01:27.617Z"}
{"level":"info","message":"[Analyzer] Processing 23/100: 0x70360bc77748e15d7c267322d0f447798c2cab7c","timestamp":"2026-08-06T03:01:27.618Z"}
{"level":"info","message":"[Analyzer] Processing 24/100: 0x8a38e182f97acd9aa1abe57c77b24160c09aff3e","timestamp":"2026-08-06T03:01:27.618Z"}
{"level":"info","message":"[Analyzer] Processing 25/100: 0x58a57bae4720d2d2d6e2c1a4423a3b090cb0a1e5","timestamp":"2026-08-06T03:01:27.619Z"}
{"level":"info","message":"[Analyzer] Processing 26/100: 0xde7fb38b8c3bc3225d0cf077888f114f5667eea5","timestamp":"2026-08-06T03:01:27.620Z"}
{"level":"info","message":"[Analyzer] Processing 27/100: 0x6d39030df220c6507b36f91d55db0d783cad9e4d","timestamp":"2026-08-06T03:01:27.620Z"}
{"level":"info","message":"[Analyzer] Processing 28/100: 0xde7fb38b8c3bc3225d0cf077888f114f5667eea5","timestamp":"2026-08-06T03:01:27.621Z"}
{"level":"info","message":"[Analyzer] Processing 29/100: 0x58a57bae4720d2d2d6e2c1a4423a3b090cb0a1e5","timestamp":"2026-08-06T03:01:27.621Z"}
{"level":"info","message":"[Analyzer] Processing 30/100: 0xeb987558203515585d1fb97bab0e2319104b76f9","timestamp":"2026-08-06T03:01:27.622Z"}
{"level":"info","message":"[Analyzer] Processing 31/100: 0x2a22b05ba6ebeb84fe7a1f57b077d75bdb154a7f","timestamp":"2026-08-06T03:01:27.622Z"}
{"level":"info","message":"[Analyzer] Processing 32/100: 0x3f6ba785410243d170cb618f911a4aae2fd2aef7","timestamp":"2026-08-06T03:01:27.622Z"}
{"level":"info","message":"[Analyzer] Processing 33/100: 0x8821c950cd3efcbedf36937d6d20c19c640bc826","timestamp":"2026-08-06T03:01:27.622Z"}
{"level":"info","message":"[Analyzer] Processing 34/100: 0xde5a827f6d72c8e8ad7751e1cea2077fc7edaf73","timestamp":"2026-08-06T03:01:27.623Z"}
{"level":"info","message":"[Analyzer] Processing 35/100: 0x971a0a176896a3c7b74244bdb7dc0eb08315eef1","timestamp":"2026-08-06T03:01:27.623Z"}
{"level":"info","message":"[Analyzer] Processing 36/100: 0x318d4308a292de764e8e684ddbe8a3efbc10d74a","timestamp":"2026-08-06T03:01:27.623Z"}
{"level":"info","message":"[Analyzer] Processing 37/100: 0x4c582aa0e45e688530e11bda21a56c497a9fa4ee","timestamp":"2026-08-06T03:01:27.624Z"}
{"level":"info","message":"[Analyzer] Processing 38/100: 0xdb63ebced22675b3749ba897ae434533cc857542","timestamp":"2026-08-06T03:01:27.624Z"}
{"level":"info","message":"[Analyzer] Processing 39/100: 0x228368bacbf7a54fd4049e2217bc9aa732521897","timestamp":"2026-08-06T03:01:27.624Z"}
{"level":"info","message":"[Analyzer] Processing 40/100: 0x16fbc2e7f83bd6a0f80e1dbe6512c32900aa21f8","timestamp":"2026-08-06T03:01:27.624Z"}
{"level":"info","message":"[Analyzer] Processing 41/100: 0x505b960b1ab2fdf971a3c43f22b251c72b9dfa5b","timestamp":"2026-08-06T03:01:27.625Z"}
{"level":"info","message":"[Analyzer] Processing 42/100: 0xf1558d5943b10680b8c9a2573241baa8e6121a67","timestamp":"2026-08-06T03:01:27.626Z"}
{"level":"info","message":"[Analyzer] Processing 43/100: 0xefd1ce8570b572a93981847c4c69482cf6d6e96d","timestamp":"2026-08-06T03:01:27.626Z"}
{"level":"info","message":"[Analyzer] Processing 44/100: 0xa6645cc75c5273188752ec73c65f36c905117d32","timestamp":"2026-08-06T03:01:27.627Z"}
{"level":"info","message":"[Analyzer] Processing 45/100: 0x2a93425dffb856159fbae1a5b8a4c00e3dbf74dc","timestamp":"2026-08-06T03:01:27.627Z"}
{"level":"info","message":"[Analyzer] Processing 46/100: 0x632f6c4830205aedde931f27f2269a54f5426da3","timestamp":"2026-08-06T03:01:27.627Z"}
{"level":"info","message":"[Analyzer] Processing 47/100: 0x0c827a9651630be28444d9f6ee21d997f2f3d272","timestamp":"2026-08-06T03:01:27.628Z"}
{"level":"info","message":"[Analyzer] Processing 48/100: 0x95b03606462d15a4db08561be3de46c07e65237b","timestamp":"2026-08-06T03:01:27.628Z"}
{"level":"info","message":"[Analyzer] Processing 49/100: 0x22863fbbacb0617eaacc169fa49d67cdceb3ff77","timestamp":"2026-08-06T03:01:27.629Z"}
{"level":"info","message":"[Analyzer] Processing 50/100: 0x137cfe263f379f071cf4d138cf38b8d5da292c03","timestamp":"2026-08-06T03:01:27.630Z"}
{"level":"info","message":"[Analyzer] Processing 51/100: 0x6a6cc8967a51b37ab83fc0a63b3fc26b7905e4ab","timestamp":"2026-08-06T03:01:27.630Z"}
{"level":"info","message":"[Analyzer] Processing 52/100: 0xa0b46510002a78c705cd1db74e8f7fbc11931c88","timestamp":"2026-08-06T03:01:27.632Z"}
{"level":"info","message":"[Analyzer] Processing 53/100: 0x5b424ce3232727d28b180258a40639fef0b786b2","timestamp":"2026-08-06T03:01:27.633Z"}
{"level":"info","message":"[Analyzer] Processing 54/100: 0x7aca4c15fc79087b5bf31ee3d14183e0fe010a20","timestamp":"2026-08-06T03:01:27.633Z"}
{"level":"info","message":"[Analyzer] Processing 55/100: 0xc45d7ac9423a3c089f2424bac2f2446608fc26fc","timestamp":"2026-08-06T03:01:27.633Z"}
{"level":"info","message":"[Analyzer] Processing 56/100: 0xea93a5bed0ca25c5510b501c96a08cee61f325cb","timestamp":"2026-08-06T03:01:27.634Z"}
{"level":"info","message":"[Analyzer] Processing 57/100: 0x805aff8d6f9996e4c97edb00ce6c685ce71c7e09","timestamp":"2026-08-06T03:01:27.634Z"}
{"level":"info","message":"[Analyzer] Processing 58/100: 0xcb08ff4603b899667d9208fdd29c8c9ef5a26e09","timestamp":"2026-08-06T03:01:27.634Z"}
{"level":"info","message":"[Analyzer] Processing 59/100: 0x722da194650f3a7bf593ae29f8058e3624894cee","timestamp":"2026-08-06T03:01:27.635Z"}
{"level":"info","message":"[Analyzer] Processing 60/100: 0x8c848036496e6af33a22c4f59a4b442305c3f8be","timestamp":"2026-08-06T03:01:27.635Z"}
{"level":"info","message":"[Analyzer] Processing 61/100: 0x5509fd63be57b546e30616f2d3d2f1114eda63ad","timestamp":"2026-08-06T03:01:27.635Z"}
{"level":"info","message":"[Analyzer] Processing 62/100: 0x66aa3186fb7e5506f9e0afb6be4f4b9e64702439","timestamp":"2026-08-06T03:01:27.636Z"}
{"level":"info","message":"[Analyzer] Processing 63/100: 0x268f75c4732c381cad31b6af46efaad692b6dbd3","timestamp":"2026-08-06T03:01:27.636Z"}
{"level":"info","message":"[Analyzer] Processing 64/100: 0xd87e2ac6ea9d7ec1256631830e29336b0b6116e8","timestamp":"2026-08-06T03:01:27.636Z"}
{"level":"info","message":"[Analyzer] Processing 65/100: 0x6a46bd9375ec903c62228e37a59a54532b60cde9","timestamp":"2026-08-06T03:01:27.638Z"}
{"level":"info","message":"[Analyzer] Processing 66/100: 0x43ea257baf287f94e2f33844dcc4cc328dd70626","timestamp":"2026-08-06T03:01:27.638Z"}
{"level":"info","message":"[Analyzer] Processing 67/100: 0xb0d0b9b8ab03cbac16cdf9e59bc5a1a2ade55da2","timestamp":"2026-08-06T03:01:27.639Z"}
{"level":"info","message":"[Analyzer] Processing 68/100: 0xe89a821529e4ffb90b2a7896ae6bcab4c690c8c3","timestamp":"2026-08-06T03:01:27.639Z"}
{"level":"info","message":"[Analyzer] Processing 69/100: 0xee3f622ae68cc45a69a3cea456168f0c5905f8eb","timestamp":"2026-08-06T03:01:27.639Z"}
{"level":"info","message":"[Analyzer] Processing 70/100: 0x3d424e5bcdadda1e1bc0dfc22b8864cd5b2c855b","timestamp":"2026-08-06T03:01:27.640Z"}
{"level":"info","message":"[Analyzer] Processing 71/100: 0x2cf3bf5cb2040fc6013fb95f7216aa9f3a9f71a1","timestamp":"2026-08-06T03:01:27.640Z"}
{"level":"info","message":"[Analyzer] Processing 72/100: 0xb229cd4e450f78c9cbb0319fe95817307ad06ba4","timestamp":"2026-08-06T03:01:27.640Z"}
{"level":"info","message":"[Analyzer] Processing 73/100: 0x181d7396fa4afe7b495316fb3d737b5ceeac02bb","timestamp":"2026-08-06T03:01:27.640Z"}
{"level":"info","message":"[Analyzer] Processing 74/100: 0x696b71b4f30bc956c8f8073dedcdb5e2b29393bf","timestamp":"2026-08-06T03:01:27.641Z"}
{"level":"info","message":"[Analyzer] Processing 75/100: 0xae43391610ea97b3e362b97f4ebe69133e3179a7","timestamp":"2026-08-06T03:01:27.641Z"}
{"level":"info","message":"[Analyzer] Processing 76/100: 0x07ed204a338ca0724520ecb56b2fb16a203c54c9","timestamp":"2026-08-06T03:01:27.641Z"}
{"level":"info","message":"[Analyzer] Processing 77/100: 0xe457b1a3c1ac7f9ffc9c663ee4a350114d5dec8a","timestamp":"2026-08-06T03:01:27.642Z"}
{"level":"info","message":"[Analyzer] Processing 78/100: 0x842f4c05ab5721d8e406c7d7b44561edac06c49a","timestamp":"2026-08-06T03:01:27.642Z"}
{"level":"info","message":"[Analyzer] Processing 79/100: 0x8ca96d28ea9d0e0d48e2039d9553e0a25ad3b385","timestamp":"2026-08-06T03:01:27.645Z"}
{"level":"info","message":"[Analyzer] Processing 80/100: 0xde5943947779201c37143fcb59214b582b105bf5","timestamp":"2026-08-06T03:01:27.645Z"}
{"level":"info","message":"[Analyzer] Processing 81/100: 0x1bc2695f59b09f1cc71c658cdde603fe0ee7c946","timestamp":"2026-08-06T03:01:27.646Z"}
{"level":"info","message":"[Analyzer] Processing 82/100: 0x4364bc14dae47bf7bc8868fb4433acab7fb67ff5","timestamp":"2026-08-06T03:01:27.646Z"}
{"level":"info","message":"[Analyzer] Processing 83/100: 0xcadb2fbf7afaa0a9796ab0f6bdaeefb8e6b1dc7b","timestamp":"2026-08-06T03:01:27.647Z"}
{"level":"info","message":"[Analyzer] Processing 84/100: 0xa902f98c35793dc7bce139ee122e2971d1b7a170","timestamp":"2026-08-06T03:01:27.647Z"}
{"level":"info","message":"[Analyzer] Processing 85/100: 0x2d2df3fa1f5d5542c07e92579445d47b23be9612","timestamp":"2026-08-06T03:01:27.647Z"}
{"level":"info","message":"[Analyzer] Processing 86/100: 0x6b40503a28070e62c13655ed941a82db8378198c","timestamp":"2026-08-06T03:01:27.647Z"}
{"level":"info","message":"[Analyzer] Processing 87/100: 0x57adc57e23ffb28754f32ba2255d178ec5247616","timestamp":"2026-08-06T03:01:27.648Z"}
{"level":"info","message":"[Analyzer] Processing 88/100: 0xda8c42247e72ea6508c5e9c6553a8452b09f9f01","timestamp":"2026-08-06T03:01:27.648Z"}
{"level":"info","message":"[Analyzer] Processing 89/100: 0xcf962bc7e75d51a5575d083b6be6f21a27332d40","timestamp":"2026-08-06T03:01:27.648Z"}
{"level":"info","message":"[Analyzer] Processing 90/100: 0x16ca50a7cc9543e542e41b1f4881dc0b34ac50f4","timestamp":"2026-08-06T03:01:27.648Z"}
{"level":"info","message":"[Analyzer] Processing 91/100: 0x4b909586c7c7c848e19b511d4c9a88705cae86c4","timestamp":"2026-08-06T03:01:27.649Z"}
{"level":"info","message":"[Analyzer] Processing 92/100: 0x824b738eb0f7f31483802fd8af4a49b7021e1724","timestamp":"2026-08-06T03:01:27.649Z"}
{"level":"info","message":"[Analyzer] Processing 93/100: 0xcc23c192dcc33bea0ab0ba3b22a0a961a3937688","timestamp":"2026-08-06T03:01:27.649Z"}
{"level":"info","message":"[Analyzer] Processing 94/100: 0xa52e26e47d5a4d72abdc7a9305fea75812f18742","timestamp":"2026-08-06T03:01:27.649Z"}
{"level":"info","message":"[Analyzer] Processing 95/100: 0x2b265114c8684531257133a7dc442ceea273dead","timestamp":"2026-08-06T03:01:27.651Z"}
{"level":"info","message":"[Analyzer] Processing 96/100: 0x15764ab7e250576e27860676ab259d252e470911","timestamp":"2026-08-06T03:01:27.651Z"}
{"level":"info","message":"[Analyzer] Processing 97/100: 0x707c273bf075eb7f667ca05fa32942f169f866e2","timestamp":"2026-08-06T03:01:27.654Z"}
{"level":"info","message":"[Analyzer] Processing 98/100: 0x950127099315787bb2cf4784c9d574e5ce8a082e","timestamp":"2026-08-06T03:01:27.655Z"}
{"level":"info","message":"[Analyzer] Processing 99/100: 0x43f5525f291f80dbad1ce2c23f24673146829bed","timestamp":"2026-08-06T03:01:27.655Z"}
{"level":"info","message":"[Analyzer] Processing 100/100: 0x7ca99871ab120d2558c704b7c747f908f46ef335","timestamp":"2026-08-06T03:01:27.656Z"}
{"level":"info","message":"Page 17: +82 human targets | 18 bots filtered","timestamp":"2026-08-06T03:01:43.978Z"}
{"level":"info","message":"Page 17: Deleted 878 transfer records for 97 evaluated senders","timestamp":"2026-08-06T03:01:45.321Z"}
{"level":"info","message":"Fetched 100 raw pairs (page 18). Running Stage 1 + Stage 2 checks...","timestamp":"2026-08-06T03:01:46.383Z"}
{"level":"info","message":"[Analyzer] Processing 1/100: 0xae40011b06d587e1bc5aaa2075fd5b5e80a10c08","timestamp":"2026-08-06T03:01:46.383Z"}
{"level":"info","message":"[Analyzer] Processing 2/100: 0xb5446439d2eb25ac2a760511277796af807fe4ec","timestamp":"2026-08-06T03:01:46.383Z"}
{"level":"info","message":"[Analyzer] Processing 3/100: 0x9b4336e7822a6923c25e11442d9ba6af7486a585","timestamp":"2026-08-06T03:01:46.384Z"}
{"level":"info","message":"[Analyzer] Processing 4/100: 0xdbd33e5ea221d8b65280caca9e1ebfc3699a3a08","timestamp":"2026-08-06T03:01:46.384Z"}
{"level":"info","message":"[Analyzer] Processing 5/100: 0x4f4c2d6c41f08edd78328a041ebd370bc36d8db2","timestamp":"2026-08-06T03:01:46.384Z"}
{"level":"info","message":"[Analyzer] Processing 6/100: 0x6893f4df778358e6967ef899dc440ae20f9ba6bf","timestamp":"2026-08-06T03:01:46.385Z"}
{"level":"info","message":"[Analyzer] Processing 7/100: 0x5a92d230c94d5b38e414deadcfaec0c14829a5e2","timestamp":"2026-08-06T03:01:46.385Z"}
{"level":"info","message":"[Analyzer] Processing 8/100: 0xc0f7030a2e34ea469c5dcdabdd3ada11393b5c2f","timestamp":"2026-08-06T03:01:46.385Z"}
{"level":"info","message":"[Analyzer] Processing 9/100: 0xc30702d935187f6a653773517fd5b40617fb153a","timestamp":"2026-08-06T03:01:46.385Z"}
{"level":"info","message":"[Analyzer] Processing 10/100: 0x569a374ff3acb7b252bc2c48aec108bb042066b7","timestamp":"2026-08-06T03:01:46.386Z"}
{"level":"info","message":"[Analyzer] Processing 11/100: 0x2c993266ed069890b50ed166cc67e6d7f2ec871a","timestamp":"2026-08-06T03:01:46.386Z"}
{"level":"info","message":"[Analyzer] Processing 12/100: 0xffcf46143658a7a08baf6f6bd067073024f90d77","timestamp":"2026-08-06T03:01:46.386Z"}
{"level":"info","message":"[Analyzer] Processing 13/100: 0xb95d1ba20ce289b94d6cba9440ed6a1413c87499","timestamp":"2026-08-06T03:01:46.386Z"}
{"level":"info","message":"[Analyzer] Processing 14/100: 0xa09075fa04c324869edbd95a1104a472c92f4219","timestamp":"2026-08-06T03:01:46.386Z"}
{"level":"info","message":"[Analyzer] Processing 15/100: 0x1e7a67349a6e56c5ea77a513507750e0bb77300d","timestamp":"2026-08-06T03:01:46.387Z"}
{"level":"info","message":"[Analyzer] Processing 16/100: 0xe9e3fde335fed2bcf0290ca399c2b4b1f388b0af","timestamp":"2026-08-06T03:01:46.387Z"}
{"level":"info","message":"[Analyzer] Processing 17/100: 0x6448dbc9e99be98109c858c6624410c8f494346b","timestamp":"2026-08-06T03:01:46.387Z"}
{"level":"info","message":"[Analyzer] Processing 18/100: 0x4a2cf732070ff239e9be14af9edc59ccf1913351","timestamp":"2026-08-06T03:01:46.387Z"}
{"level":"info","message":"[Analyzer] Processing 19/100: 0x65a4df4dfd9725dd67a73695b0bf8672e294b1ec","timestamp":"2026-08-06T03:01:46.387Z"}
{"level":"info","message":"[Analyzer] Processing 20/100: 0x4c6ace704ef9d3790fb1fbfa2797a01ad4f22d1c","timestamp":"2026-08-06T03:01:46.388Z"}
{"level":"info","message":"[Analyzer] Processing 21/100: 0x013681664c8702dd8a03bdb89f9e83dbb838ddd5","timestamp":"2026-08-06T03:01:46.388Z"}
{"level":"info","message":"[Analyzer] Processing 22/100: 0x49faf9835f91ad91f95eb3102f094b3d9d0efa8a","timestamp":"2026-08-06T03:01:46.388Z"}
{"level":"info","message":"[Analyzer] Processing 23/100: 0x4dd807ae11060511a751cacbe6203ecc6e6a4c68","timestamp":"2026-08-06T03:01:46.389Z"}
{"level":"info","message":"[Analyzer] Processing 24/100: 0x196d594e83093064156838f151f6d6252095fbb4","timestamp":"2026-08-06T03:01:46.389Z"}
{"level":"info","message":"[Analyzer] Processing 25/100: 0x18f52042c98c10522447aa9b5ba77b7bb846c1bf","timestamp":"2026-08-06T03:01:46.390Z"}
{"level":"info","message":"[Analyzer] Processing 26/100: 0xde1cf95006b6d9ceb78f00aff3058fa0da8e72ff","timestamp":"2026-08-06T03:01:46.390Z"}
{"level":"info","message":"[Analyzer] Processing 27/100: 0xf49e30c4ed84296b39cfca00ce09df9389e496c3","timestamp":"2026-08-06T03:01:46.390Z"}
{"level":"info","message":"[Analyzer] Processing 28/100: 0x0323137bfd2a3fd5ea5b0014d7bbcd866bb03c0f","timestamp":"2026-08-06T03:01:46.390Z"}
{"level":"info","message":"[Analyzer] Processing 29/100: 0x1bcc5bcb3c15449877b18ff0680ad96997addd49","timestamp":"2026-08-06T03:01:46.390Z"}
{"level":"info","message":"[Analyzer] Processing 30/100: 0x8dba75cecc803d9a3a8d8db6229f9cdbd90bffe4","timestamp":"2026-08-06T03:01:46.391Z"}
{"level":"info","message":"[Analyzer] Processing 31/100: 0x6047b384d58dc7f8f6fef85d75754e6928f06484","timestamp":"2026-08-06T03:01:46.391Z"}
{"level":"info","message":"[Analyzer] Processing 32/100: 0x334a821c2b5fd0714e0df7a9fda993569c309556","timestamp":"2026-08-06T03:01:46.391Z"}
{"level":"info","message":"[Analyzer] Processing 33/100: 0x1789a619e3f7aaaa3c5f1dd043eb034e7519d5a2","timestamp":"2026-08-06T03:01:46.391Z"}
{"level":"info","message":"[Analyzer] Processing 34/100: 0xd14c9a5467658c75770b2959a0529056661a1117","timestamp":"2026-08-06T03:01:46.391Z"}
{"level":"info","message":"[Analyzer] Processing 35/100: 0x1290dace10459f371aaf38667a9706b929916c6e","timestamp":"2026-08-06T03:01:46.392Z"}
{"level":"info","message":"[Analyzer] Processing 36/100: 0x3bb8531e1a62877564ab5270ad4fe2def419c5cb","timestamp":"2026-08-06T03:01:46.392Z"}
{"level":"info","message":"[Analyzer] Processing 37/100: 0x3b32b9beb62de78005190ca134771066e8187aa9","timestamp":"2026-08-06T03:01:46.392Z"}
{"level":"info","message":"[Analyzer] Processing 38/100: 0x682f69626b36dd7cc45851d484ac7460b5961531","timestamp":"2026-08-06T03:01:46.392Z"}
{"level":"info","message":"[Analyzer] Processing 39/100: 0x5ad60eb321a630bdd2aed5806ad82224c5913184","timestamp":"2026-08-06T03:01:46.392Z"}
{"level":"info","message":"[Analyzer] Processing 40/100: 0xbdf6a4438f0ebbe7946967a459bebd7fb0e3f8c4","timestamp":"2026-08-06T03:01:46.393Z"}
{"level":"info","message":"[Analyzer] Processing 41/100: 0x455d1e5724dc0d77591488b22c1ab2da5cf39568","timestamp":"2026-08-06T03:01:46.393Z"}
{"level":"info","message":"[Analyzer] Processing 42/100: 0x1bafc757238bfc62f94d3ba4d4b415dc9ea96591","timestamp":"2026-08-06T03:01:46.393Z"}
{"level":"info","message":"[Analyzer] Processing 43/100: 0xb32b84494df2b99cae50683a4273cce4a21429bf","timestamp":"2026-08-06T03:01:46.393Z"}
{"level":"info","message":"[Analyzer] Processing 44/100: 0xb597fbcff946c44f794d9b3059090cc90f53eb7a","timestamp":"2026-08-06T03:01:46.393Z"}
{"level":"info","message":"[Analyzer] Processing 45/100: 0xb0dfeb0db8d6c6200516f63dc6895b437f095e95","timestamp":"2026-08-06T03:01:46.394Z"}
{"level":"info","message":"[Analyzer] Processing 46/100: 0xeb0cedfc8032e37c5105078f0e81e7ff42134f52","timestamp":"2026-08-06T03:01:46.395Z"}
{"level":"info","message":"[Analyzer] Processing 47/100: 0x47b219bc70ae3912e672444a62f8748733ade270","timestamp":"2026-08-06T03:01:46.396Z"}
{"level":"info","message":"[Analyzer] Processing 48/100: 0xb32202691afeeef1fc53c009bb2cbd9fe5b093f1","timestamp":"2026-08-06T03:01:46.396Z"}
{"level":"info","message":"[Analyzer] Processing 49/100: 0xab9b2d4828fff970295f91d586e7123854c49de6","timestamp":"2026-08-06T03:01:46.399Z"}
{"level":"info","message":"[Analyzer] Processing 50/100: 0x81df1f38127f16ca590a96672e626b7bd9725976","timestamp":"2026-08-06T03:01:46.400Z"}
{"level":"info","message":"[Analyzer] Processing 51/100: 0x850a39e93fbb541e5deb818f11e8aaa30b81dfa3","timestamp":"2026-08-06T03:01:46.402Z"}
{"level":"info","message":"[Analyzer] Processing 52/100: 0x8c36c3d187f47e18ab9acdf992d719e75a6e5f83","timestamp":"2026-08-06T03:01:46.402Z"}
{"level":"info","message":"[Analyzer] Processing 53/100: 0x18f52042c98c10522447aa9b5ba77b7bb846c1bf","timestamp":"2026-08-06T03:01:46.402Z"}
{"level":"info","message":"[Analyzer] Processing 54/100: 0xb38e0a270ec194323b7b88d73d0a0cefad261d03","timestamp":"2026-08-06T03:01:46.403Z"}
{"level":"info","message":"[Analyzer] Processing 55/100: 0xec2e5ef59d4d130bfc551bf3099d93afd9ddc9bc","timestamp":"2026-08-06T03:01:46.403Z"}
{"level":"info","message":"[Analyzer] Processing 56/100: 0x1f1c9a1b84d3a82d582e1a0b558de0542f365a8e","timestamp":"2026-08-06T03:01:46.403Z"}
{"level":"info","message":"[Analyzer] Processing 57/100: 0x6ad37158e6ea2fe012b856ca24de315ef38f2288","timestamp":"2026-08-06T03:01:46.404Z"}
{"level":"info","message":"[Analyzer] Processing 58/100: 0xf869467be88acb124e9f1bd4548c4818d653953b","timestamp":"2026-08-06T03:01:46.404Z"}
{"level":"info","message":"[Analyzer] Processing 59/100: 0x42f400c09c95e8279f902b0b6d70b62ca6558436","timestamp":"2026-08-06T03:01:46.404Z"}
{"level":"info","message":"[Analyzer] Processing 60/100: 0x37eeedb3adc25a4d75a59debf3654b35e7b9ba44","timestamp":"2026-08-06T03:01:46.404Z"}
{"level":"info","message":"[Analyzer] Processing 61/100: 0x1e38f90365e91a0fe6a40d6d3ba3c9a6869eb2e1","timestamp":"2026-08-06T03:01:46.404Z"}
{"level":"info","message":"[Analyzer] Processing 62/100: 0xf45da9159cd7ef992e3ccc1fe124c05dc99512c6","timestamp":"2026-08-06T03:01:46.405Z"}
{"level":"info","message":"[Analyzer] Processing 63/100: 0x3a45dc67772e05b4ed78a595b071aa63233067ea","timestamp":"2026-08-06T03:01:46.405Z"}
{"level":"info","message":"[Analyzer] Processing 64/100: 0x5e5ab795e5474e4223b7697c6193fbbf98f260cb","timestamp":"2026-08-06T03:01:46.405Z"}
{"level":"info","message":"[Analyzer] Processing 65/100: 0xa3e55dcab3e47299e070f592a14da7212e443ab2","timestamp":"2026-08-06T03:01:46.405Z"}
{"level":"info","message":"[Analyzer] Processing 66/100: 0xb0fdb6910f6ddb2ac88596ff7500e58a9b88809d","timestamp":"2026-08-06T03:01:46.406Z"}
{"level":"info","message":"[Analyzer] Processing 67/100: 0xd0823ad8082ce9ead0c775b93875f38f12215166","timestamp":"2026-08-06T03:01:46.406Z"}
{"level":"info","message":"[Analyzer] Processing 68/100: 0x496e6dda4f75e4c3606ac64a757dd5d2b40a2eaa","timestamp":"2026-08-06T03:01:46.406Z"}
{"level":"info","message":"[Analyzer] Processing 69/100: 0xa1cbea7293c2d25c2f0a87331e8178faed9f03e8","timestamp":"2026-08-06T03:01:46.406Z"}
{"level":"info","message":"[Analyzer] Processing 70/100: 0xba77e656e191898b61ec962bdd362a1ca162c35d","timestamp":"2026-08-06T03:01:46.406Z"}
{"level":"info","message":"[Analyzer] Processing 71/100: 0x25716fb10298638ed386a5a5dd2e9233d213f442","timestamp":"2026-08-06T03:01:46.407Z"}
{"level":"info","message":"[Analyzer] Processing 72/100: 0xcab2bc38f41b2b308c4d90b2607da80fd6a5dc50","timestamp":"2026-08-06T03:01:46.407Z"}
{"level":"info","message":"[Analyzer] Processing 73/100: 0x615e395a13078a7dd9038d27e2fa62ddd55e1305","timestamp":"2026-08-06T03:01:46.407Z"}
{"level":"info","message":"[Analyzer] Processing 74/100: 0xc2daabf4eb591f2d90354e3b02253cc616d4199d","timestamp":"2026-08-06T03:01:46.408Z"}
{"level":"info","message":"[Analyzer] Processing 75/100: 0xb6da05482f9475f5ae03ed833537d5bcf6010bce","timestamp":"2026-08-06T03:01:46.409Z"}
{"level":"info","message":"[Analyzer] Processing 76/100: 0x9ca0eea3bbad89e9a129a786687a036d584ce726","timestamp":"2026-08-06T03:01:46.409Z"}
{"level":"info","message":"[Analyzer] Processing 77/100: 0x93a6f14b890560efd055b1c31b3716f188ded63e","timestamp":"2026-08-06T03:01:46.409Z"}
{"level":"info","message":"[Analyzer] Processing 78/100: 0xccc7fd0a6164a0a8aea679897095c59e6fa5dd7d","timestamp":"2026-08-06T03:01:46.409Z"}
{"level":"info","message":"[Analyzer] Processing 79/100: 0x9bcd0c536c7992845ac008870a6c7d4ec917b371","timestamp":"2026-08-06T03:01:46.410Z"}
{"level":"info","message":"[Analyzer] Processing 80/100: 0xa4c9c4184bae86e56ac05ad26868cd687aea9636","timestamp":"2026-08-06T03:01:46.410Z"}
{"level":"info","message":"[Analyzer] Processing 81/100: 0x0afe0933a2ff51e96ef711df09b5b68becfe46cd","timestamp":"2026-08-06T03:01:46.410Z"}
{"level":"info","message":"[Analyzer] Processing 82/100: 0xcfa655b5162ee631063b629b72f992b65b797228","timestamp":"2026-08-06T03:01:46.411Z"}
{"level":"info","message":"[Analyzer] Processing 83/100: 0x495b995174d78f29165c68df148cf4e59a742e3b","timestamp":"2026-08-06T03:01:46.411Z"}
{"level":"info","message":"[Analyzer] Processing 84/100: 0x2ca46b8f99baa054cb02f0df30fd5201cf744fba","timestamp":"2026-08-06T03:01:46.411Z"}
{"level":"info","message":"[Analyzer] Processing 85/100: 0xe27f62e4180ce562e76f6755c7edbc373109307d","timestamp":"2026-08-06T03:01:46.412Z"}
{"level":"info","message":"[Analyzer] Processing 86/100: 0xbc62774614adbcfd764eac743478b547a85d5cd0","timestamp":"2026-08-06T03:01:46.412Z"}
{"level":"info","message":"[Analyzer] Processing 87/100: 0x4c84e8d08328315c222061e6083c3bdf41ad94f7","timestamp":"2026-08-06T03:01:46.413Z"}
{"level":"info","message":"[Analyzer] Processing 88/100: 0x4c84e8d08328315c222061e6083c3bdf41ad94f7","timestamp":"2026-08-06T03:01:46.413Z"}
{"level":"info","message":"[Analyzer] Processing 89/100: 0x021bc771055cc3a8a369b6bbb568e1d166ffbae4","timestamp":"2026-08-06T03:01:46.414Z"}
{"level":"info","message":"[Analyzer] Processing 90/100: 0x584c5891165fcef14584088b88a2563c9972ec0b","timestamp":"2026-08-06T03:01:46.415Z"}
{"level":"info","message":"[Analyzer] Processing 91/100: 0x77f5cadd953990a41111a5e352459f5987150916","timestamp":"2026-08-06T03:01:46.415Z"}
{"level":"info","message":"[Analyzer] Processing 92/100: 0xca3d2e1bbf5a4a994edd49e73cc57b903996e9b3","timestamp":"2026-08-06T03:01:46.415Z"}
{"level":"info","message":"[Analyzer] Processing 93/100: 0x7f9696e394ffb178008f918e95b5ef16cf78860a","timestamp":"2026-08-06T03:01:46.416Z"}
{"level":"info","message":"[Analyzer] Processing 94/100: 0x9b7ccb8fb1a1024ac28543b9c9580c6507f5d89d","timestamp":"2026-08-06T03:01:46.416Z"}
{"level":"info","message":"[Analyzer] Processing 95/100: 0x123180dfbd159d02763c0945cb1f416753a10ef8","timestamp":"2026-08-06T03:01:46.417Z"}
{"level":"info","message":"[Analyzer] Processing 96/100: 0x8d060e0f1793f001732b5d4f9246798ef7ffcb0f","timestamp":"2026-08-06T03:01:46.417Z"}
{"level":"info","message":"[Analyzer] Processing 97/100: 0xc68191d4d5ea55d3299c71107be135ac8b278f0a","timestamp":"2026-08-06T03:01:46.418Z"}
{"level":"info","message":"[Analyzer] Processing 98/100: 0x893d8f17ce09db88615a0c29bfaa9afba90d7c90","timestamp":"2026-08-06T03:01:46.418Z"}
{"level":"info","message":"[Analyzer] Processing 99/100: 0x989c383708053d082a74aef4f27e24b3803e6072","timestamp":"2026-08-06T03:01:46.418Z"}
{"level":"info","message":"[Analyzer] Processing 100/100: 0xaba693c3b8e363cb1e866fe1654cb5bd945bb07d","timestamp":"2026-08-06T03:01:46.419Z"}
{"level":"info","message":"Page 18: +77 human targets | 23 bots filtered","timestamp":"2026-08-06T03:02:00.077Z"}
{"level":"info","message":"Page 18: Deleted 917 transfer records for 98 evaluated senders","timestamp":"2026-08-06T03:02:00.686Z"}
{"level":"info","message":"Fetched 100 raw pairs (page 19). Running Stage 1 + Stage 2 checks...","timestamp":"2026-08-06T03:02:05.966Z"}
{"level":"info","message":"[Analyzer] Processing 1/100: 0x89e5f93dc19f459f6b34a9dcdb9173a50e9d9183","timestamp":"2026-08-06T03:02:05.966Z"}
{"level":"info","message":"[Analyzer] Processing 2/100: 0x1e94710110658fdf8d53912f5831204de033ac00","timestamp":"2026-08-06T03:02:05.967Z"}
{"level":"info","message":"[Analyzer] Processing 3/100: 0x51dc092f3d8d97da3fcb17843409a833bcc8b3a9","timestamp":"2026-08-06T03:02:05.968Z"}
{"level":"info","message":"[Analyzer] Processing 4/100: 0x5269d4a7b870672820796ff0c1e88de9074982be","timestamp":"2026-08-06T03:02:05.969Z"}
{"level":"info","message":"[Analyzer] Processing 5/100: 0x7e022a3acc8748c9b84553e1850ca83f162e942a","timestamp":"2026-08-06T03:02:05.969Z"}
{"level":"info","message":"[Analyzer] Processing 6/100: 0x7598217f8a6e7a3bdccac788bce92f29282f6904","timestamp":"2026-08-06T03:02:05.970Z"}
{"level":"info","message":"[Analyzer] Processing 7/100: 0x5e3b28ca454a00159c0780435fef1189a7136ea0","timestamp":"2026-08-06T03:02:05.971Z"}
{"level":"info","message":"[Analyzer] Processing 8/100: 0x1ecb6d03b5dda3696f40643c3099cd172dfc1c87","timestamp":"2026-08-06T03:02:05.971Z"}
{"level":"info","message":"[Analyzer] Processing 9/100: 0x38fa7f8e876ca29b5a6cd0fa04df7f534a89d137","timestamp":"2026-08-06T03:02:05.972Z"}
{"level":"info","message":"[Analyzer] Processing 10/100: 0x505ac6bdccbd4ba53eab7dfe4b76dbcb3e125e6a","timestamp":"2026-08-06T03:02:05.974Z"}
{"level":"info","message":"[Analyzer] Processing 11/100: 0x5dfcef60836b8d60b73d90c333e5c20820e94561","timestamp":"2026-08-06T03:02:05.975Z"}
{"level":"info","message":"[Analyzer] Processing 12/100: 0x25e3f45415de1f3bfed6a0eb65f633b4c8edea45","timestamp":"2026-08-06T03:02:05.976Z"}
{"level":"info","message":"[Analyzer] Processing 13/100: 0x08792e83150eaabf0caaa537db103f0df1e89c95","timestamp":"2026-08-06T03:02:05.977Z"}
{"level":"info","message":"[Analyzer] Processing 14/100: 0xd029ad3a3003e9cf5b4e4c36e1132eca8a90396e","timestamp":"2026-08-06T03:02:05.978Z"}
{"level":"info","message":"[Analyzer] Processing 15/100: 0xdebb53944512fae784f29268faaf31cc2b97b0f7","timestamp":"2026-08-06T03:02:05.978Z"}
{"level":"info","message":"[Analyzer] Processing 16/100: 0x4d1eaf6b4206fde57e88a6292d8abdd3c976766c","timestamp":"2026-08-06T03:02:05.979Z"}
{"level":"info","message":"[Analyzer] Processing 17/100: 0x9af105fc9ed71b5102e5ffa3557386f01d8eaf8b","timestamp":"2026-08-06T03:02:05.980Z"}
{"level":"info","message":"[Analyzer] Processing 18/100: 0xfd2fc25981322430cd31524e883dfe8ed8c2a49f","timestamp":"2026-08-06T03:02:05.980Z"}
{"level":"info","message":"[Analyzer] Processing 19/100: 0x37564a8ff58160dfb491040eb0446fc7553b9ac3","timestamp":"2026-08-06T03:02:05.982Z"}
{"level":"info","message":"[Analyzer] Processing 20/100: 0x48b1a8f92e403bc9dc7500b9cbcc4cadf35c7ac0","timestamp":"2026-08-06T03:02:05.982Z"}
{"level":"info","message":"[Analyzer] Processing 21/100: 0xa048a696351ba16fb9b5ff2541adf6f0f9d2e660","timestamp":"2026-08-06T03:02:05.983Z"}
{"level":"info","message":"[Analyzer] Processing 22/100: 0x42aca58f976670abbc47dc0bfe41de85f51c5300","timestamp":"2026-08-06T03:02:05.983Z"}
{"level":"info","message":"[Analyzer] Processing 23/100: 0xd292a4e9aaa967009153b5f0d865f6171003872f","timestamp":"2026-08-06T03:02:05.983Z"}
{"level":"info","message":"[Analyzer] Processing 24/100: 0x66d31cc12d6472ec643e3a58189f97000d920c22","timestamp":"2026-08-06T03:02:05.984Z"}
{"level":"info","message":"[Analyzer] Processing 25/100: 0xd96f3160ef580ce234341395247542098c891280","timestamp":"2026-08-06T03:02:05.984Z"}
{"level":"info","message":"[Analyzer] Processing 26/100: 0x8ae3d8caab2306ead84c0a33ee598c9959d1a9c3","timestamp":"2026-08-06T03:02:05.985Z"}
{"level":"info","message":"[Analyzer] Processing 27/100: 0x07e2ac2a06377944b83802d294cae5928e719faa","timestamp":"2026-08-06T03:02:05.985Z"}
{"level":"info","message":"[Analyzer] Processing 28/100: 0x3666f4b0d036eb7d2e01dfcfaaaa069fc9c60fa8","timestamp":"2026-08-06T03:02:05.985Z"}
{"level":"info","message":"[Analyzer] Processing 29/100: 0x0162743adb047df21f5999aea1125a2f83e25ba0","timestamp":"2026-08-06T03:02:05.986Z"}
{"level":"info","message":"[Analyzer] Processing 30/100: 0x15dd7235c3a41ec3ba38b104913dd3adfe206fb2","timestamp":"2026-08-06T03:02:05.986Z"}
{"level":"info","message":"[Analyzer] Processing 31/100: 0xa49772b9c585b8fe2735f3133154379610ae16ed","timestamp":"2026-08-06T03:02:05.986Z"}
{"level":"info","message":"[Analyzer] Processing 32/100: 0x355b7a2a04ff5160e996a0e553bca57aaf8bb6a4","timestamp":"2026-08-06T03:02:05.988Z"}
{"level":"info","message":"[Analyzer] Processing 33/100: 0x9426d397969e17c5bd242962f41648fd9692d516","timestamp":"2026-08-06T03:02:05.989Z"}
{"level":"info","message":"[Analyzer] Processing 34/100: 0x4130e68f7f8c107491d97d068c632df451e13d7a","timestamp":"2026-08-06T03:02:05.989Z"}
{"level":"info","message":"[Analyzer] Processing 35/100: 0x4c57c816043d964996606676720ac3a7ba252f0d","timestamp":"2026-08-06T03:02:05.990Z"}
{"level":"info","message":"[Analyzer] Processing 36/100: 0x9ec8b48917acd02017fdc919ee703ea985e3642a","timestamp":"2026-08-06T03:02:05.990Z"}
{"level":"info","message":"[Analyzer] Processing 37/100: 0x9435dc6e97e05e71dfe0bb52e3abddfcb1db7ec9","timestamp":"2026-08-06T03:02:05.990Z"}
{"level":"info","message":"[Analyzer] Processing 38/100: 0x9ef319bdcdfcf51b7091e2aa407acfb125ad716b","timestamp":"2026-08-06T03:02:05.991Z"}
{"level":"info","message":"[Analyzer] Processing 39/100: 0xb393bd3ad2813a43fa57aa009425770b5814d96e","timestamp":"2026-08-06T03:02:05.991Z"}
{"level":"info","message":"[Analyzer] Processing 40/100: 0x8760a264be3928d40deb509c838fa64dc107d4d5","timestamp":"2026-08-06T03:02:05.991Z"}
{"level":"info","message":"[Analyzer] Processing 41/100: 0x61e8d9b814ecb636615feba10542dd98b4c81a6a","timestamp":"2026-08-06T03:02:05.992Z"}
{"level":"info","message":"[Analyzer] Processing 42/100: 0x89ae76620e1f6789c7da5a98c28bea6eee6c3951","timestamp":"2026-08-06T03:02:05.992Z"}
{"level":"info","message":"[Analyzer] Processing 43/100: 0x117b6eb648a4d11233fe5342f0c1edf668e180f3","timestamp":"2026-08-06T03:02:05.992Z"}
{"level":"info","message":"[Analyzer] Processing 44/100: 0xbe833dbda057de49e2a802c60b1521304e9b9206","timestamp":"2026-08-06T03:02:05.993Z"}
{"level":"info","message":"[Analyzer] Processing 45/100: 0xbe833dbda057de49e2a802c60b1521304e9b9206","timestamp":"2026-08-06T03:02:05.997Z"}
{"level":"info","message":"[Analyzer] Processing 46/100: 0x30635319b0bfb50e0535c802db9e54a3da901ce5","timestamp":"2026-08-06T03:02:05.997Z"}
{"level":"info","message":"[Analyzer] Processing 47/100: 0x61be185ab51492f4d4726164f5fe36a6bf8383f7","timestamp":"2026-08-06T03:02:05.998Z"}
{"level":"info","message":"[Analyzer] Processing 48/100: 0x111ed28cf08661dccaf3a78ff58f35545950cd60","timestamp":"2026-08-06T03:02:05.998Z"}
{"level":"info","message":"[Analyzer] Processing 49/100: 0xb3f48361aada48072a6dd02d162b25191ed41bc6","timestamp":"2026-08-06T03:02:06.000Z"}
{"level":"info","message":"[Analyzer] Processing 50/100: 0xab1d1ca4882695385b269626c978a36cefb40b25","timestamp":"2026-08-06T03:02:06.000Z"}
{"level":"info","message":"[Analyzer] Processing 51/100: 0x43988f45a9e570cdbc6bb9d30fd0d5da34945c77","timestamp":"2026-08-06T03:02:06.001Z"}
{"level":"info","message":"[Analyzer] Processing 52/100: 0x611171cc5a817ec54fdf559fa65c79f094663110","timestamp":"2026-08-06T03:02:06.001Z"}
{"level":"info","message":"[Analyzer] Processing 53/100: 0x428a37ae032eb22030c9a4ee34382ea54cf3f055","timestamp":"2026-08-06T03:02:06.001Z"}
{"level":"info","message":"[Analyzer] Processing 54/100: 0x1bdd608801693ba548c555d87682d1226689f711","timestamp":"2026-08-06T03:02:06.001Z"}
{"level":"info","message":"[Analyzer] Processing 55/100: 0x8764439ebda9e6f88bbf88946b3f9654ff7a41fb","timestamp":"2026-08-06T03:02:06.002Z"}
{"level":"info","message":"[Analyzer] Processing 56/100: 0x82a809bf87deb246bf84ad87f20620a6bed08977","timestamp":"2026-08-06T03:02:06.002Z"}
{"level":"info","message":"[Analyzer] Processing 57/100: 0xd4a46106ad8acf6600161ac5ca2d40f6cbff513c","timestamp":"2026-08-06T03:02:06.002Z"}
{"level":"info","message":"[Analyzer] Processing 58/100: 0xe1066ffcb6951bed71c1870c62b3759270510be5","timestamp":"2026-08-06T03:02:06.002Z"}
{"level":"info","message":"[Analyzer] Processing 59/100: 0xf86b28eb1242d45e4824be9c456702a3505db40f","timestamp":"2026-08-06T03:02:06.003Z"}
{"level":"info","message":"[Analyzer] Processing 60/100: 0x280ff4b6f796d0d1b21376ebd4c2bb32e70c9fa7","timestamp":"2026-08-06T03:02:06.003Z"}
{"level":"info","message":"[Analyzer] Processing 61/100: 0xe361bd8c8ee598c653abe9b1af08b8c8100d981e","timestamp":"2026-08-06T03:02:06.003Z"}
{"level":"info","message":"[Analyzer] Processing 62/100: 0xd9581a4320b1abd962923e21023fa2de1058df46","timestamp":"2026-08-06T03:02:06.004Z"}
{"level":"info","message":"[Analyzer] Processing 63/100: 0xc00aba92f3e303da516220b406d5910766876b80","timestamp":"2026-08-06T03:02:06.004Z"}
{"level":"info","message":"[Analyzer] Processing 64/100: 0xceb48496891cba53a95935ff2482d6c59607d1b9","timestamp":"2026-08-06T03:02:06.004Z"}
{"level":"info","message":"[Analyzer] Processing 65/100: 0xf9a845ab5c4f3a922bad0a3d0ae468eab9ea166b","timestamp":"2026-08-06T03:02:06.004Z"}
{"level":"info","message":"[Analyzer] Processing 66/100: 0xc6f0f6e69b07db21ae188f10ba4d71de234c14cc","timestamp":"2026-08-06T03:02:06.005Z"}
{"level":"info","message":"[Analyzer] Processing 67/100: 0x0954d2702f34874258c4caff734955292f291944","timestamp":"2026-08-06T03:02:06.006Z"}
{"level":"info","message":"[Analyzer] Processing 68/100: 0x50c7388a71d112dff8a12bfaa19a36ce3e8fc7ec","timestamp":"2026-08-06T03:02:06.006Z"}
{"level":"info","message":"[Analyzer] Processing 69/100: 0xaea4a02c9fec136813de6925d420c3860ba500e3","timestamp":"2026-08-06T03:02:06.006Z"}
{"level":"info","message":"[Analyzer] Processing 70/100: 0x9686a868d0900d8dd40e415c7fa54f00bcea0ba6","timestamp":"2026-08-06T03:02:06.007Z"}
{"level":"info","message":"[Analyzer] Processing 71/100: 0xa4f0e45b83022aade8a1c7d086c93c28f616d5a8","timestamp":"2026-08-06T03:02:06.007Z"}
{"level":"info","message":"[Analyzer] Processing 72/100: 0x4b387e18cfbffd62c261ceb1e468d55623e2711b","timestamp":"2026-08-06T03:02:06.007Z"}
{"level":"info","message":"[Analyzer] Processing 73/100: 0x285e56fac306d3b9228bca281d3b3836c914c5ec","timestamp":"2026-08-06T03:02:06.007Z"}
{"level":"info","message":"[Analyzer] Processing 74/100: 0xad64d425f37a73428106d250626ee17d49e17e3d","timestamp":"2026-08-06T03:02:06.007Z"}
{"level":"info","message":"[Analyzer] Processing 75/100: 0xad746d29633fadba5cfea29682b65eb9fc1a85df","timestamp":"2026-08-06T03:02:06.008Z"}
{"level":"info","message":"[Analyzer] Processing 76/100: 0x8f4e45b2c2fcb4bbcee53c932fd937797e86587a","timestamp":"2026-08-06T03:02:06.008Z"}
{"level":"info","message":"[Analyzer] Processing 77/100: 0xbb833a215730f7c2226dcce746b206fbcef39c99","timestamp":"2026-08-06T03:02:06.008Z"}
{"level":"info","message":"[Analyzer] Processing 78/100: 0x360a5936b6ea459231c3f62f1a6d781390cc13ed","timestamp":"2026-08-06T03:02:06.008Z"}
{"level":"info","message":"[Analyzer] Processing 79/100: 0x2e5c2d77071f165ca1db3b553eb2da97fb11460c","timestamp":"2026-08-06T03:02:06.009Z"}
{"level":"info","message":"[Analyzer] Processing 80/100: 0xbc41acbaf1c69803eaf8e5f6b14be0f466e6b0fe","timestamp":"2026-08-06T03:02:06.009Z"}
{"level":"info","message":"[Analyzer] Processing 81/100: 0x463eb4c2771add2b01a63f9890ad6ba4a208f0ac","timestamp":"2026-08-06T03:02:06.009Z"}
{"level":"info","message":"[Analyzer] Processing 82/100: 0x40b212e25cb24adc2fccb2e6e1c0ed711847766d","timestamp":"2026-08-06T03:02:06.009Z"}
{"level":"info","message":"[Analyzer] Processing 83/100: 0x9353a01c9c797c07315492ca47af9bd0b962aff7","timestamp":"2026-08-06T03:02:06.009Z"}
{"level":"info","message":"[Analyzer] Processing 84/100: 0xc12e4fdd5135d4c1d85ca6549656996e3f26a889","timestamp":"2026-08-06T03:02:06.010Z"}
{"level":"info","message":"[Analyzer] Processing 85/100: 0x1ca85f03911000e6f56b64e2ee153449832b93e0","timestamp":"2026-08-06T03:02:06.010Z"}
{"level":"info","message":"[Analyzer] Processing 86/100: 0xe66a089d6ce9500ed03be0287e0496f175fd4c22","timestamp":"2026-08-06T03:02:06.010Z"}
{"level":"info","message":"[Analyzer] Processing 87/100: 0xf29005e939777919f8384014daabd1a52b8c3e1d","timestamp":"2026-08-06T03:02:06.010Z"}
{"level":"info","message":"[Analyzer] Processing 88/100: 0x8640e349ac7259a9d59f828226af56240332bf9f","timestamp":"2026-08-06T03:02:06.012Z"}
{"level":"info","message":"[Analyzer] Processing 89/100: 0x26a6c1c0fc718cb8f751dded20d2570cc3368588","timestamp":"2026-08-06T03:02:06.012Z"}
{"level":"info","message":"[Analyzer] Processing 90/100: 0xbf651b4cd562a5f0e68ce4eada38789e5ab13fe0","timestamp":"2026-08-06T03:02:06.012Z"}
{"level":"info","message":"[Analyzer] Processing 91/100: 0x9491d29b08f5c89ddd48d741d932b42e3f8294db","timestamp":"2026-08-06T03:02:06.013Z"}
{"level":"info","message":"[Analyzer] Processing 92/100: 0x6dad5f3f21b40e302107ac2bace77d9984e305ca","timestamp":"2026-08-06T03:02:06.013Z"}
{"level":"info","message":"[Analyzer] Processing 93/100: 0xed174a22343ac09e86843e213194c644e8879a6e","timestamp":"2026-08-06T03:02:06.014Z"}
{"level":"info","message":"[Analyzer] Processing 94/100: 0x6609877c719cc79f357653ac11df97a2da754dd8","timestamp":"2026-08-06T03:02:06.014Z"}
{"level":"info","message":"[Analyzer] Processing 95/100: 0xc6acb31e4ca908a32d1bc76827ca23c238be2b53","timestamp":"2026-08-06T03:02:06.014Z"}
{"level":"info","message":"[Analyzer] Processing 96/100: 0xfee743503ac0370b27db655058519eccf052f7cd","timestamp":"2026-08-06T03:02:06.015Z"}
{"level":"info","message":"[Analyzer] Processing 97/100: 0x91db97100c8eae7750c7c2a6da375dffee28e6bb","timestamp":"2026-08-06T03:02:06.015Z"}
{"level":"info","message":"[Analyzer] Processing 98/100: 0xae776803dc67b0b7d24914b9f8c237e5f3d22a36","timestamp":"2026-08-06T03:02:06.015Z"}
{"level":"info","message":"[Analyzer] Processing 99/100: 0x30de8ddf272b1dc5eb9d1277f9c925a409cb3bcf","timestamp":"2026-08-06T03:02:06.016Z"}
{"level":"info","message":"[Analyzer] Processing 100/100: 0x32637927320ed532c1c9603b6a993e699890cde2","timestamp":"2026-08-06T03:02:06.016Z"}
{"level":"info","message":"Page 19: +79 human targets | 21 bots filtered","timestamp":"2026-08-06T03:02:23.223Z"}
{"level":"info","message":"Page 19: Deleted 986 transfer records for 99 evaluated senders","timestamp":"2026-08-06T03:02:23.873Z"}
{"level":"info","message":"Fetched 100 raw pairs (page 20). Running Stage 1 + Stage 2 checks...","timestamp":"2026-08-06T03:02:27.036Z"}
{"level":"info","message":"[Analyzer] Processing 1/100: 0xff7c0b492186a221292434c0f06034856089e8d6","timestamp":"2026-08-06T03:02:27.037Z"}
{"level":"info","message":"[Analyzer] Processing 2/100: 0xc1a72def20bedbf0412e73bcdccdab4372c14bdd","timestamp":"2026-08-06T03:02:27.037Z"}
{"level":"info","message":"[Analyzer] Processing 3/100: 0x0b4220297ad819a119fa55c9b00923af8bcf3204","timestamp":"2026-08-06T03:02:27.037Z"}
{"level":"info","message":"[Analyzer] Processing 4/100: 0x6f9e2a9514d13505f664ef58f04a184bec071cd6","timestamp":"2026-08-06T03:02:27.038Z"}
{"level":"info","message":"[Analyzer] Processing 5/100: 0x2dd0290a6eef20375061ebd37723af6aaa2a4f93","timestamp":"2026-08-06T03:02:27.038Z"}
{"level":"info","message":"[Analyzer] Processing 6/100: 0x28db54d9cfed757c64443511277b1c0f0ff82cc5","timestamp":"2026-08-06T03:02:27.038Z"}
{"level":"info","message":"[Analyzer] Processing 7/100: 0xf30a86c05853b548fd0505243d72d91a89a7348b","timestamp":"2026-08-06T03:02:27.038Z"}
{"level":"info","message":"[Analyzer] Processing 8/100: 0x7c80e6d4b0e15cd3c3324309e80844056f3adc64","timestamp":"2026-08-06T03:02:27.039Z"}
{"level":"info","message":"[Analyzer] Processing 9/100: 0xadacd182de7d98ebb4513e96b12225b609f80a18","timestamp":"2026-08-06T03:02:27.039Z"}
{"level":"info","message":"[Analyzer] Processing 10/100: 0xc0872d5a592c502da57d9b0b5ccb14e7f11720da","timestamp":"2026-08-06T03:02:27.039Z"}
{"level":"info","message":"[Analyzer] Processing 11/100: 0xfa849a6300af940cd28daabf9e43c5fac463a0eb","timestamp":"2026-08-06T03:02:27.039Z"}
{"level":"info","message":"[Analyzer] Processing 12/100: 0x6375409605ba738f9f188cde88749d7d73e5f647","timestamp":"2026-08-06T03:02:27.040Z"}
{"level":"info","message":"[Analyzer] Processing 13/100: 0xfb69c96a9980688ca04c9d0a76d68507e67c91b2","timestamp":"2026-08-06T03:02:27.040Z"}
{"level":"info","message":"[Analyzer] Processing 14/100: 0x2271919c522b5f66cbc8269f02df3f0e21919447","timestamp":"2026-08-06T03:02:27.040Z"}
{"level":"info","message":"[Analyzer] Processing 15/100: 0x549b08989c3f83e45eb40481b4e52437d4872372","timestamp":"2026-08-06T03:02:27.040Z"}
{"level":"info","message":"[Analyzer] Processing 16/100: 0xa2f682d86638fa0443ed5b1ca7bc5506e989e5fa","timestamp":"2026-08-06T03:02:27.041Z"}
{"level":"info","message":"[Analyzer] Processing 17/100: 0x4b5f33be3b52ceae82805d0042d012ea29b38eb3","timestamp":"2026-08-06T03:02:27.041Z"}
{"level":"info","message":"[Analyzer] Processing 18/100: 0xb578ca3117a99a2e62a465c434f87eeb6fc10af7","timestamp":"2026-08-06T03:02:27.041Z"}
{"level":"info","message":"[Analyzer] Processing 19/100: 0xc130c80642fdc3d57eb23239bf4a913fc78562e0","timestamp":"2026-08-06T03:02:27.041Z"}
{"level":"info","message":"[Analyzer] Processing 20/100: 0x8da2ccec8e681fbb35ac708465b449737ffd71ba","timestamp":"2026-08-06T03:02:27.042Z"}
{"level":"info","message":"[Analyzer] Processing 21/100: 0x17090e76ca2f4c34d1b1953c8778b0c9dbbd0504","timestamp":"2026-08-06T03:02:27.042Z"}
{"level":"info","message":"[Analyzer] Processing 22/100: 0x4de934b95f261ab246f1e77bc2212cbc9234bfa8","timestamp":"2026-08-06T03:02:27.042Z"}
{"level":"info","message":"[Analyzer] Processing 23/100: 0x1379c770088c40ac9a5bf25182f6286af47903f3","timestamp":"2026-08-06T03:02:27.048Z"}
{"level":"info","message":"[Analyzer] Processing 24/100: 0x2e47f35cf6bd30acec8e477321587032607abc98","timestamp":"2026-08-06T03:02:27.050Z"}
{"level":"info","message":"[Analyzer] Processing 25/100: 0xce526782782f706a0fd0b0a89c15b32632167860","timestamp":"2026-08-06T03:02:27.051Z"}
{"level":"info","message":"[Analyzer] Processing 26/100: 0xbbb36bdb6cd808dd4cfcc72e071798bde27e2486","timestamp":"2026-08-06T03:02:27.051Z"}
{"level":"info","message":"[Analyzer] Processing 27/100: 0xff0ab4f8794f2453e8d71c8a5e167705a8c5826c","timestamp":"2026-08-06T03:02:27.052Z"}
{"level":"info","message":"[Analyzer] Processing 28/100: 0x1a43b4111f1571e77c033ece02e9904f628e5b49","timestamp":"2026-08-06T03:02:27.053Z"}
{"level":"info","message":"[Analyzer] Processing 29/100: 0x000d114a578d9f0bcf3867a97df6d04bf90a242d","timestamp":"2026-08-06T03:02:27.054Z"}
{"level":"info","message":"[Analyzer] Processing 30/100: 0xb5cecd1d461c99ec498fb09d482f3bc54673a173","timestamp":"2026-08-06T03:02:27.054Z"}
{"level":"info","message":"[Analyzer] Processing 31/100: 0x9f3c11bfe8a7769e36ade322c25a7eff6a9ad792","timestamp":"2026-08-06T03:02:27.054Z"}
{"level":"info","message":"[Analyzer] Processing 32/100: 0xb522169de09f2087220bb14fe053de7e647ba74c","timestamp":"2026-08-06T03:02:27.055Z"}
{"level":"info","message":"[Analyzer] Processing 33/100: 0x1764cd57f5bc56e785e55cbeae809337fc2a88e6","timestamp":"2026-08-06T03:02:27.055Z"}
{"level":"info","message":"[Analyzer] Processing 34/100: 0x38d50e5cb0a935855b6af203dae2b42cbf85f134","timestamp":"2026-08-06T03:02:27.055Z"}
{"level":"info","message":"[Analyzer] Processing 35/100: 0x2fbe13054bc8db949a9f4042f5b34a91c3de77f3","timestamp":"2026-08-06T03:02:27.056Z"}
{"level":"info","message":"[Analyzer] Processing 36/100: 0x634631f45f7cb90eea1ee22164ffd7ac7aa391f4","timestamp":"2026-08-06T03:02:27.056Z"}
{"level":"info","message":"[Analyzer] Processing 37/100: 0x78f76c0ac2a3e0cdad110838c287521649684289","timestamp":"2026-08-06T03:02:27.056Z"}
{"level":"info","message":"[Analyzer] Processing 38/100: 0x6707cb4c4ed3bbf3d2e1a724a77b531cd3931124","timestamp":"2026-08-06T03:02:27.056Z"}
{"level":"info","message":"[Analyzer] Processing 39/100: 0xbf4c341ba7006e9104f01e9be113b9590f776d0f","timestamp":"2026-08-06T03:02:27.057Z"}
{"level":"info","message":"[Analyzer] Processing 40/100: 0x7542120923ea157be1d4d0f67b027cd2122e7b28","timestamp":"2026-08-06T03:02:27.057Z"}
{"level":"info","message":"[Analyzer] Processing 41/100: 0xb625ea36c6d710c980ca43156b908ed52c58ea71","timestamp":"2026-08-06T03:02:27.057Z"}
{"level":"info","message":"[Analyzer] Processing 42/100: 0x80640a1d648ff5468fb42dc5e956d7644ef3c7b7","timestamp":"2026-08-06T03:02:27.058Z"}
{"level":"info","message":"[Analyzer] Processing 43/100: 0xc3900596ce44f656232a86aa7df2664914c6a2f7","timestamp":"2026-08-06T03:02:27.058Z"}
{"level":"info","message":"[Analyzer] Processing 44/100: 0x7b57d73608270065f6a259f96f8eceed5c03b8df","timestamp":"2026-08-06T03:02:27.060Z"}
{"level":"info","message":"[Analyzer] Processing 45/100: 0xb5c46cce7446e94a6eee069e07a5176166431516","timestamp":"2026-08-06T03:02:27.062Z"}
{"level":"info","message":"[Analyzer] Processing 46/100: 0xc3de48d1f396079b07dc3b8a023b5c9a58dbcc70","timestamp":"2026-08-06T03:02:27.083Z"}
{"level":"info","message":"[Analyzer] Processing 47/100: 0xa97b855191fcac1c02b87ea55a1469056e81a871","timestamp":"2026-08-06T03:02:27.083Z"}
{"level":"info","message":"[Analyzer] Processing 48/100: 0xda95ba0813743c38b18da5c6b08eab2ef61d3362","timestamp":"2026-08-06T03:02:27.084Z"}
{"level":"info","message":"[Analyzer] Processing 49/100: 0x3a651e5d72c5ffea14a47af846eda2cca8b1ad0a","timestamp":"2026-08-06T03:02:27.084Z"}
{"level":"info","message":"[Analyzer] Processing 50/100: 0x7d520514932213ba53778f1cf43a4c495d21e082","timestamp":"2026-08-06T03:02:27.085Z"}
{"level":"info","message":"[Analyzer] Processing 51/100: 0x478b4201e45355a40574e1509cf7f4be1e699d78","timestamp":"2026-08-06T03:02:27.085Z"}
{"level":"info","message":"[Analyzer] Processing 52/100: 0x6462ca919df9f5bd8c9b243fe48bc606ade49e5e","timestamp":"2026-08-06T03:02:27.085Z"}
{"level":"info","message":"[Analyzer] Processing 53/100: 0x2f341081134d62f24d4f3a7ca36632d44a208c88","timestamp":"2026-08-06T03:02:27.087Z"}
{"level":"info","message":"[Analyzer] Processing 54/100: 0x86e2b06b5fa2ac78612e333c900da4d2c62ffaae","timestamp":"2026-08-06T03:02:27.090Z"}
{"level":"info","message":"[Analyzer] Processing 55/100: 0x4742d7c8875514f9eadbc5b91a95a2f9e09838f5","timestamp":"2026-08-06T03:02:27.090Z"}
{"level":"info","message":"[Analyzer] Processing 56/100: 0xa4e4efe5b050a782c6a2047ba9d260d7ef61f7bc","timestamp":"2026-08-06T03:02:27.091Z"}
{"level":"info","message":"[Analyzer] Processing 57/100: 0x164cba465bb229436fc1ef4dddad0c8f3f09013e","timestamp":"2026-08-06T03:02:27.091Z"}
{"level":"info","message":"[Analyzer] Processing 58/100: 0xc5ce507768f2f921f76e3eee3a24f085cd6a1fea","timestamp":"2026-08-06T03:02:27.091Z"}
{"level":"info","message":"[Analyzer] Processing 59/100: 0xb8db289ed9b635b67529c9ed5cf7c14d83258e07","timestamp":"2026-08-06T03:02:27.092Z"}
{"level":"info","message":"[Analyzer] Processing 60/100: 0x0bea20830af2fead71df0dcd8a78494b9a434d8d","timestamp":"2026-08-06T03:02:27.092Z"}
{"level":"info","message":"[Analyzer] Processing 61/100: 0x945b2ee95c23472c99d86b39fec8c25e844d7854","timestamp":"2026-08-06T03:02:27.093Z"}
{"level":"info","message":"[Analyzer] Processing 62/100: 0x2a63a2410e2ddc20ce35c0dd513bb026fb4830b1","timestamp":"2026-08-06T03:02:27.093Z"}
{"level":"info","message":"[Analyzer] Processing 63/100: 0xe1ad324434c29e5e53cbcaab7ee44ead6be7b587","timestamp":"2026-08-06T03:02:27.094Z"}
{"level":"info","message":"[Analyzer] Processing 64/100: 0x181c62f9d5d9c34f12eb061417fdde5958153eac","timestamp":"2026-08-06T03:02:27.094Z"}
{"level":"info","message":"[Analyzer] Processing 65/100: 0xe34b962c8e67b48338ab82154342a0af94f90043","timestamp":"2026-08-06T03:02:27.096Z"}
{"level":"info","message":"[Analyzer] Processing 66/100: 0xedcc758a8a6e51379e59bcc247a93debac01cc66","timestamp":"2026-08-06T03:02:27.097Z"}
{"level":"info","message":"[Analyzer] Processing 67/100: 0xebfb27ae257cbe6f7094e50dea5be7303eae948d","timestamp":"2026-08-06T03:02:27.099Z"}
{"level":"info","message":"[Analyzer] Processing 68/100: 0x430e408034654414ddefbad9463c79c8b037d465","timestamp":"2026-08-06T03:02:27.102Z"}
{"level":"info","message":"[Analyzer] Processing 69/100: 0x2c56d9420d3d8b6d9db5d5f95bc3c844a6019b6f","timestamp":"2026-08-06T03:02:27.104Z"}
{"level":"info","message":"[Analyzer] Processing 70/100: 0x35a018102247393ee61e2809a980ef85531c62e5","timestamp":"2026-08-06T03:02:27.106Z"}
{"level":"info","message":"[Analyzer] Processing 71/100: 0xa6294bbcf329bdbc483c9126850e2b7025a272bb","timestamp":"2026-08-06T03:02:27.107Z"}
{"level":"info","message":"[Analyzer] Processing 72/100: 0xfcbb378993ce32f35faecf85fd5432ac119d385a","timestamp":"2026-08-06T03:02:27.107Z"}
{"level":"info","message":"[Analyzer] Processing 73/100: 0x1f4d7579eae7b8dc308081c56d812135c2d973b9","timestamp":"2026-08-06T03:02:27.108Z"}
{"level":"info","message":"[Analyzer] Processing 74/100: 0x31c806e41f66ea8fc39538752f74536b6eac6550","timestamp":"2026-08-06T03:02:27.108Z"}
{"level":"info","message":"[Analyzer] Processing 75/100: 0xa238ad49ae8b456c13fa36e227119eec03e36672","timestamp":"2026-08-06T03:02:27.109Z"}
{"level":"info","message":"[Analyzer] Processing 76/100: 0xed4007f3d5acbd316a90da553d7fb169ab862ed9","timestamp":"2026-08-06T03:02:27.109Z"}
{"level":"info","message":"[Analyzer] Processing 77/100: 0x7f70e74a1cf288defe6aad8cc4e1749410483a9c","timestamp":"2026-08-06T03:02:27.111Z"}
{"level":"info","message":"[Analyzer] Processing 78/100: 0x05eb4a26cf1d63b0d0b93c2256dab74e59a219a2","timestamp":"2026-08-06T03:02:27.111Z"}
{"level":"info","message":"[Analyzer] Processing 79/100: 0x7aaa6cf22bcf4f92aaa789eb04259473298a81c6","timestamp":"2026-08-06T03:02:27.111Z"}
{"level":"info","message":"[Analyzer] Processing 80/100: 0xa15d46647b95bf00c29ae4806ec3d24857de8538","timestamp":"2026-08-06T03:02:27.112Z"}
{"level":"info","message":"[Analyzer] Processing 81/100: 0x19b92029325e8bc7f58cb7b54f2e01744008362e","timestamp":"2026-08-06T03:02:27.112Z"}
{"level":"info","message":"[Analyzer] Processing 82/100: 0xf1e29fdf608b5918f1621ce26f9f03c5401d4f08","timestamp":"2026-08-06T03:02:27.112Z"}
{"level":"info","message":"[Analyzer] Processing 83/100: 0x9477bc32a9f057e3e0604f657c379a5801507ba3","timestamp":"2026-08-06T03:02:27.112Z"}
{"level":"info","message":"[Analyzer] Processing 84/100: 0x94651fedc195eba5bb1aa3da9abdc8d5ad5491bb","timestamp":"2026-08-06T03:02:27.112Z"}
{"level":"info","message":"[Analyzer] Processing 85/100: 0x4791d07c8ba93c33674276c6875f4dbe33e12cf2","timestamp":"2026-08-06T03:02:27.113Z"}
{"level":"info","message":"[Analyzer] Processing 86/100: 0x99bb54bc0d0a0345f826142ef506bd604c8332d2","timestamp":"2026-08-06T03:02:27.113Z"}
{"level":"info","message":"[Analyzer] Processing 87/100: 0x26acf0c224fce4389f2344b4b82506a9af60e6ec","timestamp":"2026-08-06T03:02:27.113Z"}
{"level":"info","message":"[Analyzer] Processing 88/100: 0x6aaca9512ef1da6c410379dd9eff8abb15d6288b","timestamp":"2026-08-06T03:02:27.114Z"}
{"level":"info","message":"[Analyzer] Processing 89/100: 0xb1eb35eaf9e1d61c3e026ebd1eb7337e604a18cb","timestamp":"2026-08-06T03:02:27.114Z"}
{"level":"info","message":"[Analyzer] Processing 90/100: 0xa2c6f245d5c9f019dd316293a09e0cb1a3d7389f","timestamp":"2026-08-06T03:02:27.114Z"}
{"level":"info","message":"[Analyzer] Processing 91/100: 0xfa253ebd6a88f2f2180361cc52fd45b97dabe3c5","timestamp":"2026-08-06T03:02:27.115Z"}
{"level":"info","message":"[Analyzer] Processing 92/100: 0x068820ea53f93c1127211c5224e8245d2f8bec5e","timestamp":"2026-08-06T03:02:27.115Z"}
{"level":"info","message":"[Analyzer] Processing 93/100: 0xfb5694a10ea964447d76c9ee71e17e586177d1cb","timestamp":"2026-08-06T03:02:27.116Z"}
{"level":"info","message":"[Analyzer] Processing 94/100: 0x1c1f6a5be23dc0924ba8f3ffce07890043e0bf6a","timestamp":"2026-08-06T03:02:27.117Z"}
{"level":"info","message":"[Analyzer] Processing 95/100: 0x32cb3050d1166fc6722e88b8f7f15bdc30022689","timestamp":"2026-08-06T03:02:27.117Z"}
{"level":"info","message":"[Analyzer] Processing 96/100: 0xa94a839088276460104a17c569674feaf585cadb","timestamp":"2026-08-06T03:02:27.117Z"}
{"level":"info","message":"[Analyzer] Processing 97/100: 0xbceeb3bbb0ad193402ca8aae2af7e68daa873168","timestamp":"2026-08-06T03:02:27.118Z"}
{"level":"info","message":"[Analyzer] Processing 98/100: 0x5ad1864744d7b6794f5e58359d0782eb0e9a865b","timestamp":"2026-08-06T03:02:27.118Z"}
{"level":"info","message":"[Analyzer] Processing 99/100: 0xedb4ceebc9bc8b9487f551eec24167da5c77e562","timestamp":"2026-08-06T03:02:27.119Z"}
{"level":"info","message":"[Analyzer] Processing 100/100: 0x2bfa0a8b18a96ee521239c6b3ff1207492345fe9","timestamp":"2026-08-06T03:02:27.120Z"}
{"level":"info","message":"Page 20: +88 human targets | 12 bots filtered","timestamp":"2026-08-06T03:02:40.360Z"}
{"level":"info","message":"Page 20: Deleted 904 transfer records for 100 evaluated senders","timestamp":"2026-08-06T03:02:40.886Z"}
{"level":"info","message":"Fetched 100 raw pairs (page 21). Running Stage 1 + Stage 2 checks...","timestamp":"2026-08-06T03:02:41.618Z"}
{"level":"info","message":"[Analyzer] Processing 1/100: 0xaa23c00245621aa9befd9aacaa3c8df82dd84723","timestamp":"2026-08-06T03:02:41.618Z"}
{"level":"info","message":"[Analyzer] Processing 2/100: 0x585a19a73c7cee3160c0d7d3c985eeb624a6e542","timestamp":"2026-08-06T03:02:41.619Z"}
{"level":"info","message":"[Analyzer] Processing 3/100: 0x7c298c6245196c7f7f661036731381db73979d44","timestamp":"2026-08-06T03:02:41.619Z"}
{"level":"info","message":"[Analyzer] Processing 4/100: 0xb710feccc96dd4df51339fd25ddd4fda0532e6a7","timestamp":"2026-08-06T03:02:41.620Z"}
{"level":"info","message":"[Analyzer] Processing 5/100: 0xf829a8ad6058e3c1a446a163040911ed63e48589","timestamp":"2026-08-06T03:02:41.620Z"}
{"level":"info","message":"[Analyzer] Processing 6/100: 0x8ec37eb03bb34e5de150ed8828672bd991d759d2","timestamp":"2026-08-06T03:02:41.621Z"}
{"level":"info","message":"[Analyzer] Processing 7/100: 0xf632e633c5eae8269d073e68850e4f7fe195cc2e","timestamp":"2026-08-06T03:02:41.621Z"}
{"level":"info","message":"[Analyzer] Processing 8/100: 0xcaba61f78a862bf8d4416aac6cfc1fbfef87c3f7","timestamp":"2026-08-06T03:02:41.621Z"}
{"level":"info","message":"[Analyzer] Processing 9/100: 0x8767f48f9ced415ecf1482d63bee6931cf47eeb8","timestamp":"2026-08-06T03:02:41.621Z"}
{"level":"info","message":"[Analyzer] Processing 10/100: 0x978bf8f70bbf5abff4b7ed6010f61e4c33f4c08b","timestamp":"2026-08-06T03:02:41.622Z"}
{"level":"info","message":"[Analyzer] Processing 11/100: 0xe445bf2c3cf26157461723ecc37a0f0e357e91aa","timestamp":"2026-08-06T03:02:41.622Z"}
{"level":"info","message":"[Analyzer] Processing 12/100: 0xf7eb14762c66b853b03bb0dc9d5031cdadcfb829","timestamp":"2026-08-06T03:02:41.622Z"}
{"level":"info","message":"[Analyzer] Processing 13/100: 0xac3e8f68e9b78a1d1106c1a52d0300e177e9c788","timestamp":"2026-08-06T03:02:41.623Z"}
{"level":"info","message":"[Analyzer] Processing 14/100: 0xb8a56efab668bf7b84752b9285940b78a58ba5c4","timestamp":"2026-08-06T03:02:41.623Z"}
{"level":"info","message":"[Analyzer] Processing 15/100: 0xd706d966544d329d4d49754791f5b4fab0fb0abe","timestamp":"2026-08-06T03:02:41.623Z"}
{"level":"info","message":"[Analyzer] Processing 16/100: 0xf98f120b2307577773c19bceea624ab8caff33b7","timestamp":"2026-08-06T03:02:41.623Z"}
{"level":"info","message":"[Analyzer] Processing 17/100: 0x1c56519820e91d026dc7b84f042822f275e86301","timestamp":"2026-08-06T03:02:41.624Z"}
{"level":"info","message":"[Analyzer] Processing 18/100: 0xf3d266248d674bc27a65dcb9b1f042a350bed3f6","timestamp":"2026-08-06T03:02:41.624Z"}
{"level":"info","message":"[Analyzer] Processing 19/100: 0xfae31e4a88a2712ea3749ce3cb4face570b5b2e8","timestamp":"2026-08-06T03:02:41.625Z"}
{"level":"info","message":"[Analyzer] Processing 20/100: 0x211f08557f2fff78d4967fc9ca2db1c22c26b721","timestamp":"2026-08-06T03:02:41.626Z"}
{"level":"info","message":"[Analyzer] Processing 21/100: 0x4dd265d31e4209a9f947fa21f825642ad91e892c","timestamp":"2026-08-06T03:02:41.626Z"}
{"level":"info","message":"[Analyzer] Processing 22/100: 0x14c77abd1323477736cef261eeb1e8dc215139ec","timestamp":"2026-08-06T03:02:41.627Z"}
{"level":"info","message":"[Analyzer] Processing 23/100: 0x716e3fad60bc867449795cd624da34aab3dc381f","timestamp":"2026-08-06T03:02:41.627Z"}
{"level":"info","message":"[Analyzer] Processing 24/100: 0xa865033c066f4847ae20f3be09d05a0643d9951d","timestamp":"2026-08-06T03:02:41.627Z"}
{"level":"info","message":"[Analyzer] Processing 25/100: 0x359aab5611d3c0428ea6ded00f44ac2da1d8f806","timestamp":"2026-08-06T03:02:41.628Z"}
{"level":"info","message":"[Analyzer] Processing 26/100: 0x059d072e8aa2b97ea62d8aab3151dcc0d3aebe8a","timestamp":"2026-08-06T03:02:41.628Z"}
{"level":"info","message":"[Analyzer] Processing 27/100: 0x0a12d0ba4c5d4e977ca5620baf6619ac52c4c205","timestamp":"2026-08-06T03:02:41.628Z"}
{"level":"info","message":"[Analyzer] Processing 28/100: 0xe69181145fb592e630abc208ba7b085a1763aeb9","timestamp":"2026-08-06T03:02:41.629Z"}
{"level":"info","message":"[Analyzer] Processing 29/100: 0x885fdea146870841f48c242c9320688b0d9c00e6","timestamp":"2026-08-06T03:02:41.629Z"}
{"level":"info","message":"[Analyzer] Processing 30/100: 0xfdbf2dc09da8637a241a38bf54345e58edae8768","timestamp":"2026-08-06T03:02:41.629Z"}
{"level":"info","message":"[Analyzer] Processing 31/100: 0x9c97c89dbee9448c2ccb529b8a9619eb1a43ea0f","timestamp":"2026-08-06T03:02:41.630Z"}
{"level":"info","message":"[Analyzer] Processing 32/100: 0x6b76a10edc564ac6e944866ea001b3c034097a89","timestamp":"2026-08-06T03:02:41.630Z"}
{"level":"info","message":"[Analyzer] Processing 33/100: 0x9a48d95b02c46ec57fd071b6087739b0bb5dc6a1","timestamp":"2026-08-06T03:02:41.631Z"}
{"level":"info","message":"[Analyzer] Processing 34/100: 0xdf528c6d4a1c95c961c90d9306beee6cfa670df2","timestamp":"2026-08-06T03:02:41.631Z"}
{"level":"info","message":"[Analyzer] Processing 35/100: 0x4e9cce6c623f45cf6d029075dbc2d7314ecbe07f","timestamp":"2026-08-06T03:02:41.631Z"}
{"level":"info","message":"[Analyzer] Processing 36/100: 0xc17f5775808094d9c54c07d3c9007d8c939809f4","timestamp":"2026-08-06T03:02:41.632Z"}
{"level":"info","message":"[Analyzer] Processing 37/100: 0x40506e9c699b7ded298d8f76a4b674473f03ebad","timestamp":"2026-08-06T03:02:41.632Z"}
{"level":"info","message":"[Analyzer] Processing 38/100: 0x1301821b12004c144f567a47004571ff5bb9a04b","timestamp":"2026-08-06T03:02:41.632Z"}
{"level":"info","message":"[Analyzer] Processing 39/100: 0xdc111b98b699aefc98de350deb70a1e20657b206","timestamp":"2026-08-06T03:02:41.632Z"}
{"level":"info","message":"[Analyzer] Processing 40/100: 0x2bfdab0c438425073e2bde019d08b8cca7ae9f3c","timestamp":"2026-08-06T03:02:41.633Z"}
{"level":"info","message":"[Analyzer] Processing 41/100: 0x3031e06a851111757def6663e019b0235edcfbd0","timestamp":"2026-08-06T03:02:41.633Z"}
{"level":"info","message":"[Analyzer] Processing 42/100: 0xa75c9890caee194fb598cdf7b84c9610e6e21a12","timestamp":"2026-08-06T03:02:41.633Z"}
{"level":"info","message":"[Analyzer] Processing 43/100: 0xe0fa96a3608b08f3630b4173fb2e9d6f4c4f229d","timestamp":"2026-08-06T03:02:41.634Z"}
{"level":"info","message":"[Analyzer] Processing 44/100: 0x6c70dedb4d7c8481632e6a0f3fae72f76ff3011c","timestamp":"2026-08-06T03:02:41.634Z"}
{"level":"info","message":"[Analyzer] Processing 45/100: 0x23fb370bc9ca16806a48462fb4a020b190e3f2a3","timestamp":"2026-08-06T03:02:41.634Z"}
{"level":"info","message":"[Analyzer] Processing 46/100: 0xa77fce8fa28ac07dac46d0048a4b4a736d275c83","timestamp":"2026-08-06T03:02:41.634Z"}
{"level":"info","message":"[Analyzer] Processing 47/100: 0xb10a15774fb8ee4ba76ce4329f2f4582bd137389","timestamp":"2026-08-06T03:02:41.634Z"}
{"level":"info","message":"[Analyzer] Processing 48/100: 0x806eb96a2ed6f8cb2d55449772a47becbe4c56fb","timestamp":"2026-08-06T03:02:41.635Z"}
{"level":"info","message":"[Analyzer] Processing 49/100: 0x86ba1b47347b58d173f6ecc0a7bb84192eecc816","timestamp":"2026-08-06T03:02:41.635Z"}
{"level":"info","message":"[Analyzer] Processing 50/100: 0x1d93e31945b55aa87dc913d58241e221a87d4654","timestamp":"2026-08-06T03:02:41.635Z"}
{"level":"info","message":"[Analyzer] Processing 51/100: 0x0b655069da4575c45dd8a7ed0fda1929c5471a56","timestamp":"2026-08-06T03:02:41.635Z"}
{"level":"info","message":"[Analyzer] Processing 52/100: 0x8cc9a2a0254f18fff47edd5c10d0fc70ebf2357e","timestamp":"2026-08-06T03:02:41.635Z"}
{"level":"info","message":"[Analyzer] Processing 53/100: 0x97822db6e1b4eee4b441af8afe39ea3cdfb52d9c","timestamp":"2026-08-06T03:02:41.636Z"}
{"level":"info","message":"[Analyzer] Processing 54/100: 0xcd8df7ca1268348c3734c66aea9f6bb0ca1e6abc","timestamp":"2026-08-06T03:02:41.637Z"}
{"level":"info","message":"[Analyzer] Processing 55/100: 0xa2f15b54aea9efd761e3843c937c75af7b8dd360","timestamp":"2026-08-06T03:02:41.638Z"}
{"level":"info","message":"[Analyzer] Processing 56/100: 0xe592db163700597576c171e511e155fa0c0de43f","timestamp":"2026-08-06T03:02:41.638Z"}
{"level":"info","message":"[Analyzer] Processing 57/100: 0x3b36e313d8278774c5894ea40179b18fe9d3ab6c","timestamp":"2026-08-06T03:02:41.638Z"}
{"level":"info","message":"[Analyzer] Processing 58/100: 0x9d500ffdaa1e958917fb81caf31d928ce030f727","timestamp":"2026-08-06T03:02:41.638Z"}
{"level":"info","message":"[Analyzer] Processing 59/100: 0xa40b8c924af4cf8e36ed083c698db517e4939626","timestamp":"2026-08-06T03:02:41.639Z"}
{"level":"info","message":"[Analyzer] Processing 60/100: 0x05b92db037a00a3e8a43d0e646f66456d76b717f","timestamp":"2026-08-06T03:02:41.639Z"}
{"level":"info","message":"[Analyzer] Processing 61/100: 0x7cd98ef40fb4bc24ff0ed8d14bbfdcf60c903739","timestamp":"2026-08-06T03:02:41.639Z"}
{"level":"info","message":"[Analyzer] Processing 62/100: 0x78181fc8c1a1a00c9806c29f095460cebdf83eaa","timestamp":"2026-08-06T03:02:41.639Z"}
{"level":"info","message":"[Analyzer] Processing 63/100: 0x7be9ab78f2c0c9a3e6ae2236dc78ae5f4538538a","timestamp":"2026-08-06T03:02:41.639Z"}
{"level":"info","message":"[Analyzer] Processing 64/100: 0x7dda34a413c3c31743280d8c40bf6c3bd9bd32ef","timestamp":"2026-08-06T03:02:41.640Z"}
{"level":"info","message":"[Analyzer] Processing 65/100: 0xdb5960cccc38e6dd99d18f7e72ddca0554384ce6","timestamp":"2026-08-06T03:02:41.640Z"}
{"level":"info","message":"[Analyzer] Processing 66/100: 0x86fc417297822557b07e03cc836912c704a86d41","timestamp":"2026-08-06T03:02:41.641Z"}
{"level":"info","message":"[Analyzer] Processing 67/100: 0xb8d89a8d38f7352688431239973ed5f23983229a","timestamp":"2026-08-06T03:02:41.641Z"}
{"level":"info","message":"[Analyzer] Processing 68/100: 0xe233f509fe7d07906769b75aff72b3acc6f80099","timestamp":"2026-08-06T03:02:41.641Z"}
{"level":"info","message":"[Analyzer] Processing 69/100: 0x0219191351a576bb7c9fbd99aebe1cd5dc3e03d1","timestamp":"2026-08-06T03:02:41.642Z"}
{"level":"info","message":"[Analyzer] Processing 70/100: 0x6da99a5b40e6a9a8639f22c380cf30300a30f33d","timestamp":"2026-08-06T03:02:41.643Z"}
{"level":"info","message":"[Analyzer] Processing 71/100: 0xc38df79ce3ce26f28d4944d4de2e0d7fb36641bb","timestamp":"2026-08-06T03:02:41.643Z"}
{"level":"info","message":"[Analyzer] Processing 72/100: 0x5b922854ca76f796cd9bb8e1d9b480f485ad971f","timestamp":"2026-08-06T03:02:41.644Z"}
{"level":"info","message":"[Analyzer] Processing 73/100: 0x11c42f712cacde3ff35e9bc9503aa1041a72b52f","timestamp":"2026-08-06T03:02:41.644Z"}
{"level":"info","message":"[Analyzer] Processing 74/100: 0xf32d986edbab9b5e7daec49f3f03bd1b5e501be6","timestamp":"2026-08-06T03:02:41.644Z"}
{"level":"info","message":"[Analyzer] Processing 75/100: 0x8da75f3273d8a29c32a7875dacb21c186c4cbb8b","timestamp":"2026-08-06T03:02:41.645Z"}
{"level":"info","message":"[Analyzer] Processing 76/100: 0x7bd736631afbe1d3795a94f60574f7fa0ae89347","timestamp":"2026-08-06T03:02:41.648Z"}
{"level":"info","message":"[Analyzer] Processing 77/100: 0x3a93cc288628e0db48b69f404e29581cd57bc96e","timestamp":"2026-08-06T03:02:41.648Z"}
{"level":"info","message":"[Analyzer] Processing 78/100: 0x6194623eb05f6a9fc8a2b90ae99580564bc7ae1b","timestamp":"2026-08-06T03:02:41.650Z"}
{"level":"info","message":"[Analyzer] Processing 79/100: 0xb77ca5240bd027490a3a5400a103b318c155c688","timestamp":"2026-08-06T03:02:41.650Z"}
{"level":"info","message":"[Analyzer] Processing 80/100: 0x960efc65bad67c69f6a9345389ad51d0dda8e706","timestamp":"2026-08-06T03:02:41.650Z"}
{"level":"info","message":"[Analyzer] Processing 81/100: 0x15d3b04d4e58c96fd378c2c45bde826605ff690c","timestamp":"2026-08-06T03:02:41.651Z"}
{"level":"info","message":"[Analyzer] Processing 82/100: 0x8f03d3b8de78da9b74740cda76d9f761902fc899","timestamp":"2026-08-06T03:02:41.651Z"}
{"level":"info","message":"[Analyzer] Processing 83/100: 0xf32d986edbab9b5e7daec49f3f03bd1b5e501be6","timestamp":"2026-08-06T03:02:41.651Z"}
{"level":"info","message":"[Analyzer] Processing 84/100: 0xe0038d4e3224560cdbf997f393986a08d0c0789c","timestamp":"2026-08-06T03:02:41.651Z"}
{"level":"info","message":"[Analyzer] Processing 85/100: 0x55f9f64ac47b1fec4ae0b86b78290c68e3ddc098","timestamp":"2026-08-06T03:02:41.651Z"}
{"level":"info","message":"[Analyzer] Processing 86/100: 0xb54a0e54eb0c2058cf1f28d176bf8cce221a2088","timestamp":"2026-08-06T03:02:41.652Z"}
{"level":"info","message":"[Analyzer] Processing 87/100: 0x479a1a68185346861f57072e30c72c1d75f6e3fc","timestamp":"2026-08-06T03:02:41.652Z"}
{"level":"info","message":"[Analyzer] Processing 88/100: 0x8de197be85fa39783bee250ac14c61fada413e7a","timestamp":"2026-08-06T03:02:41.652Z"}
{"level":"info","message":"[Analyzer] Processing 89/100: 0xaace5aeab7265d03487d007e11be7af97ec8ff38","timestamp":"2026-08-06T03:02:41.652Z"}
{"level":"info","message":"[Analyzer] Processing 90/100: 0x3e97e17aaab4109e8378790d5b6152ede25bf755","timestamp":"2026-08-06T03:02:41.653Z"}
{"level":"info","message":"[Analyzer] Processing 91/100: 0x94d0adef4d1a333adbc406d9f909d70438621005","timestamp":"2026-08-06T03:02:41.653Z"}
{"level":"info","message":"[Analyzer] Processing 92/100: 0xbfcbedc634ddee3fb9f2a1c9c4b0c972f55bdb64","timestamp":"2026-08-06T03:02:41.653Z"}
{"level":"info","message":"[Analyzer] Processing 93/100: 0x90d93c0f2317697c3e6e45e4f69ed7b1487ed918","timestamp":"2026-08-06T03:02:41.653Z"}
{"level":"info","message":"[Analyzer] Processing 94/100: 0x01ff71d9f9474b45a4403a2eabbafcf82cda1414","timestamp":"2026-08-06T03:02:41.654Z"}
{"level":"info","message":"[Analyzer] Processing 95/100: 0x2f35823ed15f5501e885de10bf6ea0c1ee6c7c93","timestamp":"2026-08-06T03:02:41.654Z"}
{"level":"info","message":"[Analyzer] Processing 96/100: 0xd943c1b1361f57083071aa2a0b0483a5167ae318","timestamp":"2026-08-06T03:02:41.654Z"}
{"level":"info","message":"[Analyzer] Processing 97/100: 0x8f11049f28f82460a09e12243a48733a9d3697d2","timestamp":"2026-08-06T03:02:41.655Z"}
{"level":"info","message":"[Analyzer] Processing 98/100: 0x57f4dfc7471cd1f143c3529f20d9708e88be8a54","timestamp":"2026-08-06T03:02:41.656Z"}
{"level":"info","message":"[Analyzer] Processing 99/100: 0xfc5b80a5cbf35734694f3988609d1ebba11089b5","timestamp":"2026-08-06T03:02:41.656Z"}
{"level":"info","message":"[Analyzer] Processing 100/100: 0x00a9b55bd217d9a5aed85c59613f3a0f80463945","timestamp":"2026-08-06T03:02:41.657Z"}
{"level":"info","message":"Page 21: +86 human targets | 14 bots filtered","timestamp":"2026-08-06T03:02:55.208Z"}
{"level":"info","message":"Page 21: Deleted 833 transfer records for 99 evaluated senders","timestamp":"2026-08-06T03:02:55.970Z"}
{"level":"info","message":"Fetched 100 raw pairs (page 22). Running Stage 1 + Stage 2 checks...","timestamp":"2026-08-06T03:03:02.596Z"}
{"level":"info","message":"[Analyzer] Processing 1/100: 0x2f8d5c6dcc027298e96bd9de14fde7159e966fad","timestamp":"2026-08-06T03:03:02.597Z"}
{"level":"info","message":"[Analyzer] Processing 2/100: 0xcee88cea32238b78c54b13ae3e1cea15c6d640cb","timestamp":"2026-08-06T03:03:02.598Z"}
{"level":"info","message":"[Analyzer] Processing 3/100: 0x6f8f20c8b061af0d8ccb5713326d73a467e4a11b","timestamp":"2026-08-06T03:03:02.599Z"}
{"level":"info","message":"[Analyzer] Processing 4/100: 0x4f36a29797f5885813f75961930540bb0bf51f28","timestamp":"2026-08-06T03:03:02.600Z"}
{"level":"info","message":"[Analyzer] Processing 5/100: 0x6779fd07cbc405f215b206788bfcadd21fa341f0","timestamp":"2026-08-06T03:03:02.600Z"}
{"level":"info","message":"[Analyzer] Processing 6/100: 0xa5b6cebb8343253c6f4d73333da6d110a3fa9406","timestamp":"2026-08-06T03:03:02.601Z"}
{"level":"info","message":"[Analyzer] Processing 7/100: 0x33466c3d72301f84a5b9f8bffc69035b598d5ac9","timestamp":"2026-08-06T03:03:02.601Z"}
{"level":"info","message":"[Analyzer] Processing 8/100: 0xc355aeed9fc59438c19081025c2f6a13eca84c4b","timestamp":"2026-08-06T03:03:02.602Z"}
{"level":"info","message":"[Analyzer] Processing 9/100: 0x4342b78cb4e7b12237f278c65bb4930df87404ca","timestamp":"2026-08-06T03:03:02.603Z"}
{"level":"info","message":"[Analyzer] Processing 10/100: 0xa64f473047dfd5aafbab8472f1e6579aa5b7d71d","timestamp":"2026-08-06T03:03:02.604Z"}
{"level":"info","message":"[Analyzer] Processing 11/100: 0xf66826f45ea25747ba1fae6339e1bdea3eef2ab4","timestamp":"2026-08-06T03:03:02.605Z"}
{"level":"info","message":"[Analyzer] Processing 12/100: 0x6358335525b5a531386669486a0926e310444669","timestamp":"2026-08-06T03:03:02.606Z"}
{"level":"info","message":"[Analyzer] Processing 13/100: 0x3e3c7c72fd67c64ff2feb6ea404438ce359cb887","timestamp":"2026-08-06T03:03:02.607Z"}
{"level":"info","message":"[Analyzer] Processing 14/100: 0x63e7549ea16f52bcb0415b308f17f3fee6415138","timestamp":"2026-08-06T03:03:02.608Z"}
{"level":"info","message":"[Analyzer] Processing 15/100: 0x27bbf12419abaaa16602d5a58341e8c495b52a33","timestamp":"2026-08-06T03:03:02.609Z"}
{"level":"info","message":"[Analyzer] Processing 16/100: 0x9cc644752c51e9a153a773e928961737b68b67cf","timestamp":"2026-08-06T03:03:02.609Z"}
{"level":"info","message":"[Analyzer] Processing 17/100: 0x35dae1c3b456c7f46ad6f1ad0b92fbd6f1c2b1a1","timestamp":"2026-08-06T03:03:02.610Z"}
{"level":"info","message":"[Analyzer] Processing 18/100: 0x50f981d8f3e78ec09e2f04b55b4197ace2bf8603","timestamp":"2026-08-06T03:03:02.610Z"}
{"level":"info","message":"[Analyzer] Processing 19/100: 0xa0ea8af480ec1622d38dbae44d7ad47340a870d6","timestamp":"2026-08-06T03:03:02.613Z"}
{"level":"info","message":"[Analyzer] Processing 20/100: 0xfc609e6cfb2d7228a3a409154a97d7a6de9f9624","timestamp":"2026-08-06T03:03:02.614Z"}
{"level":"info","message":"[Analyzer] Processing 21/100: 0xf78234a409b21747f6767ef9fa251f53c0785703","timestamp":"2026-08-06T03:03:02.614Z"}
{"level":"info","message":"[Analyzer] Processing 22/100: 0x4e49527e557def7f22d1517fde2b1615fb3d5e48","timestamp":"2026-08-06T03:03:02.615Z"}
{"level":"info","message":"[Analyzer] Processing 23/100: 0x8c57b3284ba7940f0b2d0a722ed13e19e003372c","timestamp":"2026-08-06T03:03:02.615Z"}
{"level":"info","message":"[Analyzer] Processing 24/100: 0xd878319d64e05a38552761ed95e43948a0a19aad","timestamp":"2026-08-06T03:03:02.616Z"}
{"level":"info","message":"[Analyzer] Processing 25/100: 0xb3bbb8ebffe5a852fb9624c8be3ef6042ea9025b","timestamp":"2026-08-06T03:03:02.616Z"}
{"level":"info","message":"[Analyzer] Processing 26/100: 0x6a5b338b88610d71a134349d284c50c791765e8e","timestamp":"2026-08-06T03:03:02.617Z"}
{"level":"info","message":"[Analyzer] Processing 27/100: 0x501c570bd7339ff1ef70119176214ef36c241ed4","timestamp":"2026-08-06T03:03:02.617Z"}
{"level":"info","message":"[Analyzer] Processing 28/100: 0x69b04b08d43c80da2dc8aca6138303799c91e32e","timestamp":"2026-08-06T03:03:02.619Z"}
{"level":"info","message":"[Analyzer] Processing 29/100: 0xb649b69d831b4a17871e195ecf4d51a54acb1868","timestamp":"2026-08-06T03:03:02.620Z"}
{"level":"info","message":"[Analyzer] Processing 30/100: 0xf5dec5adfb06841a06588eacbd05123a6df53ae6","timestamp":"2026-08-06T03:03:02.621Z"}
{"level":"info","message":"[Analyzer] Processing 31/100: 0x6ffe050c1df4e47e0232949385101cc973876b08","timestamp":"2026-08-06T03:03:02.621Z"}
{"level":"info","message":"[Analyzer] Processing 32/100: 0x22378d7e7123eba616f9ab5238b4a7a1d23fcd23","timestamp":"2026-08-06T03:03:02.622Z"}
{"level":"info","message":"[Analyzer] Processing 33/100: 0x740cd727c2c359d7cc7992803a786be956987a57","timestamp":"2026-08-06T03:03:02.622Z"}
{"level":"info","message":"[Analyzer] Processing 34/100: 0xf32e849f0a9f69e8cf02843c79b85fb6f0d1246f","timestamp":"2026-08-06T03:03:02.622Z"}
{"level":"info","message":"[Analyzer] Processing 35/100: 0x6c034e50aedf03daa23ed255bd628e62ac03e097","timestamp":"2026-08-06T03:03:02.623Z"}
{"level":"info","message":"[Analyzer] Processing 36/100: 0x2282895f2f5a4844f8841e955efd900e0848d1dc","timestamp":"2026-08-06T03:03:02.623Z"}
{"level":"info","message":"[Analyzer] Processing 37/100: 0x20a769067efe25073f5ef8e5f2187da349d2af81","timestamp":"2026-08-06T03:03:02.623Z"}
{"level":"info","message":"[Analyzer] Processing 38/100: 0x4a6a6b918d526f978b5696c23e77aa600314acf4","timestamp":"2026-08-06T03:03:02.625Z"}
{"level":"info","message":"[Analyzer] Processing 39/100: 0xdf2464d19093fc10b711772a469a3d033f26fead","timestamp":"2026-08-06T03:03:02.625Z"}
{"level":"info","message":"[Analyzer] Processing 40/100: 0x5ef3041f75fba9b5dc31a1ba533f17c467213f4b","timestamp":"2026-08-06T03:03:02.625Z"}
{"level":"info","message":"[Analyzer] Processing 41/100: 0xad000f8f23b9ec2957e44cb5d6ea03925441d42c","timestamp":"2026-08-06T03:03:02.626Z"}
{"level":"info","message":"[Analyzer] Processing 42/100: 0x0e58e8993100f1cbe45376c410f97f4893d9bfcd","timestamp":"2026-08-06T03:03:02.626Z"}
{"level":"info","message":"[Analyzer] Processing 43/100: 0x552b42287c4fe1e913ea9a159b69bd7e9b81ec76","timestamp":"2026-08-06T03:03:02.627Z"}
{"level":"info","message":"[Analyzer] Processing 44/100: 0xa6264cf6ea7daa3ff7c7c49a6a9e660e298435df","timestamp":"2026-08-06T03:03:02.627Z"}
{"level":"info","message":"[Analyzer] Processing 45/100: 0x04ad29898df9d9fefdbd82ff04f809c502cca6e8","timestamp":"2026-08-06T03:03:02.628Z"}
{"level":"info","message":"[Analyzer] Processing 46/100: 0x6e19ad8edf4ee8cbc92029fc9d0c7275692dbd9b","timestamp":"2026-08-06T03:03:02.628Z"}
{"level":"info","message":"[Analyzer] Processing 47/100: 0x09ce06502b04cb3ea5dedfa0176ee582b3d5fbc9","timestamp":"2026-08-06T03:03:02.629Z"}
{"level":"info","message":"[Analyzer] Processing 48/100: 0xb0c3b9f815531ac5d717b8503ce2df0c1387b86d","timestamp":"2026-08-06T03:03:02.629Z"}
{"level":"info","message":"[Analyzer] Processing 49/100: 0xe15165275c78211291b169664d97951e1ada2185","timestamp":"2026-08-06T03:03:02.630Z"}
{"level":"info","message":"[Analyzer] Processing 50/100: 0x760861c8c5c5dfdfd1ac77cffbfed055ef93bcfa","timestamp":"2026-08-06T03:03:02.631Z"}
{"level":"info","message":"[Analyzer] Processing 51/100: 0xd386f30df40fb86536562ec29ad23ef80e53a828","timestamp":"2026-08-06T03:03:02.631Z"}
{"level":"info","message":"[Analyzer] Processing 52/100: 0x084e1f3bb8ee74f9747f425e7b75c784f82c0ae9","timestamp":"2026-08-06T03:03:02.631Z"}
{"level":"info","message":"[Analyzer] Processing 53/100: 0x75f2f7496f6f9f2fa15db215c1680b4eef63870a","timestamp":"2026-08-06T03:03:02.632Z"}
{"level":"info","message":"[Analyzer] Processing 54/100: 0xaf1258f415a1928abf56a660cd8d0865d2a5ee4d","timestamp":"2026-08-06T03:03:02.632Z"}
{"level":"info","message":"[Analyzer] Processing 55/100: 0x1ac330e2e444accd69d118fa49a6e47c5bd031b6","timestamp":"2026-08-06T03:03:02.632Z"}
{"level":"info","message":"[Analyzer] Processing 56/100: 0xa1faf95adda03b806dea7f0e8d68240786a8c00c","timestamp":"2026-08-06T03:03:02.633Z"}
{"level":"info","message":"[Analyzer] Processing 57/100: 0x1b2ecbae0754e042b640f6fd64f776684bf1572f","timestamp":"2026-08-06T03:03:02.633Z"}
{"level":"info","message":"[Analyzer] Processing 58/100: 0x3d58e5256ae7c6bf64cbd309cf8007a8036fa245","timestamp":"2026-08-06T03:03:02.633Z"}
{"level":"info","message":"[Analyzer] Processing 59/100: 0xa53fe430974d93b751a8d6fe61d1a5d49b277ae5","timestamp":"2026-08-06T03:03:02.633Z"}
{"level":"info","message":"[Analyzer] Processing 60/100: 0xcd79be6d2b0b382b964bcfe76e90faf25ed87228","timestamp":"2026-08-06T03:03:02.633Z"}
{"level":"info","message":"[Analyzer] Processing 61/100: 0x0b103dd174c7e74e972ade8af6a7528e5391cbc9","timestamp":"2026-08-06T03:03:02.634Z"}
{"level":"info","message":"[Analyzer] Processing 62/100: 0xf4f2478fa01afed70f02f72dc02f78d6980efc9a","timestamp":"2026-08-06T03:03:02.634Z"}
{"level":"info","message":"[Analyzer] Processing 63/100: 0xf19c90ee5cc8b4a3611f6744a13a5dfb4ace8713","timestamp":"2026-08-06T03:03:02.634Z"}
{"level":"info","message":"[Analyzer] Processing 64/100: 0xe8d6ff8309a2cbbe0d943e5029ca527ec4f11a3e","timestamp":"2026-08-06T03:03:02.635Z"}
{"level":"info","message":"[Analyzer] Processing 65/100: 0x6020e706985bf0664a5e7547962c81fb602fc365","timestamp":"2026-08-06T03:03:02.635Z"}
{"level":"info","message":"[Analyzer] Processing 66/100: 0xd696367e1efc7c1a354869c08bf87982331ee2d5","timestamp":"2026-08-06T03:03:02.636Z"}
{"level":"info","message":"[Analyzer] Processing 67/100: 0xc3f117e1ef975e2ebd7d44ebe7b1bf6c8443341b","timestamp":"2026-08-06T03:03:02.637Z"}
{"level":"info","message":"[Analyzer] Processing 68/100: 0x22a628d4b1f7fd696b391ffe6125f335da29ed74","timestamp":"2026-08-06T03:03:02.637Z"}
{"level":"info","message":"[Analyzer] Processing 69/100: 0xeb7611195586fa0f7b57e7695c367bf6a69521c2","timestamp":"2026-08-06T03:03:02.638Z"}
{"level":"info","message":"[Analyzer] Processing 70/100: 0x9b553f694d0904a6b74b4eccfa48e12015f8e8cb","timestamp":"2026-08-06T03:03:02.638Z"}
{"level":"info","message":"[Analyzer] Processing 71/100: 0xeae253d1a32c273e18b96c013ef4b505365ce0e1","timestamp":"2026-08-06T03:03:02.638Z"}
{"level":"info","message":"[Analyzer] Processing 72/100: 0x3f0153aa877fa0801c2a7388333291f295019fae","timestamp":"2026-08-06T03:03:02.639Z"}
{"level":"info","message":"[Analyzer] Processing 73/100: 0x6f013413af91c4887cdcf290e0ca04ac655f54bd","timestamp":"2026-08-06T03:03:02.639Z"}
{"level":"info","message":"[Analyzer] Processing 74/100: 0xdc80a96ffdd8743851e8ccdb8f2f58133ba84c70","timestamp":"2026-08-06T03:03:02.639Z"}
{"level":"info","message":"[Analyzer] Processing 75/100: 0x1f51a1bee885911ada1be0207e907a72d02f5ff6","timestamp":"2026-08-06T03:03:02.640Z"}
{"level":"info","message":"[Analyzer] Processing 76/100: 0x63b42d24b87ef9c93f2fb41cfad5343f88aff58e","timestamp":"2026-08-06T03:03:02.640Z"}
{"level":"info","message":"[Analyzer] Processing 77/100: 0x8893a13d2be6be713eb89a644b975d0c2bdfd047","timestamp":"2026-08-06T03:03:02.640Z"}
{"level":"info","message":"[Analyzer] Processing 78/100: 0x4dd23ef52804d8375f672037991b2415ea8fccc0","timestamp":"2026-08-06T03:03:02.641Z"}
{"level":"info","message":"[Analyzer] Processing 79/100: 0xc673c0221cc81eae84efc650692ce4c3e9ad791a","timestamp":"2026-08-06T03:03:02.641Z"}
{"level":"info","message":"[Analyzer] Processing 80/100: 0x6230ed194739b235720f93b40bedc1b49f4c68a2","timestamp":"2026-08-06T03:03:02.641Z"}
{"level":"info","message":"[Analyzer] Processing 81/100: 0x3738b9ec8af5cc407b5951042aec4927f62621c3","timestamp":"2026-08-06T03:03:02.643Z"}
{"level":"info","message":"[Analyzer] Processing 82/100: 0xe829d7d3e4399a62f5cfbd28ab4d70b0572aa942","timestamp":"2026-08-06T03:03:02.643Z"}
{"level":"info","message":"[Analyzer] Processing 83/100: 0xad60a31690ff78661017bd6eb569137de8205d3b","timestamp":"2026-08-06T03:03:02.643Z"}
{"level":"info","message":"[Analyzer] Processing 84/100: 0x16ff4677476101d7ee59cd6905cfc0ca4cdd57fb","timestamp":"2026-08-06T03:03:02.644Z"}
{"level":"info","message":"[Analyzer] Processing 85/100: 0xb45ef87a7cf907a0d8a2a73c67f3b17aeadc0ac4","timestamp":"2026-08-06T03:03:02.644Z"}
{"level":"info","message":"[Analyzer] Processing 86/100: 0xc8141383691e96ce833cc65ab12896ce43ca6cad","timestamp":"2026-08-06T03:03:02.644Z"}
{"level":"info","message":"[Analyzer] Processing 87/100: 0x30564c240dd348dc4be26d09c3599f2e3a9ed424","timestamp":"2026-08-06T03:03:02.644Z"}
{"level":"info","message":"[Analyzer] Processing 88/100: 0xb125a70bc746a5c8838540675e3d5f24e5121832","timestamp":"2026-08-06T03:03:02.645Z"}
{"level":"info","message":"[Analyzer] Processing 89/100: 0xe945adc9665fa4d42e2603025fa191356c9510a7","timestamp":"2026-08-06T03:03:02.645Z"}
{"level":"info","message":"[Analyzer] Processing 90/100: 0x87976a8a7e474bce805c3fa02a9271282805cc63","timestamp":"2026-08-06T03:03:02.645Z"}
{"level":"info","message":"[Analyzer] Processing 91/100: 0x11c42ca03b0e2340cb172a08cae596865b19c911","timestamp":"2026-08-06T03:03:02.645Z"}
{"level":"info","message":"[Analyzer] Processing 92/100: 0x3a82fa3f3bb2bbfcbb18aca91ee516b9a021ac65","timestamp":"2026-08-06T03:03:02.646Z"}
{"level":"info","message":"[Analyzer] Processing 93/100: 0xbaca00210416447181443741dde9caf92319466c","timestamp":"2026-08-06T03:03:02.646Z"}
{"level":"info","message":"[Analyzer] Processing 94/100: 0x47aae58196d28143df7bcb8216319bef140d4106","timestamp":"2026-08-06T03:03:02.646Z"}
{"level":"info","message":"[Analyzer] Processing 95/100: 0xd2abdd68b7f58e1c2b3c6e1fa2be22f35276a629","timestamp":"2026-08-06T03:03:02.646Z"}
{"level":"info","message":"[Analyzer] Processing 96/100: 0x799f9fddaf9b2136c331decee0fe704c22323181","timestamp":"2026-08-06T03:03:02.646Z"}
{"level":"info","message":"[Analyzer] Processing 97/100: 0x83903480da715774442fb36a807157936c83620a","timestamp":"2026-08-06T03:03:02.647Z"}
{"level":"info","message":"[Analyzer] Processing 98/100: 0x4b10edfdc11ee56449b5af755d5fea8c73126c85","timestamp":"2026-08-06T03:03:02.647Z"}
{"level":"info","message":"[Analyzer] Processing 99/100: 0x75621f64849e562b4a95e48b493e4a94fad7bdf0","timestamp":"2026-08-06T03:03:02.647Z"}
{"level":"info","message":"[Analyzer] Processing 100/100: 0xd987ce50689cbfff316ebde5e5d048a8da3fe1af","timestamp":"2026-08-06T03:03:02.647Z"}
{"level":"info","message":"Page 22: +88 human targets | 12 bots filtered","timestamp":"2026-08-06T03:03:14.718Z"}
{"level":"info","message":"Page 22: Deleted 728 transfer records for 100 evaluated senders","timestamp":"2026-08-06T03:03:15.214Z"}
{"level":"info","message":"Fetched 100 raw pairs (page 23). Running Stage 1 + Stage 2 checks...","timestamp":"2026-08-06T03:03:15.883Z"}
{"level":"info","message":"[Analyzer] Processing 1/100: 0xe16942f2adb54727db7cf539fca1896dce91b0b0","timestamp":"2026-08-06T03:03:15.883Z"}
{"level":"info","message":"[Analyzer] Processing 2/100: 0x1c6e02798737707334b6e255b1d9181d6e158738","timestamp":"2026-08-06T03:03:15.883Z"}
{"level":"info","message":"[Analyzer] Processing 3/100: 0xce2eeac5f96faa7fd9a6d9fefa5c522d9a96e1e9","timestamp":"2026-08-06T03:03:15.884Z"}
{"level":"info","message":"[Analyzer] Processing 4/100: 0x01a1ed07adfaed04b9d5f147dba7ddf2fa02700d","timestamp":"2026-08-06T03:03:15.884Z"}
{"level":"info","message":"[Analyzer] Processing 5/100: 0xcc65d2c7d1b88aca3d3ba80a3b3f557c63bd945f","timestamp":"2026-08-06T03:03:15.885Z"}
{"level":"info","message":"[Analyzer] Processing 6/100: 0x3dea95904f4509a94b102746eea1b4fdb846eeea","timestamp":"2026-08-06T03:03:15.885Z"}
{"level":"info","message":"[Analyzer] Processing 7/100: 0x4c834951c09f726144eb840397c741f3960743ad","timestamp":"2026-08-06T03:03:15.886Z"}
{"level":"info","message":"[Analyzer] Processing 8/100: 0xda778da4c1ff8667b60f748ac7fabddb830a6ea8","timestamp":"2026-08-06T03:03:15.886Z"}
{"level":"info","message":"[Analyzer] Processing 9/100: 0x741a6b5d8f296ffdea885773e34bc72f9398db5f","timestamp":"2026-08-06T03:03:15.886Z"}
{"level":"info","message":"[Analyzer] Processing 10/100: 0xcc6c55ac33ef37b6258fd60fd84190d19c882977","timestamp":"2026-08-06T03:03:15.887Z"}
{"level":"info","message":"[Analyzer] Processing 11/100: 0x2d5d4ab89e264f653218ef32ba698cd849c7742c","timestamp":"2026-08-06T03:03:15.887Z"}
{"level":"info","message":"[Analyzer] Processing 12/100: 0xd89a658d6d057a67d410f7da6f90012933cea060","timestamp":"2026-08-06T03:03:15.887Z"}
{"level":"info","message":"[Analyzer] Processing 13/100: 0x345218dae08a50649ac2aff79399c111f1dd970d","timestamp":"2026-08-06T03:03:15.887Z"}
{"level":"info","message":"[Analyzer] Processing 14/100: 0x9d3c68cb508fa242720941db70cf33a3e6c1256a","timestamp":"2026-08-06T03:03:15.888Z"}
{"level":"info","message":"[Analyzer] Processing 15/100: 0xdcc00ccec811c0c2745044ae9559bda4edc4cc38","timestamp":"2026-08-06T03:03:15.889Z"}
{"level":"info","message":"[Analyzer] Processing 16/100: 0xca86e989c2a191448695cef6d0fe5759d3c9dc59","timestamp":"2026-08-06T03:03:15.889Z"}
{"level":"info","message":"[Analyzer] Processing 17/100: 0x002d5b881d2ae5696f24c5180086c174a7a60b18","timestamp":"2026-08-06T03:03:15.889Z"}
{"level":"info","message":"[Analyzer] Processing 18/100: 0xec02ef14a31832f7d3152d7dcada8d4fb5a249ef","timestamp":"2026-08-06T03:03:15.889Z"}
{"level":"info","message":"[Analyzer] Processing 19/100: 0xac4586a6c8ed1bf5a285874c1616d5ad297c99ec","timestamp":"2026-08-06T03:03:15.890Z"}
{"level":"info","message":"[Analyzer] Processing 20/100: 0xf23f1d95fc60dbc30efcef5bfd2675caca04f0df","timestamp":"2026-08-06T03:03:15.890Z"}
{"level":"info","message":"[Analyzer] Processing 21/100: 0xe7e24283973202f210925f60f65905c63c7ad97a","timestamp":"2026-08-06T03:03:15.890Z"}
{"level":"info","message":"[Analyzer] Processing 22/100: 0x124d7911be04d810dddb89ff2045393c97ebb8c2","timestamp":"2026-08-06T03:03:15.891Z"}
{"level":"info","message":"[Analyzer] Processing 23/100: 0x65d4022b154edd578674d3502f246764935ae757","timestamp":"2026-08-06T03:03:15.891Z"}
{"level":"info","message":"[Analyzer] Processing 24/100: 0x35799be300469e16bffcce2c2a94206a4331e0f2","timestamp":"2026-08-06T03:03:15.891Z"}
{"level":"info","message":"[Analyzer] Processing 25/100: 0x742311e35253a28a6bb70b8fa6cad7c8af9738c3","timestamp":"2026-08-06T03:03:15.891Z"}
{"level":"info","message":"[Analyzer] Processing 26/100: 0x862d90a8eb4d6207406aec6812b79a401a2a2039","timestamp":"2026-08-06T03:03:15.892Z"}
{"level":"info","message":"[Analyzer] Processing 27/100: 0x10d5545090080dfbaf77c21e7e7520175e5ee708","timestamp":"2026-08-06T03:03:15.892Z"}
{"level":"info","message":"[Analyzer] Processing 28/100: 0xe66da5f04bd4a2fc354d1e9549f34f3be413f296","timestamp":"2026-08-06T03:03:15.892Z"}
{"level":"info","message":"[Analyzer] Processing 29/100: 0x2f027d82540e50f5adc80470d853d687622a27a5","timestamp":"2026-08-06T03:03:15.892Z"}
{"level":"info","message":"[Analyzer] Processing 30/100: 0x898ab928be3c589606eff401c12b11a4837e0a3a","timestamp":"2026-08-06T03:03:15.892Z"}
{"level":"info","message":"[Analyzer] Processing 31/100: 0xf1df6971c8dc3c7906c598315f513e09c1f4982e","timestamp":"2026-08-06T03:03:15.892Z"}
{"level":"info","message":"[Analyzer] Processing 32/100: 0xfd6cac7612a273208d23b9362ce763b607221806","timestamp":"2026-08-06T03:03:15.893Z"}
{"level":"info","message":"[Analyzer] Processing 33/100: 0x34a62ee91ba823fc95fd431d3fe6092f6ef3fb09","timestamp":"2026-08-06T03:03:15.893Z"}
{"level":"info","message":"[Analyzer] Processing 34/100: 0xca7e4e6efa29ad31f4a3317daaa2f018ea8bd330","timestamp":"2026-08-06T03:03:15.893Z"}
{"level":"info","message":"[Analyzer] Processing 35/100: 0xbb6e051aacd4a8a62a914817b9b5238bedaff370","timestamp":"2026-08-06T03:03:15.893Z"}
{"level":"info","message":"[Analyzer] Processing 36/100: 0x3ec16d3cdd2ad5b55f4df170eb8e6cc80bbf4320","timestamp":"2026-08-06T03:03:15.894Z"}
{"level":"info","message":"[Analyzer] Processing 37/100: 0xde01a38f7495122795217e5a722dae4ee115ee3c","timestamp":"2026-08-06T03:03:15.894Z"}
{"level":"info","message":"[Analyzer] Processing 38/100: 0x93f697f31d2ef74365e2fcaa9f565e65a4433367","timestamp":"2026-08-06T03:03:15.894Z"}
{"level":"info","message":"[Analyzer] Processing 39/100: 0x9e6697f69ad1a0cd8052ab227fccb93e4a7d87fa","timestamp":"2026-08-06T03:03:15.894Z"}
{"level":"info","message":"[Analyzer] Processing 40/100: 0x2691703a2039fdeae879d3a0d8bd22d5997421a6","timestamp":"2026-08-06T03:03:15.895Z"}
{"level":"info","message":"[Analyzer] Processing 41/100: 0xacd831d9ec2dbca019b43970d5cfccc66c917c18","timestamp":"2026-08-06T03:03:15.896Z"}
{"level":"info","message":"[Analyzer] Processing 42/100: 0x39d1bbf9cd3931dec24a321286b91efa4ecba5f2","timestamp":"2026-08-06T03:03:15.898Z"}
{"level":"info","message":"[Analyzer] Processing 43/100: 0x31f3fe5120b4b6377844e5ab8951c606b19302f9","timestamp":"2026-08-06T03:03:15.898Z"}
{"level":"info","message":"[Analyzer] Processing 44/100: 0x9547c203cca1a7c3411b6d2986a08b679e328481","timestamp":"2026-08-06T03:03:15.899Z"}
{"level":"info","message":"[Analyzer] Processing 45/100: 0x0561ca54f3aaf0e75c3a0e45e0d42044c8a9ec0b","timestamp":"2026-08-06T03:03:15.899Z"}
{"level":"info","message":"[Analyzer] Processing 46/100: 0xeeba53228a605b7451eb364250f67d9bdf93b2a3","timestamp":"2026-08-06T03:03:15.899Z"}
{"level":"info","message":"[Analyzer] Processing 47/100: 0xdfea0e055639dabc5ef21c88cad674af555452f0","timestamp":"2026-08-06T03:03:15.900Z"}
{"level":"info","message":"[Analyzer] Processing 48/100: 0xcd0906e2e4933d4e3fd83b558a7ec2435ff07134","timestamp":"2026-08-06T03:03:15.902Z"}
{"level":"info","message":"[Analyzer] Processing 49/100: 0x527eba26cc6ab51f1eb5434f59a4b4f2174663fe","timestamp":"2026-08-06T03:03:15.903Z"}
{"level":"info","message":"[Analyzer] Processing 50/100: 0xb4dc24952465d3288bb33706c5ba5f419f823fe8","timestamp":"2026-08-06T03:03:15.903Z"}
{"level":"info","message":"[Analyzer] Processing 51/100: 0xfa482e2e4d1b186719ac77a414931d78b2b17fa4","timestamp":"2026-08-06T03:03:15.904Z"}
{"level":"info","message":"[Analyzer] Processing 52/100: 0xa0ce0c0380ac07444f442cdea024c0e6735c3660","timestamp":"2026-08-06T03:03:15.904Z"}
{"level":"info","message":"[Analyzer] Processing 53/100: 0xfbb9b504d3b2d22875586c48ce921495e26d0460","timestamp":"2026-08-06T03:03:15.904Z"}
{"level":"info","message":"[Analyzer] Processing 54/100: 0xa584f9d2a534da7d3fbf8631395b021cf6e5aed9","timestamp":"2026-08-06T03:03:15.905Z"}
{"level":"info","message":"[Analyzer] Processing 55/100: 0xdf3349ed87091aa9917e36633074200188faf36f","timestamp":"2026-08-06T03:03:15.905Z"}
{"level":"info","message":"[Analyzer] Processing 56/100: 0xc59acb1f375a69a487d65ba838cedfdc7f8e4347","timestamp":"2026-08-06T03:03:15.905Z"}
{"level":"info","message":"[Analyzer] Processing 57/100: 0xc6559e32ff869cb85cc6a73cdca538620ef6e1c3","timestamp":"2026-08-06T03:03:15.906Z"}
{"level":"info","message":"[Analyzer] Processing 58/100: 0xbdfaea3709b1082ed950bc08b206b62831dd11da","timestamp":"2026-08-06T03:03:15.906Z"}
{"level":"info","message":"[Analyzer] Processing 59/100: 0x30fdb9a64819958b6c8920569e6a8dd526ad537a","timestamp":"2026-08-06T03:03:15.906Z"}
{"level":"info","message":"[Analyzer] Processing 60/100: 0xa183cddcf7a64d8b924691472b9b5e6b16c78558","timestamp":"2026-08-06T03:03:15.908Z"}
{"level":"info","message":"[Analyzer] Processing 61/100: 0xa271e19f87d04437e1af108d12b0c76a7dec537f","timestamp":"2026-08-06T03:03:15.909Z"}
{"level":"info","message":"[Analyzer] Processing 62/100: 0x218b43c33bd4bddf001cb7fd33b6d83c9fe71845","timestamp":"2026-08-06T03:03:15.909Z"}
{"level":"info","message":"[Analyzer] Processing 63/100: 0x0cd701c50ae052f697c8fa5112336ebb7dbc6b46","timestamp":"2026-08-06T03:03:15.909Z"}
{"level":"info","message":"[Analyzer] Processing 64/100: 0xb75b68df67dca374714ce91cdc40560a3ec62aee","timestamp":"2026-08-06T03:03:15.910Z"}
{"level":"info","message":"[Analyzer] Processing 65/100: 0x3afbc3bb6bcb6872ffe6addc253bc792df491fc0","timestamp":"2026-08-06T03:03:15.910Z"}
{"level":"info","message":"[Analyzer] Processing 66/100: 0x86f3ed3338331c5a79573b99db4b17ce2b08f059","timestamp":"2026-08-06T03:03:15.910Z"}
{"level":"info","message":"[Analyzer] Processing 67/100: 0x08da202d8ad53109dc73fbc66748bb94bd6fab04","timestamp":"2026-08-06T03:03:15.910Z"}
{"level":"info","message":"[Analyzer] Processing 68/100: 0x0d96e17cfe83d83c453002947a0d58e4355625b4","timestamp":"2026-08-06T03:03:15.911Z"}
{"level":"info","message":"[Analyzer] Processing 69/100: 0xc5588038372804d15af081e396717d458700bbd0","timestamp":"2026-08-06T03:03:15.911Z"}
{"level":"info","message":"[Analyzer] Processing 70/100: 0xb895f06256d7ce37ff62cb62f69f153c27c85ac8","timestamp":"2026-08-06T03:03:15.911Z"}
{"level":"info","message":"[Analyzer] Processing 71/100: 0xd81bcbee701e8412efa706f99260b47f955ee029","timestamp":"2026-08-06T03:03:15.912Z"}
{"level":"info","message":"[Analyzer] Processing 72/100: 0x3b97345aa2b77b4259179c24273014dacbe4b6fc","timestamp":"2026-08-06T03:03:15.912Z"}
{"level":"info","message":"[Analyzer] Processing 73/100: 0xafbb0afb2194860cbb8515ffd45bf37590ba24d7","timestamp":"2026-08-06T03:03:15.912Z"}
{"level":"info","message":"[Analyzer] Processing 74/100: 0xd01d3969acd4307e63837d0153fea0213a0322a7","timestamp":"2026-08-06T03:03:15.914Z"}
{"level":"info","message":"[Analyzer] Processing 75/100: 0x7c04b431733ed930452d68a0f171a6ab6d70517c","timestamp":"2026-08-06T03:03:15.914Z"}
{"level":"info","message":"[Analyzer] Processing 76/100: 0x82912b036bff902a14c4902a636670001ef7e8b1","timestamp":"2026-08-06T03:03:15.915Z"}
{"level":"info","message":"[Analyzer] Processing 77/100: 0xb2fa64e8a1f8d5c2813097ec2105373376144f35","timestamp":"2026-08-06T03:03:15.915Z"}
{"level":"info","message":"[Analyzer] Processing 78/100: 0x366e24f227d7f647687cdc192efbf68e593159de","timestamp":"2026-08-06T03:03:15.916Z"}
{"level":"info","message":"[Analyzer] Processing 79/100: 0x92faa782e2e8a64fb2cf1ee0e3ec6c33d6b93d31","timestamp":"2026-08-06T03:03:15.916Z"}
{"level":"info","message":"[Analyzer] Processing 80/100: 0xe2f7215ffe9092bc1bf29db712fc088586c44dcf","timestamp":"2026-08-06T03:03:15.916Z"}
{"level":"info","message":"[Analyzer] Processing 81/100: 0xb7697184b9e0342e7d3398b8049ae1783625028c","timestamp":"2026-08-06T03:03:15.916Z"}
{"level":"info","message":"[Analyzer] Processing 82/100: 0x5460618535740a7d4b767a311132b0d76e5e5cd2","timestamp":"2026-08-06T03:03:15.917Z"}
{"level":"info","message":"[Analyzer] Processing 83/100: 0x867e549517966d0c1d8a23dd01164e02c091b86f","timestamp":"2026-08-06T03:03:15.917Z"}
{"level":"info","message":"[Analyzer] Processing 84/100: 0xc247c332b394b5e84568ea50d8c6d8cefc8efb91","timestamp":"2026-08-06T03:03:15.917Z"}
{"level":"info","message":"[Analyzer] Processing 85/100: 0x8746adf0bb2bb35ef6cbd54afbc544084b91d75a","timestamp":"2026-08-06T03:03:15.917Z"}
{"level":"info","message":"[Analyzer] Processing 86/100: 0x88a1d3acf440bda4f3a8fd72c51d4d4351e3494d","timestamp":"2026-08-06T03:03:15.918Z"}
{"level":"info","message":"[Analyzer] Processing 87/100: 0x599aa12e8c8ca360e38d5374a1f09cdfc2ab8408","timestamp":"2026-08-06T03:03:15.918Z"}
{"level":"info","message":"[Analyzer] Processing 88/100: 0x23cbc7e744d1fc979ddd502305be1ed66e468e5a","timestamp":"2026-08-06T03:03:15.919Z"}
{"level":"info","message":"[Analyzer] Processing 89/100: 0x423835fca3f1ea2a3667a48254b1a08abfd6fc3b","timestamp":"2026-08-06T03:03:15.920Z"}
{"level":"info","message":"[Analyzer] Processing 90/100: 0xaa1f91a025becf349cf42d2c354c9532b21115fc","timestamp":"2026-08-06T03:03:15.921Z"}
{"level":"info","message":"[Analyzer] Processing 91/100: 0x10508ae18a8adebabd4905cb6e8ff07d79102030","timestamp":"2026-08-06T03:03:15.921Z"}
{"level":"info","message":"[Analyzer] Processing 92/100: 0x882283c9b5590774a7371f3ce7e13e251d6dfae0","timestamp":"2026-08-06T03:03:15.922Z"}
{"level":"info","message":"[Analyzer] Processing 93/100: 0xc8fd9c92d78f6b435f48ebb3a89a1c0b14bb979b","timestamp":"2026-08-06T03:03:15.922Z"}
{"level":"info","message":"[Analyzer] Processing 94/100: 0x8ee9925f47228408dd2a46ac9d868bfdcfc44566","timestamp":"2026-08-06T03:03:15.923Z"}
{"level":"info","message":"[Analyzer] Processing 95/100: 0xa4a1344632d3fe10eedade97b71ffb054416b905","timestamp":"2026-08-06T03:03:15.923Z"}
{"level":"info","message":"[Analyzer] Processing 96/100: 0x3c296f655e30faa6fb7c4ecc82f8d37158c68e6d","timestamp":"2026-08-06T03:03:15.923Z"}
{"level":"info","message":"[Analyzer] Processing 97/100: 0xb4784a2a577fee0105c69cad3eb1ffc5de507c4f","timestamp":"2026-08-06T03:03:15.924Z"}
{"level":"info","message":"[Analyzer] Processing 98/100: 0xdf57f69a95a910629968f13c143b0f7e89418819","timestamp":"2026-08-06T03:03:15.924Z"}
{"level":"info","message":"[Analyzer] Processing 99/100: 0xd0a245538927165409ab6c45938628c9e7b288a3","timestamp":"2026-08-06T03:03:15.924Z"}
{"level":"info","message":"[Analyzer] Processing 100/100: 0x797126e852f130a7d31fcdd4abffc71df9d0ea46","timestamp":"2026-08-06T03:03:15.925Z"}
{"level":"info","message":"Page 23: +96 human targets | 4 bots filtered","timestamp":"2026-08-06T03:03:30.559Z"}
{"level":"info","message":"Page 23: Deleted 716 transfer records for 100 evaluated senders","timestamp":"2026-08-06T03:03:31.005Z"}
{"level":"info","message":"Fetched 100 raw pairs (page 24). Running Stage 1 + Stage 2 checks...","timestamp":"2026-08-06T03:03:31.640Z"}
{"level":"info","message":"[Analyzer] Processing 1/100: 0xcd1de5c7a9a7f5edd09e89cbed281577b99292c7","timestamp":"2026-08-06T03:03:31.640Z"}
{"level":"info","message":"[Analyzer] Processing 2/100: 0x751a8a4ba46be0cd308d24baf9dcc5dfe1118c00","timestamp":"2026-08-06T03:03:31.641Z"}
{"level":"info","message":"[Analyzer] Processing 3/100: 0x9830e686e1c704c917a33293b058b7ac4b0a0689","timestamp":"2026-08-06T03:03:31.642Z"}
{"level":"info","message":"[Analyzer] Processing 4/100: 0x89fafcbb10d4a6354a22fae1e8efca21f25bd8ab","timestamp":"2026-08-06T03:03:31.642Z"}
{"level":"info","message":"[Analyzer] Processing 5/100: 0x3f2199afe000991874d5e60c751a61ac41d65275","timestamp":"2026-08-06T03:03:31.643Z"}
{"level":"info","message":"[Analyzer] Processing 6/100: 0xc859edd5308b79c379219c12ea586c6d222c768c","timestamp":"2026-08-06T03:03:31.643Z"}
{"level":"info","message":"[Analyzer] Processing 7/100: 0x6c413690c19cfc80c3db3211c80993bf642c6456","timestamp":"2026-08-06T03:03:31.644Z"}
{"level":"info","message":"[Analyzer] Processing 8/100: 0x98b6bacad3d33f0b45d2ccd0d0f5003b7ac8992f","timestamp":"2026-08-06T03:03:31.644Z"}
{"level":"info","message":"[Analyzer] Processing 9/100: 0x07d0c8a0c354b1089653fb0a5f33743db5fc6f39","timestamp":"2026-08-06T03:03:31.645Z"}
{"level":"info","message":"[Analyzer] Processing 10/100: 0x67d9dfa02e4c59d8e9a477c4b8af3d4ec090ad41","timestamp":"2026-08-06T03:03:31.646Z"}
{"level":"info","message":"[Analyzer] Processing 11/100: 0xe140db8d9db64bed825e06ab5ff3b096aaff65db","timestamp":"2026-08-06T03:03:31.646Z"}
{"level":"info","message":"[Analyzer] Processing 12/100: 0x9ff5d98ee138fce50114dc6abecff64059dcb190","timestamp":"2026-08-06T03:03:31.647Z"}
{"level":"info","message":"[Analyzer] Processing 13/100: 0xbf335b2558a4342df8815670d62ca1aeacdeb8de","timestamp":"2026-08-06T03:03:31.647Z"}
{"level":"info","message":"[Analyzer] Processing 14/100: 0xbdcd69e715da0e8dc53ece2cc4fdca2f6e5bab2a","timestamp":"2026-08-06T03:03:31.648Z"}
{"level":"info","message":"[Analyzer] Processing 15/100: 0x660c6bfa1d98b1e53b4fbcb8561b3e262739841d","timestamp":"2026-08-06T03:03:31.648Z"}
{"level":"info","message":"[Analyzer] Processing 16/100: 0x5e27af27bf33be7c9023f544fa1f879af7ac7935","timestamp":"2026-08-06T03:03:31.648Z"}
{"level":"info","message":"[Analyzer] Processing 17/100: 0xcc164ff64020120289bbd72e8efcf43c90a6498c","timestamp":"2026-08-06T03:03:31.649Z"}
{"level":"info","message":"[Analyzer] Processing 18/100: 0xaceabbf5519a3ed34f4d598efa1f4504526ad2da","timestamp":"2026-08-06T03:03:31.649Z"}
{"level":"info","message":"[Analyzer] Processing 19/100: 0x8b2d0bd7bfbe218bc1a014027a54d8dd4b5e8365","timestamp":"2026-08-06T03:03:31.650Z"}
{"level":"info","message":"[Analyzer] Processing 20/100: 0xfdd317e08f89f29b4ae9f1173ef984ab3ae94363","timestamp":"2026-08-06T03:03:31.651Z"}
{"level":"info","message":"[Analyzer] Processing 21/100: 0x0e0d87f5b44e1aa88975b69db06d7930ff9532c3","timestamp":"2026-08-06T03:03:31.651Z"}
{"level":"info","message":"[Analyzer] Processing 22/100: 0xa6f333e7ce0a40bd6cd1d9a26589dcc0d79000d3","timestamp":"2026-08-06T03:03:31.652Z"}
{"level":"info","message":"[Analyzer] Processing 23/100: 0x6ad79b6a76736fb94ea85ce612717b0cb797005c","timestamp":"2026-08-06T03:03:31.652Z"}
{"level":"info","message":"[Analyzer] Processing 24/100: 0x6aae2b62c91641c81784796948aedb27c7a4ca56","timestamp":"2026-08-06T03:03:31.653Z"}
{"level":"info","message":"[Analyzer] Processing 25/100: 0x2b8f258d0d66986164c4c3c1cf6c5cc330959dc8","timestamp":"2026-08-06T03:03:31.654Z"}
{"level":"info","message":"[Analyzer] Processing 26/100: 0xbb2f3c011d42d8f023afa5ff2a3f609507d66974","timestamp":"2026-08-06T03:03:31.654Z"}
{"level":"info","message":"[Analyzer] Processing 27/100: 0x2be6ed63434e769415c7930bc184d6ef5182af56","timestamp":"2026-08-06T03:03:31.655Z"}
{"level":"info","message":"[Analyzer] Processing 28/100: 0x36eb34b16d8b12e96aca62ea29f063a72a78554e","timestamp":"2026-08-06T03:03:31.655Z"}
{"level":"info","message":"[Analyzer] Processing 29/100: 0x84306638de4e9a7b36074d277328078055d05d5b","timestamp":"2026-08-06T03:03:31.655Z"}
{"level":"info","message":"[Analyzer] Processing 30/100: 0xbe868519df6ef58a0d890d83a4980a7ee9093122","timestamp":"2026-08-06T03:03:31.655Z"}
{"level":"info","message":"[Analyzer] Processing 31/100: 0x5403863eefae9c4b45bdb85c0194c17131dfc96c","timestamp":"2026-08-06T03:03:31.656Z"}
{"level":"info","message":"[Analyzer] Processing 32/100: 0x2e088d874e82f784a189ea794cd07b2b6dcfefbf","timestamp":"2026-08-06T03:03:31.656Z"}
{"level":"info","message":"[Analyzer] Processing 33/100: 0x9088dce4f82a7ab01b5da5a4d8a7369bdb967e56","timestamp":"2026-08-06T03:03:31.656Z"}
{"level":"info","message":"[Analyzer] Processing 34/100: 0x62897e744e0c71860ea74bd88858b0f4afbf72dd","timestamp":"2026-08-06T03:03:31.657Z"}
{"level":"info","message":"[Analyzer] Processing 35/100: 0x3e72b5ec05a47cf8c290439e4d8b882bb711c498","timestamp":"2026-08-06T03:03:31.657Z"}
{"level":"info","message":"[Analyzer] Processing 36/100: 0x1df17ed9b6b505bd4640dcb969f1c007a2dfe06b","timestamp":"2026-08-06T03:03:31.658Z"}
{"level":"info","message":"[Analyzer] Processing 37/100: 0xcdcb70cd261765a12483a4d7c9a67204b6402fcc","timestamp":"2026-08-06T03:03:31.658Z"}
{"level":"info","message":"[Analyzer] Processing 38/100: 0x88f432fe77b3c52980c34c646ca5900c9a170c13","timestamp":"2026-08-06T03:03:31.659Z"}
{"level":"info","message":"[Analyzer] Processing 39/100: 0xde42bf23e99827f17b29a14a2728b66412c31471","timestamp":"2026-08-06T03:03:31.659Z"}
{"level":"info","message":"[Analyzer] Processing 40/100: 0x069d538d990aa9dbf0e8bf03d0a0213f20a2b6cf","timestamp":"2026-08-06T03:03:31.660Z"}
{"level":"info","message":"[Analyzer] Processing 41/100: 0x37e8033a2902a017e3614ece46eeefed8c73392c","timestamp":"2026-08-06T03:03:31.661Z"}
{"level":"info","message":"[Analyzer] Processing 42/100: 0x6ea10668a4da1614bd96bb9ded258c799dadc7b9","timestamp":"2026-08-06T03:03:31.662Z"}
{"level":"info","message":"[Analyzer] Processing 43/100: 0x22a22a46d7e6b75750feb268400dc07a87b221a9","timestamp":"2026-08-06T03:03:31.662Z"}
{"level":"info","message":"[Analyzer] Processing 44/100: 0x17c764130f177b8a6213815b9586d9c5435f772c","timestamp":"2026-08-06T03:03:31.663Z"}
{"level":"info","message":"[Analyzer] Processing 45/100: 0x1ad790ad8b31ec0c5d2513430c2258cfd6f6020e","timestamp":"2026-08-06T03:03:31.663Z"}
{"level":"info","message":"[Analyzer] Processing 46/100: 0x8f989bf5e957f4bdc9ece1c2fa6c858df30186f0","timestamp":"2026-08-06T03:03:31.663Z"}
{"level":"info","message":"[Analyzer] Processing 47/100: 0x6c7d55ff954dd9bf6ca9cfdfaad1a065f3db7a94","timestamp":"2026-08-06T03:03:31.664Z"}
{"level":"info","message":"[Analyzer] Processing 48/100: 0x97a9d249751f7453411d9291a212e6c04ce5fc9d","timestamp":"2026-08-06T03:03:31.664Z"}
{"level":"info","message":"[Analyzer] Processing 49/100: 0x483df74c50af8fc90449074df0908e3bf864fcd8","timestamp":"2026-08-06T03:03:31.664Z"}
{"level":"info","message":"[Analyzer] Processing 50/100: 0xe15d887773f8b22003581e28acbc1f7b39b54914","timestamp":"2026-08-06T03:03:31.664Z"}
{"level":"info","message":"[Analyzer] Processing 51/100: 0xf4c2181bef782b9ee72e836bfbf5c1e8e59d6009","timestamp":"2026-08-06T03:03:31.664Z"}
{"level":"info","message":"[Analyzer] Processing 52/100: 0x4554424b760550f36438e5100ad3f6624231720b","timestamp":"2026-08-06T03:03:31.665Z"}
{"level":"info","message":"[Analyzer] Processing 53/100: 0xb47e40bea562be5ba6b8d84eccbd36e5b797fb6c","timestamp":"2026-08-06T03:03:31.668Z"}
{"level":"info","message":"[Analyzer] Processing 54/100: 0x0d9fa297ff713a09fb8db5cd38462e5be49b65aa","timestamp":"2026-08-06T03:03:31.668Z"}
{"level":"info","message":"[Analyzer] Processing 55/100: 0x8376d04afb2484ac3dbb2d2613e6f64dfa6bbed5","timestamp":"2026-08-06T03:03:31.669Z"}
{"level":"info","message":"[Analyzer] Processing 56/100: 0x4add9ec1e2d553724d4681183f93ce85d4cdfd96","timestamp":"2026-08-06T03:03:31.669Z"}
{"level":"info","message":"[Analyzer] Processing 57/100: 0xd4bec20283d255457fbc0ccc4dd50dee46bbba2e","timestamp":"2026-08-06T03:03:31.670Z"}
{"level":"info","message":"[Analyzer] Processing 58/100: 0x7383b0c87c2d5c8b09c6878ab87151d3d3234701","timestamp":"2026-08-06T03:03:31.670Z"}
{"level":"info","message":"[Analyzer] Processing 59/100: 0x6a0557f77f84b1f282feed3ed3d05aa048e56143","timestamp":"2026-08-06T03:03:31.671Z"}
{"level":"info","message":"[Analyzer] Processing 60/100: 0x400a5fc9a01fd693b1b76b0afe9bc07e832e0fa9","timestamp":"2026-08-06T03:03:31.671Z"}
{"level":"info","message":"[Analyzer] Processing 61/100: 0x311e7c4c9e67a3f7767f14a77d63b20a8c490812","timestamp":"2026-08-06T03:03:31.672Z"}
{"level":"info","message":"[Analyzer] Processing 62/100: 0x4582a89e307387293c7f93c11a095a8dd3d3f901","timestamp":"2026-08-06T03:03:31.672Z"}
{"level":"info","message":"[Analyzer] Processing 63/100: 0xc88f4ce2e44e930883e10f788dfd7f84f57b1a6f","timestamp":"2026-08-06T03:03:31.673Z"}
{"level":"info","message":"[Analyzer] Processing 64/100: 0x60718339d87234337c1bd7480b31eacd983d0f03","timestamp":"2026-08-06T03:03:31.674Z"}
{"level":"info","message":"[Analyzer] Processing 65/100: 0xda888a8d5a0c0cd13407576b8c7304704749cced","timestamp":"2026-08-06T03:03:31.675Z"}
{"level":"info","message":"[Analyzer] Processing 66/100: 0x5d85ff7dc567454a1f35e2f6bd6cff866d4604dc","timestamp":"2026-08-06T03:03:31.675Z"}
{"level":"info","message":"[Analyzer] Processing 67/100: 0x3c56b5be0f3245d0352b27e79c4d166394c57661","timestamp":"2026-08-06T03:03:31.676Z"}
{"level":"info","message":"[Analyzer] Processing 68/100: 0x100e396bc355ebd1d40b7cfdbe23d74217408302","timestamp":"2026-08-06T03:03:31.677Z"}
{"level":"info","message":"[Analyzer] Processing 69/100: 0xa737113ccc8d20cb44e7e0bda8d993667775b2ef","timestamp":"2026-08-06T03:03:31.677Z"}
{"level":"info","message":"[Analyzer] Processing 70/100: 0x06dbeae03b0d7f7465283fe893c0b764ad409e21","timestamp":"2026-08-06T03:03:31.678Z"}
{"level":"info","message":"[Analyzer] Processing 71/100: 0x96727ed4fead147b6b91fb3682c728f92f022c9e","timestamp":"2026-08-06T03:03:31.678Z"}
{"level":"info","message":"[Analyzer] Processing 72/100: 0xe00c590e677a60ee9b5d2f7b42673d0d48d3c8d8","timestamp":"2026-08-06T03:03:31.680Z"}
{"level":"info","message":"[Analyzer] Processing 73/100: 0xb00a16d0d8d1548892c801185f25615fb94c3e68","timestamp":"2026-08-06T03:03:31.681Z"}
{"level":"info","message":"[Analyzer] Processing 74/100: 0x1c7254a74052f8eb746b161803083360c4fc3b0b","timestamp":"2026-08-06T03:03:31.682Z"}
{"level":"info","message":"[Analyzer] Processing 75/100: 0x9aa0c22f1a1f9004a524c76793c03ef5e9ce3b75","timestamp":"2026-08-06T03:03:31.683Z"}
{"level":"info","message":"[Analyzer] Processing 76/100: 0x659b924349891842c3f25e40e337d4784b701a7b","timestamp":"2026-08-06T03:03:31.683Z"}
{"level":"info","message":"[Analyzer] Processing 77/100: 0x373e67f7b3d36886a974cd28c247bd1554b02c4c","timestamp":"2026-08-06T03:03:31.684Z"}
{"level":"info","message":"[Analyzer] Processing 78/100: 0xbab8692f797fa76d130df4648387506ea7f8ae08","timestamp":"2026-08-06T03:03:31.685Z"}
{"level":"info","message":"[Analyzer] Processing 79/100: 0xac881a742018da3ae1e507b1be758eb6f4754f02","timestamp":"2026-08-06T03:03:31.685Z"}
{"level":"info","message":"[Analyzer] Processing 80/100: 0xc0550f8277511a0bf3dfdb5e78de2a01b117c332","timestamp":"2026-08-06T03:03:31.686Z"}
{"level":"info","message":"[Analyzer] Processing 81/100: 0x06673659f1680defe2c73f35a47a05601a61b57c","timestamp":"2026-08-06T03:03:31.687Z"}
{"level":"info","message":"[Analyzer] Processing 82/100: 0xd3bcef4fac991aee22150ffdda81471f6ec253cd","timestamp":"2026-08-06T03:03:31.688Z"}
{"level":"info","message":"[Analyzer] Processing 83/100: 0x5d284c7d16b475e2c68e444354c5e4f09d6743e6","timestamp":"2026-08-06T03:03:31.688Z"}
{"level":"info","message":"[Analyzer] Processing 84/100: 0x4c2c14ad81cd8277b9a43ac301d272f8d4a3a4ba","timestamp":"2026-08-06T03:03:31.689Z"}
{"level":"info","message":"[Analyzer] Processing 85/100: 0x4f04e4dce571375e1b96fd3b25061f0d3fdc1200","timestamp":"2026-08-06T03:03:31.690Z"}
{"level":"info","message":"[Analyzer] Processing 86/100: 0x019004b9800dc231a1ac48a326e38e4be543cdde","timestamp":"2026-08-06T03:03:31.690Z"}
{"level":"info","message":"[Analyzer] Processing 87/100: 0x8fa4ee1776032b612206e754ec2382b534d4ac6f","timestamp":"2026-08-06T03:03:31.691Z"}
{"level":"info","message":"[Analyzer] Processing 88/100: 0x1bcdcda2b100c1e9f37777b9102854b49bf0132d","timestamp":"2026-08-06T03:03:31.692Z"}
{"level":"info","message":"[Analyzer] Processing 89/100: 0xe47c8fe7e80a56c38a0ca018ebdfd4baabeb916d","timestamp":"2026-08-06T03:03:31.692Z"}
{"level":"info","message":"[Analyzer] Processing 90/100: 0x1eac7e790528c2a220a704b83cb1397aa2f46de6","timestamp":"2026-08-06T03:03:31.692Z"}
{"level":"info","message":"[Analyzer] Processing 91/100: 0x9c46ef005ece7882c9dedbf8afec14972f15fc4b","timestamp":"2026-08-06T03:03:31.697Z"}
{"level":"info","message":"[Analyzer] Processing 92/100: 0xf728260bbbdee07822cf2c24ee38b69da11aaa38","timestamp":"2026-08-06T03:03:31.698Z"}
{"level":"info","message":"[Analyzer] Processing 93/100: 0x63ab384940e6ed2f2dc5a9862aed434ca93c318a","timestamp":"2026-08-06T03:03:31.699Z"}
{"level":"info","message":"[Analyzer] Processing 94/100: 0xdbe021ffb5815822b0a81033ef3b566fc621e4b9","timestamp":"2026-08-06T03:03:31.706Z"}
{"level":"info","message":"[Analyzer] Processing 95/100: 0xa82aca4ac61e1e5b5ed8c2e137b8ff85d632d748","timestamp":"2026-08-06T03:03:31.707Z"}
{"level":"info","message":"[Analyzer] Processing 96/100: 0x2bb27e13544dea99b30afdba6a582042ee60cd13","timestamp":"2026-08-06T03:03:31.707Z"}
{"level":"info","message":"[Analyzer] Processing 97/100: 0x97ec8fd5069ec6213c931a60ee95efc43cad0a36","timestamp":"2026-08-06T03:03:31.708Z"}
{"level":"info","message":"[Analyzer] Processing 98/100: 0xd5e71c2f203a64910e594b3925ef70a8f736796e","timestamp":"2026-08-06T03:03:31.708Z"}
{"level":"info","message":"[Analyzer] Processing 99/100: 0xfd3f379e55578f65dcb05f79337d14ba658fe481","timestamp":"2026-08-06T03:03:31.709Z"}
{"level":"info","message":"[Analyzer] Processing 100/100: 0x7971aad9bc4e67a1967f126cfb48a4b75503617b","timestamp":"2026-08-06T03:03:31.709Z"}
{"level":"info","message":"Page 24: +97 human targets | 3 bots filtered","timestamp":"2026-08-06T03:03:47.357Z"}
{"level":"info","message":"Page 24: Deleted 694 transfer records for 100 evaluated senders","timestamp":"2026-08-06T03:03:47.851Z"}
{"level":"info","message":"Fetched 100 raw pairs (page 25). Running Stage 1 + Stage 2 checks...","timestamp":"2026-08-06T03:03:48.379Z"}
{"level":"info","message":"[Analyzer] Processing 1/100: 0xeca2a47661a13cbc965034b672267adce5720d4b","timestamp":"2026-08-06T03:03:48.379Z"}
{"level":"info","message":"[Analyzer] Processing 2/100: 0xda413aa1529eb81018c1859c38f4c9af6f2d52fe","timestamp":"2026-08-06T03:03:48.381Z"}
{"level":"info","message":"[Analyzer] Processing 3/100: 0x7c3f46b84f76db39b8e588bb3dcfb834beddeaa2","timestamp":"2026-08-06T03:03:48.381Z"}
{"level":"info","message":"[Analyzer] Processing 4/100: 0x4049b4043246883901dbacc8cc918d2008923b9e","timestamp":"2026-08-06T03:03:48.382Z"}
{"level":"info","message":"[Analyzer] Processing 5/100: 0x2e4a03785624e1741c4d747526329c9aa6d18ed8","timestamp":"2026-08-06T03:03:48.382Z"}
{"level":"info","message":"[Analyzer] Processing 6/100: 0xccd7dae41dce13de3d8a907f3d043b150e3f3134","timestamp":"2026-08-06T03:03:48.383Z"}
{"level":"info","message":"[Analyzer] Processing 7/100: 0x02aa4f3dc44f3a07b51dc0cbdb5ddffd0c0d3ed3","timestamp":"2026-08-06T03:03:48.383Z"}
{"level":"info","message":"[Analyzer] Processing 8/100: 0x139e027440f8a4be41c6f996b8ff004b3ec362cb","timestamp":"2026-08-06T03:03:48.383Z"}
{"level":"info","message":"[Analyzer] Processing 9/100: 0x8424f6bdc90668454a01a8d18fe1734f15b69187","timestamp":"2026-08-06T03:03:48.384Z"}
{"level":"info","message":"[Analyzer] Processing 10/100: 0x09d6f939848e3c8cbd597b9c27aba950fa1c3a25","timestamp":"2026-08-06T03:03:48.384Z"}
{"level":"info","message":"[Analyzer] Processing 11/100: 0x0b07f64abc342b68aec57c0936e4b6fd4452967e","timestamp":"2026-08-06T03:03:48.385Z"}
{"level":"info","message":"[Analyzer] Processing 12/100: 0x68ca46a4f2e4e41fc781b934bd636c537ceefb22","timestamp":"2026-08-06T03:03:48.386Z"}
{"level":"info","message":"[Analyzer] Processing 13/100: 0x6c6ee94e955fe6c30b9cee91220d18d78adcdf69","timestamp":"2026-08-06T03:03:48.388Z"}
{"level":"info","message":"[Analyzer] Processing 14/100: 0xea8bb1f88036b203f12355706e254e0c36c8d882","timestamp":"2026-08-06T03:03:48.389Z"}
{"level":"info","message":"[Analyzer] Processing 15/100: 0x2cfd65e311db9ef55858e498d637987d5e94ff3d","timestamp":"2026-08-06T03:03:48.389Z"}
{"level":"info","message":"[Analyzer] Processing 16/100: 0xeca36476eff137a7fd2b7dd8f6ebaa9801e0682b","timestamp":"2026-08-06T03:03:48.390Z"}
{"level":"info","message":"[Analyzer] Processing 17/100: 0xe8887c8fae29d6781caeb75428318ca09a3b0491","timestamp":"2026-08-06T03:03:48.390Z"}
{"level":"info","message":"[Analyzer] Processing 18/100: 0x0da7106e1a251a02d9b5d2ba9609f7f5804e6c5c","timestamp":"2026-08-06T03:03:48.390Z"}
{"level":"info","message":"[Analyzer] Processing 19/100: 0x7aed816cbea231fa1b5c603a7c5d02b44af47603","timestamp":"2026-08-06T03:03:48.391Z"}
{"level":"info","message":"[Analyzer] Processing 20/100: 0x63ea8ca4b13f04d091324fe0e3524cf5d6860acf","timestamp":"2026-08-06T03:03:48.392Z"}
{"level":"info","message":"[Analyzer] Processing 21/100: 0x33f6b8b18871defde92b9f7b6e78fbce87bcb4ec","timestamp":"2026-08-06T03:03:48.393Z"}
{"level":"info","message":"[Analyzer] Processing 22/100: 0xc665f08d6e405d722e803b1c146cfc18f1b09570","timestamp":"2026-08-06T03:03:48.394Z"}
{"level":"info","message":"[Analyzer] Processing 23/100: 0xd2753868da5e45d74adf3d90456513473d7856c5","timestamp":"2026-08-06T03:03:48.394Z"}
{"level":"info","message":"[Analyzer] Processing 24/100: 0x155908d73c5779366fc741df39e25b1dcf0fa276","timestamp":"2026-08-06T03:03:48.395Z"}
{"level":"info","message":"[Analyzer] Processing 25/100: 0x7163ba91906b5d64333c2cb8c473e9b7d5c68713","timestamp":"2026-08-06T03:03:48.395Z"}
{"level":"info","message":"[Analyzer] Processing 26/100: 0x70e3e3fefa25700b919e42afaffd4b2ccc070328","timestamp":"2026-08-06T03:03:48.395Z"}
{"level":"info","message":"[Analyzer] Processing 27/100: 0x9186b0b742013a63320aeb2b1f768e8c3bf3da5e","timestamp":"2026-08-06T03:03:48.396Z"}
{"level":"info","message":"[Analyzer] Processing 28/100: 0x00d4e54f8b0a659d3638e498050f4306458c1b1c","timestamp":"2026-08-06T03:03:48.396Z"}
{"level":"info","message":"[Analyzer] Processing 29/100: 0xb37cadc8e2c917565c184cccfac6842f60d38ecf","timestamp":"2026-08-06T03:03:48.396Z"}
{"level":"info","message":"[Analyzer] Processing 30/100: 0xd3d8de030270e5be181f1a0becef1b1588c5f6a0","timestamp":"2026-08-06T03:03:48.397Z"}
{"level":"info","message":"[Analyzer] Processing 31/100: 0x884a46f6d768e8de2b3a091ebe23e9fa7a04b032","timestamp":"2026-08-06T03:03:48.397Z"}
{"level":"info","message":"[Analyzer] Processing 32/100: 0x65f18e06fbbbe6c53482763ad03baa573c504a37","timestamp":"2026-08-06T03:03:48.397Z"}
{"level":"info","message":"[Analyzer] Processing 33/100: 0x0ad1afca7ea09ad91b992a7e64b1092c9c702fb5","timestamp":"2026-08-06T03:03:48.397Z"}
{"level":"info","message":"[Analyzer] Processing 34/100: 0xa23932860b5c22efc97d56d12c4454be78bc4da5","timestamp":"2026-08-06T03:03:48.397Z"}
{"level":"info","message":"[Analyzer] Processing 35/100: 0xef759e3f7fe04ac8c5b63736e5196ded52eaf34e","timestamp":"2026-08-06T03:03:48.398Z"}
{"level":"info","message":"[Analyzer] Processing 36/100: 0xadead027399779bd961e056d44303213480dba2b","timestamp":"2026-08-06T03:03:48.399Z"}
{"level":"info","message":"[Analyzer] Processing 37/100: 0x55f5e7eeb39f3e559fc2a61d9687fa253063c465","timestamp":"2026-08-06T03:03:48.400Z"}
{"level":"info","message":"[Analyzer] Processing 38/100: 0xa6d6f0078272e1e33d6d937e5d96398c1536b988","timestamp":"2026-08-06T03:03:48.400Z"}
{"level":"info","message":"[Analyzer] Processing 39/100: 0x45f6136235f6f6ce27812850f7ab39c8b4b32d2b","timestamp":"2026-08-06T03:03:48.401Z"}
{"level":"info","message":"[Analyzer] Processing 40/100: 0xf676005ca89222c305a5702abc2aeb3febfe2bb8","timestamp":"2026-08-06T03:03:48.401Z"}
{"level":"info","message":"[Analyzer] Processing 41/100: 0x414af6d28e47f93883e933303b307b678b508002","timestamp":"2026-08-06T03:03:48.402Z"}
{"level":"info","message":"[Analyzer] Processing 42/100: 0x30c7b4c38ab5d61fc50391a7e0b5666b5205f73b","timestamp":"2026-08-06T03:03:48.402Z"}
{"level":"info","message":"[Analyzer] Processing 43/100: 0x12560c572b311102cc2874ae0d62ab08e0cde0ef","timestamp":"2026-08-06T03:03:48.403Z"}
{"level":"info","message":"[Analyzer] Processing 44/100: 0x38c60671f8f8c89bbd2835f55254d227dc00a2a3","timestamp":"2026-08-06T03:03:48.403Z"}
{"level":"info","message":"[Analyzer] Processing 45/100: 0xa591238febdf1e42d279ad47d2a23920ca8e92d2","timestamp":"2026-08-06T03:03:48.404Z"}
{"level":"info","message":"[Analyzer] Processing 46/100: 0x108bfb4d975f7deaa616b55178d6f4af3564621f","timestamp":"2026-08-06T03:03:48.405Z"}
{"level":"info","message":"[Analyzer] Processing 47/100: 0x236a89b14816a97c1fb55fd518516f4c4f49b2d9","timestamp":"2026-08-06T03:03:48.405Z"}
{"level":"info","message":"[Analyzer] Processing 48/100: 0xf113204b3230c0e38d2734e4b60d7cfeccdbdef3","timestamp":"2026-08-06T03:03:48.406Z"}
{"level":"info","message":"[Analyzer] Processing 49/100: 0x30e0dba06dab433d898a6791eba26d807da191d0","timestamp":"2026-08-06T03:03:48.406Z"}
{"level":"info","message":"[Analyzer] Processing 50/100: 0x7a1fe3aef43d8be968b96a0072bddc9681c41ee5","timestamp":"2026-08-06T03:03:48.406Z"}
{"level":"info","message":"[Analyzer] Processing 51/100: 0xe40ca914f1854f5606388f9d9ad7112b7f6e85b0","timestamp":"2026-08-06T03:03:48.407Z"}
{"level":"info","message":"[Analyzer] Processing 52/100: 0x5ab4c45896687bab14bbf73b78765e6dfac795ac","timestamp":"2026-08-06T03:03:48.407Z"}
{"level":"info","message":"[Analyzer] Processing 53/100: 0x2da6735db3a7a981b43f83256752e25ec76af689","timestamp":"2026-08-06T03:03:48.407Z"}
{"level":"info","message":"[Analyzer] Processing 54/100: 0x971c98deddead9fa8a071d2fe0fef879531260bf","timestamp":"2026-08-06T03:03:48.408Z"}
{"level":"info","message":"[Analyzer] Processing 55/100: 0x5130c7655d50c14fc9d05e2e1b5b3a39dda3210e","timestamp":"2026-08-06T03:03:48.408Z"}
{"level":"info","message":"[Analyzer] Processing 56/100: 0x5130c7655d50c14fc9d05e2e1b5b3a39dda3210e","timestamp":"2026-08-06T03:03:48.408Z"}
{"level":"info","message":"[Analyzer] Processing 57/100: 0xd125e04f9e6f7c7b8a6d6a8c52166a2b3433d22f","timestamp":"2026-08-06T03:03:48.409Z"}
{"level":"info","message":"[Analyzer] Processing 58/100: 0xaa6355aa29ddd4041e072f758a877778571ce351","timestamp":"2026-08-06T03:03:48.409Z"}
{"level":"info","message":"[Analyzer] Processing 59/100: 0x5e67244b13eaa8d8079fc563f86ccbad0e21a213","timestamp":"2026-08-06T03:03:48.409Z"}
{"level":"info","message":"[Analyzer] Processing 60/100: 0x763c05767134801c114c197de08e6466faba18d6","timestamp":"2026-08-06T03:03:48.410Z"}
{"level":"info","message":"[Analyzer] Processing 61/100: 0x9c87b903396398301e937eca63da9a552c06f67f","timestamp":"2026-08-06T03:03:48.411Z"}
{"level":"info","message":"[Analyzer] Processing 62/100: 0xc92b356c0afb68e82ae9142d32b1683c1d122bc5","timestamp":"2026-08-06T03:03:48.412Z"}
{"level":"info","message":"[Analyzer] Processing 63/100: 0xe9575a2cf8d45a0b36fa1f9cb22d765f704574d4","timestamp":"2026-08-06T03:03:48.412Z"}
{"level":"info","message":"[Analyzer] Processing 64/100: 0xa5c982509870f92724b695d59037d2ea7fa755dc","timestamp":"2026-08-06T03:03:48.412Z"}
{"level":"info","message":"[Analyzer] Processing 65/100: 0x0823ae8a99f1cf29a5dd9301a430affbdfe89324","timestamp":"2026-08-06T03:03:48.413Z"}
{"level":"info","message":"[Analyzer] Processing 66/100: 0x3372ab783fe20394f67f47da3c1e58eb4bf6a98e","timestamp":"2026-08-06T03:03:48.413Z"}
{"level":"info","message":"[Analyzer] Processing 67/100: 0x1d1851be7dcc972906d884f9bae0e36190c427fc","timestamp":"2026-08-06T03:03:48.414Z"}
{"level":"info","message":"[Analyzer] Processing 68/100: 0x9b69d458f61c26a01575fd509f4880ba0128ecca","timestamp":"2026-08-06T03:03:48.415Z"}
{"level":"info","message":"[Analyzer] Processing 69/100: 0x14898e2a42da0dca974d072cbf81d20e4230a15d","timestamp":"2026-08-06T03:03:48.415Z"}
{"level":"info","message":"[Analyzer] Processing 70/100: 0xa1369f97faa9bc4c35dfed9bb540a2058aa13192","timestamp":"2026-08-06T03:03:48.416Z"}
{"level":"info","message":"[Analyzer] Processing 71/100: 0x3118996dfd6864e76f4a017fb34b07842a6c5d75","timestamp":"2026-08-06T03:03:48.417Z"}
{"level":"info","message":"[Analyzer] Processing 72/100: 0x2a288e6182675d7c0d6c4aae632e2a3810ab612d","timestamp":"2026-08-06T03:03:48.418Z"}
{"level":"info","message":"[Analyzer] Processing 73/100: 0x6618484997266b715e19d2631033c17694946517","timestamp":"2026-08-06T03:03:48.418Z"}
{"level":"info","message":"[Analyzer] Processing 74/100: 0xcb6f439f0c87f4cd7a7a12824ab596bf1036e74b","timestamp":"2026-08-06T03:03:48.419Z"}
{"level":"info","message":"[Analyzer] Processing 75/100: 0x3cd71cd6a7abe276ae1aad3f622df42f79ca41af","timestamp":"2026-08-06T03:03:48.419Z"}
{"level":"info","message":"[Analyzer] Processing 76/100: 0xec481f81cdf07e77e4e5f5d65233eba8ae942f69","timestamp":"2026-08-06T03:03:48.420Z"}
{"level":"info","message":"[Analyzer] Processing 77/100: 0xec481f81cdf07e77e4e5f5d65233eba8ae942f69","timestamp":"2026-08-06T03:03:48.420Z"}
{"level":"info","message":"[Analyzer] Processing 78/100: 0xac7f0ceeeae4c5a9826679bc52c76854f6ed91f2","timestamp":"2026-08-06T03:03:48.420Z"}
{"level":"info","message":"[Analyzer] Processing 79/100: 0xabaaede80e7f4f32210e1360a25f5a42db49a9e8","timestamp":"2026-08-06T03:03:48.421Z"}
{"level":"info","message":"[Analyzer] Processing 80/100: 0x3e3577db1f75f584da9796f75263f595d42fc7c6","timestamp":"2026-08-06T03:03:48.421Z"}
{"level":"info","message":"[Analyzer] Processing 81/100: 0xef892b3718a5a6c0b1ebe8a4cdd30f38ae808a21","timestamp":"2026-08-06T03:03:48.422Z"}
{"level":"info","message":"[Analyzer] Processing 82/100: 0x9e62d6f8b5ff648f627ecdbafb0b677b65087bfd","timestamp":"2026-08-06T03:03:48.423Z"}
{"level":"info","message":"[Analyzer] Processing 83/100: 0xae4a9da5ccca67c4e7daaaa44992f4d66efdacc2","timestamp":"2026-08-06T03:03:48.423Z"}
{"level":"info","message":"[Analyzer] Processing 84/100: 0xa58766b7ef348a80492e9074d536b341f9705067","timestamp":"2026-08-06T03:03:48.424Z"}
{"level":"info","message":"[Analyzer] Processing 85/100: 0x97b8054066b35be4820e856b75a46eb6cfce0291","timestamp":"2026-08-06T03:03:48.424Z"}
{"level":"info","message":"[Analyzer] Processing 86/100: 0x17a403520ec319ddf02ee932c334328f31a798e4","timestamp":"2026-08-06T03:03:48.425Z"}
{"level":"info","message":"[Analyzer] Processing 87/100: 0x02a98dda5e509b272188040bccf849dab9d32eb4","timestamp":"2026-08-06T03:03:48.425Z"}
{"level":"info","message":"[Analyzer] Processing 88/100: 0xdfc281960f237df0586f4d2a154b47be2082dcd0","timestamp":"2026-08-06T03:03:48.426Z"}
{"level":"info","message":"[Analyzer] Processing 89/100: 0x282f1d2b46863cdb2661f79cd3c105c50be0fc01","timestamp":"2026-08-06T03:03:48.426Z"}
{"level":"info","message":"[Analyzer] Processing 90/100: 0xe26f1dc9269873bdb8c4846842761ebb55daf640","timestamp":"2026-08-06T03:03:48.426Z"}
{"level":"info","message":"[Analyzer] Processing 91/100: 0x39192f4e58662084339269e92ab927489cc92809","timestamp":"2026-08-06T03:03:48.427Z"}
{"level":"info","message":"[Analyzer] Processing 92/100: 0x730d0ae171d330fd4468602d04a31b5a84a1bb44","timestamp":"2026-08-06T03:03:48.427Z"}
{"level":"info","message":"[Analyzer] Processing 93/100: 0x5819f7308048ce1bfd38b8c736740eff8e793749","timestamp":"2026-08-06T03:03:48.428Z"}
{"level":"info","message":"[Analyzer] Processing 94/100: 0xd6d6297a9a87b6ff65444cd85905342d357c97c4","timestamp":"2026-08-06T03:03:48.429Z"}
{"level":"info","message":"[Analyzer] Processing 95/100: 0x7aaf1a6cd27ece1fb7ef8b565e1b9aa7241f7da3","timestamp":"2026-08-06T03:03:48.430Z"}
{"level":"info","message":"[Analyzer] Processing 96/100: 0x149247fa6733aecdf0b2bef83e6b9f5fe9cae7d9","timestamp":"2026-08-06T03:03:48.431Z"}
{"level":"info","message":"[Analyzer] Processing 97/100: 0xe70c26ee320e21897f82d90bd6eb45d9555383c9","timestamp":"2026-08-06T03:03:48.432Z"}
{"level":"info","message":"[Analyzer] Processing 98/100: 0x7f6e1ffd756fd20931cfbd6e3608b509c7785d64","timestamp":"2026-08-06T03:03:48.432Z"}
{"level":"info","message":"[Analyzer] Processing 99/100: 0xf8ac5532cf5d261c00c5a71c246225256db6424d","timestamp":"2026-08-06T03:03:48.432Z"}
{"level":"info","message":"[Analyzer] Processing 100/100: 0xcd9611a769025481359994d380fb5bbe8a496646","timestamp":"2026-08-06T03:03:48.433Z"}
{"level":"info","message":"Page 25: +98 human targets | 2 bots filtered","timestamp":"2026-08-06T03:04:02.946Z"}
{"level":"info","message":"Page 25: Deleted 753 transfer records for 98 evaluated senders","timestamp":"2026-08-06T03:04:03.473Z"}
{"level":"info","message":"Fetched 100 raw pairs (page 26). Running Stage 1 + Stage 2 checks...","timestamp":"2026-08-06T03:04:07.321Z"}
{"level":"info","message":"[Analyzer] Processing 1/100: 0xb7d7ebc64a722c3d5de6cf039ec12b07f234d455","timestamp":"2026-08-06T03:04:07.321Z"}
{"level":"info","message":"[Analyzer] Processing 2/100: 0xe8735c6f8aa05ce9b06229fc2a1ee1338539c296","timestamp":"2026-08-06T03:04:07.321Z"}
{"level":"info","message":"[Analyzer] Processing 3/100: 0x106ca23bffd79e316b423f9518904de427297a51","timestamp":"2026-08-06T03:04:07.322Z"}
{"level":"info","message":"[Analyzer] Processing 4/100: 0x06d7007c806bf00b3b42c8266745a9466adba6e8","timestamp":"2026-08-06T03:04:07.322Z"}
{"level":"info","message":"[Analyzer] Processing 5/100: 0x1aaf7f75c76b9f56fc4a0cae47459151dcb3f8e3","timestamp":"2026-08-06T03:04:07.322Z"}
{"level":"info","message":"[Analyzer] Processing 6/100: 0x476909429862312f6bf97c5e51c32c9224778015","timestamp":"2026-08-06T03:04:07.322Z"}
{"level":"info","message":"[Analyzer] Processing 7/100: 0xbf3bfdd982c9eecf15e7fd79f2d3a4772e09c607","timestamp":"2026-08-06T03:04:07.322Z"}
{"level":"info","message":"[Analyzer] Processing 8/100: 0xbf3bfdd982c9eecf15e7fd79f2d3a4772e09c607","timestamp":"2026-08-06T03:04:07.323Z"}
{"level":"info","message":"[Analyzer] Processing 9/100: 0xc77cab8c540359c851b24323fbed977028255731","timestamp":"2026-08-06T03:04:07.323Z"}
{"level":"info","message":"[Analyzer] Processing 10/100: 0x770903e54f2368c77268e83a9f3826131cbaa272","timestamp":"2026-08-06T03:04:07.323Z"}
{"level":"info","message":"[Analyzer] Processing 11/100: 0x894bce1077f340717a440d5bea736cfaae22a301","timestamp":"2026-08-06T03:04:07.323Z"}
{"level":"info","message":"[Analyzer] Processing 12/100: 0x2a1935ace3eb6ce2fc44b9f7c1f115ac54b697d5","timestamp":"2026-08-06T03:04:07.324Z"}
{"level":"info","message":"[Analyzer] Processing 13/100: 0x74c270dffe403cd7ea68fac70f5db07c4875a913","timestamp":"2026-08-06T03:04:07.324Z"}
{"level":"info","message":"[Analyzer] Processing 14/100: 0xd5a12d02cc300b9ec7da6351f4c903be1b7cf6f6","timestamp":"2026-08-06T03:04:07.324Z"}
{"level":"info","message":"[Analyzer] Processing 15/100: 0x09c8dcf50e6db3fa74d6edde44840ab282d714ed","timestamp":"2026-08-06T03:04:07.325Z"}
{"level":"info","message":"[Analyzer] Processing 16/100: 0x838743824d121cf480c5a69628bb35dded44660e","timestamp":"2026-08-06T03:04:07.325Z"}
{"level":"info","message":"[Analyzer] Processing 17/100: 0xa4f61043fbff5f9a22e3a0047296e63e2ed596f7","timestamp":"2026-08-06T03:04:07.325Z"}
{"level":"info","message":"[Analyzer] Processing 18/100: 0xda95a4214ebb0c017fcd2988af1e644b93255611","timestamp":"2026-08-06T03:04:07.326Z"}
{"level":"info","message":"[Analyzer] Processing 19/100: 0xa09fe38187abecc2768b98b80ea30afbc2fbd774","timestamp":"2026-08-06T03:04:07.326Z"}
{"level":"info","message":"[Analyzer] Processing 20/100: 0x891fccd505d47b6db05ff8ce422e40cc9f8faa32","timestamp":"2026-08-06T03:04:07.326Z"}
{"level":"info","message":"[Analyzer] Processing 21/100: 0xe678389dc1859ddecdaa94809a32c99e125bb594","timestamp":"2026-08-06T03:04:07.327Z"}
{"level":"info","message":"[Analyzer] Processing 22/100: 0xa0ba8686b5bdb462ddf43795c11911cf2499849a","timestamp":"2026-08-06T03:04:07.327Z"}
{"level":"info","message":"[Analyzer] Processing 23/100: 0xd514495c2dbbe0b3c7305e27325f9086a3e172bb","timestamp":"2026-08-06T03:04:07.328Z"}
{"level":"info","message":"[Analyzer] Processing 24/100: 0x517ce9b6d1fcffd29805c3e19b295247fcd94aef","timestamp":"2026-08-06T03:04:07.329Z"}
{"level":"info","message":"[Analyzer] Processing 25/100: 0x28f53841e0ba3837775088e9a707c4147b4859f5","timestamp":"2026-08-06T03:04:07.329Z"}
{"level":"info","message":"[Analyzer] Processing 26/100: 0x571cfcf59f30be7cdb173878d41485e413e3f66a","timestamp":"2026-08-06T03:04:07.329Z"}
{"level":"info","message":"[Analyzer] Processing 27/100: 0xffd644a05974ae22e0e201d1ff48b58acb641a8d","timestamp":"2026-08-06T03:04:07.329Z"}
{"level":"info","message":"[Analyzer] Processing 28/100: 0x045dc9addb9e9447f32136ef4b371dbaaed08997","timestamp":"2026-08-06T03:04:07.330Z"}
{"level":"info","message":"[Analyzer] Processing 29/100: 0x5fcaab24cfd2dc52fcb6c265513c3f99cbd459a8","timestamp":"2026-08-06T03:04:07.330Z"}
{"level":"info","message":"[Analyzer] Processing 30/100: 0xe44f1b1e74528247f296d0a7d1b13fc13abc04eb","timestamp":"2026-08-06T03:04:07.330Z"}
{"level":"info","message":"[Analyzer] Processing 31/100: 0x6baee84a301df1ff71ed851012b6200f12da0a2f","timestamp":"2026-08-06T03:04:07.331Z"}
{"level":"info","message":"[Analyzer] Processing 32/100: 0x53bdf0dfd3225333f97296932f8eb3476d1202fc","timestamp":"2026-08-06T03:04:07.331Z"}
{"level":"info","message":"[Analyzer] Processing 33/100: 0xea3ca64dbefe1870f0059e7e7a441ae550738738","timestamp":"2026-08-06T03:04:07.331Z"}
{"level":"info","message":"[Analyzer] Processing 34/100: 0x65dbb19ab1e2d801840cec5bc81ae4597e761f3c","timestamp":"2026-08-06T03:04:07.332Z"}
{"level":"info","message":"[Analyzer] Processing 35/100: 0x9590bac530290271bba9d94f232bc4c5befd7853","timestamp":"2026-08-06T03:04:07.332Z"}
{"level":"info","message":"[Analyzer] Processing 36/100: 0x99fa40e0ae03c8202d143e6d568ddcecb036a382","timestamp":"2026-08-06T03:04:07.332Z"}
{"level":"info","message":"[Analyzer] Processing 37/100: 0x05889084141e0e88f5fdc43ed3095be7557d6da2","timestamp":"2026-08-06T03:04:07.334Z"}
{"level":"info","message":"[Analyzer] Processing 38/100: 0x6d4a14733a5e6c5a407ce4353280775b3bb6f793","timestamp":"2026-08-06T03:04:07.334Z"}
{"level":"info","message":"[Analyzer] Processing 39/100: 0x5a436013386f7d60b965e8ece3113036aa3cf212","timestamp":"2026-08-06T03:04:07.334Z"}
{"level":"info","message":"[Analyzer] Processing 40/100: 0x8cb5713260397d0654b5dded027f035bb944884a","timestamp":"2026-08-06T03:04:07.334Z"}
{"level":"info","message":"[Analyzer] Processing 41/100: 0xa4925689fe6de16c3ac1ef54b2c31bc27debbce4","timestamp":"2026-08-06T03:04:07.335Z"}
{"level":"info","message":"[Analyzer] Processing 42/100: 0xb25bdc08cfd14a7c009198fa3ac1770c7dc69afa","timestamp":"2026-08-06T03:04:07.335Z"}
{"level":"info","message":"[Analyzer] Processing 43/100: 0x2d16df2b2ce0b63151b6b60db2577cf17944b8b9","timestamp":"2026-08-06T03:04:07.335Z"}
{"level":"info","message":"[Analyzer] Processing 44/100: 0x3638cc151017db62849ed27f277e82f2d8bc04dc","timestamp":"2026-08-06T03:04:07.336Z"}
{"level":"info","message":"[Analyzer] Processing 45/100: 0xbc7a6ef1bf60ba43c95f48a86559b40a4af2f9fa","timestamp":"2026-08-06T03:04:07.336Z"}
{"level":"info","message":"[Analyzer] Processing 46/100: 0x15092156f933bfe682ea37077553cf521078789f","timestamp":"2026-08-06T03:04:07.336Z"}
{"level":"info","message":"[Analyzer] Processing 47/100: 0x1588f4d244128e2c6c071b247bfc4cd46ecc48c3","timestamp":"2026-08-06T03:04:07.336Z"}
{"level":"info","message":"[Analyzer] Processing 48/100: 0xc77cab8c540359c851b24323fbed977028255731","timestamp":"2026-08-06T03:04:07.337Z"}
{"level":"info","message":"[Analyzer] Processing 49/100: 0xba10f038cc75ba1f5da5f952e0f238b121159fae","timestamp":"2026-08-06T03:04:07.337Z"}
{"level":"info","message":"[Analyzer] Processing 50/100: 0xa09fe38187abecc2768b98b80ea30afbc2fbd774","timestamp":"2026-08-06T03:04:07.337Z"}
{"level":"info","message":"[Analyzer] Processing 51/100: 0x4586490d23a8aa613b958278f6010f9d0b4a9fc7","timestamp":"2026-08-06T03:04:07.338Z"}
{"level":"info","message":"[Analyzer] Processing 52/100: 0xcce0c041ab87e541c72e6ebd5b7e81e5e991d474","timestamp":"2026-08-06T03:04:07.338Z"}
{"level":"info","message":"[Analyzer] Processing 53/100: 0xf010592a7b5b9d14c5343fd8c63d6c33318b86a6","timestamp":"2026-08-06T03:04:07.339Z"}
{"level":"info","message":"[Analyzer] Processing 54/100: 0xa5704b9aa25e8945f581b8a85a7f9122a55bbc15","timestamp":"2026-08-06T03:04:07.340Z"}
{"level":"info","message":"[Analyzer] Processing 55/100: 0x9b96e5a20a4f04e25e5aca58720acf352d1da44e","timestamp":"2026-08-06T03:04:07.340Z"}
{"level":"info","message":"[Analyzer] Processing 56/100: 0x77e2be7d8e4967611f841af9e59de639b16cfa58","timestamp":"2026-08-06T03:04:07.341Z"}
{"level":"info","message":"[Analyzer] Processing 57/100: 0x6567e3ee8a2ddeb321d13ca1b420f69d21c18727","timestamp":"2026-08-06T03:04:07.341Z"}
{"level":"info","message":"[Analyzer] Processing 58/100: 0x768ea95f7cbd3ebdee0029b321da9debd5120ded","timestamp":"2026-08-06T03:04:07.342Z"}
{"level":"info","message":"[Analyzer] Processing 59/100: 0xc50c206c6f7d9ee2d456f0ab5ae6052ba1f0552c","timestamp":"2026-08-06T03:04:07.342Z"}
{"level":"info","message":"[Analyzer] Processing 60/100: 0x191fab39aac70a6984b005dfa6cc24f85758cdcf","timestamp":"2026-08-06T03:04:07.342Z"}
{"level":"info","message":"[Analyzer] Processing 61/100: 0x84d11682061b87c1dcacf3503f36af95d175475c","timestamp":"2026-08-06T03:04:07.342Z"}
{"level":"info","message":"[Analyzer] Processing 62/100: 0x8ded17444a5f2408f3837537c0eb84635656a62d","timestamp":"2026-08-06T03:04:07.343Z"}
{"level":"info","message":"[Analyzer] Processing 63/100: 0x2c703277afa51d0bead92a1c956f332b21251d42","timestamp":"2026-08-06T03:04:07.343Z"}
{"level":"info","message":"[Analyzer] Processing 64/100: 0x1d579c76204d5f3fae0949e84f97a81456073e38","timestamp":"2026-08-06T03:04:07.343Z"}
{"level":"info","message":"[Analyzer] Processing 65/100: 0x7d579ce5e64bdd6d2ff87e55bc2435273d9d7875","timestamp":"2026-08-06T03:04:07.344Z"}
{"level":"info","message":"[Analyzer] Processing 66/100: 0x64545f18f687d5d13e8e84a0d6e9523577e993bc","timestamp":"2026-08-06T03:04:07.344Z"}
{"level":"info","message":"[Analyzer] Processing 67/100: 0x56957e411ea83a0b4a0689c1fb0d1e5ea0d20149","timestamp":"2026-08-06T03:04:07.345Z"}
{"level":"info","message":"[Analyzer] Processing 68/100: 0x1009d8f1a84dcefee3a2b26d48a6f68e812e22ec","timestamp":"2026-08-06T03:04:07.346Z"}
{"level":"info","message":"[Analyzer] Processing 69/100: 0xffc2d870c063b9e843522518ae140652b9419576","timestamp":"2026-08-06T03:04:07.346Z"}
{"level":"info","message":"[Analyzer] Processing 70/100: 0xf1edbf98dda764ec51de3776371f0f7d6f6156a8","timestamp":"2026-08-06T03:04:07.347Z"}
{"level":"info","message":"[Analyzer] Processing 71/100: 0x7a9fa9f6e6ebb24ce3d1d4d4a23a3f95873bab47","timestamp":"2026-08-06T03:04:07.347Z"}
{"level":"info","message":"[Analyzer] Processing 72/100: 0xa6ee2322213dbeab94563c5415a3d6451efc7c1b","timestamp":"2026-08-06T03:04:07.347Z"}
{"level":"info","message":"[Analyzer] Processing 73/100: 0xca21412ef254dd0bef8270637525611040a5869a","timestamp":"2026-08-06T03:04:07.347Z"}
{"level":"info","message":"[Analyzer] Processing 74/100: 0x3d1d5cf95a14289dbd881c83fea1373afebc7cac","timestamp":"2026-08-06T03:04:07.348Z"}
{"level":"info","message":"[Analyzer] Processing 75/100: 0x13738ef75d5d4edf4843d9788fd6dc0601f20f01","timestamp":"2026-08-06T03:04:07.348Z"}
{"level":"info","message":"[Analyzer] Processing 76/100: 0x93e8eb8e99205ac2143e943f6693d3822ad1903c","timestamp":"2026-08-06T03:04:07.348Z"}
{"level":"info","message":"[Analyzer] Processing 77/100: 0xf5dc132d6fa2d6fe041e922effee873e65860a21","timestamp":"2026-08-06T03:04:07.348Z"}
{"level":"info","message":"[Analyzer] Processing 78/100: 0xc0603f5cca3d74bc8049614f8089c5a165c3160e","timestamp":"2026-08-06T03:04:07.349Z"}
{"level":"info","message":"[Analyzer] Processing 79/100: 0xa1afcc71a999cc997e0412dc7c66a5b97adec487","timestamp":"2026-08-06T03:04:07.349Z"}
{"level":"info","message":"[Analyzer] Processing 80/100: 0x0896331115e9f73a650554602bf29dcb74f7ecc6","timestamp":"2026-08-06T03:04:07.349Z"}
{"level":"info","message":"[Analyzer] Processing 81/100: 0x56957e411ea83a0b4a0689c1fb0d1e5ea0d20149","timestamp":"2026-08-06T03:04:07.349Z"}
{"level":"info","message":"[Analyzer] Processing 82/100: 0x9071b9dd7045a9842a9953bf1195e8609013a5e6","timestamp":"2026-08-06T03:04:07.349Z"}
{"level":"info","message":"[Analyzer] Processing 83/100: 0x0b883ebd1254b7bc2ff424dac17a4c69ccdafb54","timestamp":"2026-08-06T03:04:07.350Z"}
{"level":"info","message":"[Analyzer] Processing 84/100: 0xfba603b2e7472b68d79a7467fdcafb4389fbcd00","timestamp":"2026-08-06T03:04:07.350Z"}
{"level":"info","message":"[Analyzer] Processing 85/100: 0x03698180aa877c8ca201ceb48562024d070fe67f","timestamp":"2026-08-06T03:04:07.350Z"}
{"level":"info","message":"[Analyzer] Processing 86/100: 0x6cb43cdc8b1f120568c9c7849e1d59644dda45bd","timestamp":"2026-08-06T03:04:07.350Z"}
{"level":"info","message":"[Analyzer] Processing 87/100: 0x89cec43e7db62eb65e90750c6359892edc2a1875","timestamp":"2026-08-06T03:04:07.351Z"}
{"level":"info","message":"[Analyzer] Processing 88/100: 0x905f4c3e7d1c4c73458346fcddd96e168ff7488e","timestamp":"2026-08-06T03:04:07.352Z"}
{"level":"info","message":"[Analyzer] Processing 89/100: 0xf75832671606301e4c61b78172c72405b764f270","timestamp":"2026-08-06T03:04:07.352Z"}
{"level":"info","message":"[Analyzer] Processing 90/100: 0x280798a475c8fff8d2bc426f0dc411d0537d1ffd","timestamp":"2026-08-06T03:04:07.352Z"}
{"level":"info","message":"[Analyzer] Processing 91/100: 0xef490875bba512d84c6314f56b0c666828cd9dae","timestamp":"2026-08-06T03:04:07.353Z"}
{"level":"info","message":"[Analyzer] Processing 92/100: 0x7199f23724ae88ff973a67befc9123e200bb3c74","timestamp":"2026-08-06T03:04:07.353Z"}
{"level":"info","message":"[Analyzer] Processing 93/100: 0xfd9337477d413bde93fe80265f2f70903e0f92c9","timestamp":"2026-08-06T03:04:07.353Z"}
{"level":"info","message":"[Analyzer] Processing 94/100: 0x4a70f9af3d66561e85a275f5cdeaf6661aabd1f3","timestamp":"2026-08-06T03:04:07.353Z"}
{"level":"info","message":"[Analyzer] Processing 95/100: 0x4b52521cf1c601b0ada33a0f8d56d77429c5c13b","timestamp":"2026-08-06T03:04:07.354Z"}
{"level":"info","message":"[Analyzer] Processing 96/100: 0xcd3d3b2205ece87a13c500f50267131dcb0e1f51","timestamp":"2026-08-06T03:04:07.354Z"}
{"level":"info","message":"[Analyzer] Processing 97/100: 0xafd0f5b95ebe3fd8bd83985bb0cb4e5701f43a14","timestamp":"2026-08-06T03:04:07.354Z"}
{"level":"info","message":"[Analyzer] Processing 98/100: 0x7143a7bc4310c488a19b3cf0f6209b72c2028f25","timestamp":"2026-08-06T03:04:07.355Z"}
{"level":"info","message":"[Analyzer] Processing 99/100: 0x56dd874c378cc9f57e8638e7e63292edc77ddf33","timestamp":"2026-08-06T03:04:07.355Z"}
{"level":"info","message":"[Analyzer] Processing 100/100: 0xfdb0df1ced8823f91b2436d046d925a0573c1366","timestamp":"2026-08-06T03:04:07.355Z"}
{"level":"info","message":"Page 26: +84 human targets | 16 bots filtered","timestamp":"2026-08-06T03:04:23.291Z"}
{"level":"info","message":"Page 26: Deleted 695 transfer records for 96 evaluated senders","timestamp":"2026-08-06T03:04:23.847Z"}
{"level":"info","message":"Fetched 100 raw pairs (page 27). Running Stage 1 + Stage 2 checks...","timestamp":"2026-08-06T03:04:24.581Z"}
{"level":"info","message":"[Analyzer] Processing 1/100: 0xbf7f277469cfa5c10672d832f275d2c560880002","timestamp":"2026-08-06T03:04:24.581Z"}
{"level":"info","message":"[Analyzer] Processing 2/100: 0x1db5a48fab1c5ab758e9c9afdd4e3417cf662c01","timestamp":"2026-08-06T03:04:24.581Z"}
{"level":"info","message":"[Analyzer] Processing 3/100: 0x6bfb3172717047de7d68cdf7cc2073cc73a9495c","timestamp":"2026-08-06T03:04:24.582Z"}
{"level":"info","message":"[Analyzer] Processing 4/100: 0x58c641ad788fdc393f5ad5b9ae8d1aff90f6659a","timestamp":"2026-08-06T03:04:24.582Z"}
{"level":"info","message":"[Analyzer] Processing 5/100: 0xb29ac5a152446ae9952be1bb6186f7fcad393dc6","timestamp":"2026-08-06T03:04:24.582Z"}
{"level":"info","message":"[Analyzer] Processing 6/100: 0x3f13a0f64704c10b752d68425b1b7f8f9f22a84a","timestamp":"2026-08-06T03:04:24.583Z"}
{"level":"info","message":"[Analyzer] Processing 7/100: 0x862bba435281107d49634514bbd52ca5f7a600bc","timestamp":"2026-08-06T03:04:24.583Z"}
{"level":"info","message":"[Analyzer] Processing 8/100: 0x702b6b351773c251bac5056c260c23c5d9a2674b","timestamp":"2026-08-06T03:04:24.583Z"}
{"level":"info","message":"[Analyzer] Processing 9/100: 0x05814a46aeba9a384f03fdfae08f48843f5dabba","timestamp":"2026-08-06T03:04:24.584Z"}
{"level":"info","message":"[Analyzer] Processing 10/100: 0xc2dc16e20a723154734efc0bdbf433b2d9f3bd50","timestamp":"2026-08-06T03:04:24.584Z"}
{"level":"info","message":"[Analyzer] Processing 11/100: 0x2de29668958ca3092929e639928a166f5a87f271","timestamp":"2026-08-06T03:04:24.584Z"}
{"level":"info","message":"[Analyzer] Processing 12/100: 0x9e62103b31a87ec989dde89acb0fa57924ccb3cd","timestamp":"2026-08-06T03:04:24.585Z"}
{"level":"info","message":"[Analyzer] Processing 13/100: 0xe5cf2dcaec2d10ef81163624f15cca77f0268560","timestamp":"2026-08-06T03:04:24.585Z"}
{"level":"info","message":"[Analyzer] Processing 14/100: 0xac277b0a717c7051f923836d7314715cdee4876a","timestamp":"2026-08-06T03:04:24.585Z"}
{"level":"info","message":"[Analyzer] Processing 15/100: 0x5ffcdb28b8cc958afe052947d43cb6af04833c37","timestamp":"2026-08-06T03:04:24.585Z"}
{"level":"info","message":"[Analyzer] Processing 16/100: 0x062d69897bf5ecf95736fe23991da574f38788f8","timestamp":"2026-08-06T03:04:24.586Z"}
{"level":"info","message":"[Analyzer] Processing 17/100: 0x392b5d0af2485cf2d6dd2e6b21ab7f351dac6b1d","timestamp":"2026-08-06T03:04:24.586Z"}
{"level":"info","message":"[Analyzer] Processing 18/100: 0xdbc230cf4213c17931e1fc9c7c4c03594f20cde8","timestamp":"2026-08-06T03:04:24.586Z"}
{"level":"info","message":"[Analyzer] Processing 19/100: 0x938755da4f28451c87b59818afc72925656e6283","timestamp":"2026-08-06T03:04:24.586Z"}
{"level":"info","message":"[Analyzer] Processing 20/100: 0x21aa000f58c7028339def58b2ec8b1b914f59d25","timestamp":"2026-08-06T03:04:24.587Z"}
{"level":"info","message":"[Analyzer] Processing 21/100: 0xc6fb8d28b0d94b0e1787dff917f3afffaab751d6","timestamp":"2026-08-06T03:04:24.588Z"}
{"level":"info","message":"[Analyzer] Processing 22/100: 0x791e308dc8fd51c7552749d8fb65db6e3afd72de","timestamp":"2026-08-06T03:04:24.588Z"}
{"level":"info","message":"[Analyzer] Processing 23/100: 0xf6a76f8ecf5fb5a66b0efa4f0511ba7ff6b11a39","timestamp":"2026-08-06T03:04:24.589Z"}
{"level":"info","message":"[Analyzer] Processing 24/100: 0x5c069336a6299bf517dfc3fb8dffd8b1a5840bdb","timestamp":"2026-08-06T03:04:24.589Z"}
{"level":"info","message":"[Analyzer] Processing 25/100: 0x2ff84fbe8d7199eac013ddb1176bd962942e0a49","timestamp":"2026-08-06T03:04:24.589Z"}
{"level":"info","message":"[Analyzer] Processing 26/100: 0xe6c13cf74006220ddb4d04049a494253cd38f513","timestamp":"2026-08-06T03:04:24.589Z"}
{"level":"info","message":"[Analyzer] Processing 27/100: 0x4b21cd0a03844cfa1fef519a26dc5a2932629276","timestamp":"2026-08-06T03:04:24.589Z"}
{"level":"info","message":"[Analyzer] Processing 28/100: 0x12ef15ba14dee48973f55b376101e68d60f79d74","timestamp":"2026-08-06T03:04:24.590Z"}
{"level":"info","message":"[Analyzer] Processing 29/100: 0x72c3943dcbadf4725fe1e079f4b4ec17163c22af","timestamp":"2026-08-06T03:04:24.590Z"}
{"level":"info","message":"[Analyzer] Processing 30/100: 0x827e5ea026fff927ac0dac1db7edee82015d4a34","timestamp":"2026-08-06T03:04:24.590Z"}
{"level":"info","message":"[Analyzer] Processing 31/100: 0x354d004325053f2142dbd1d9c5c1513e499f8079","timestamp":"2026-08-06T03:04:24.591Z"}
{"level":"info","message":"[Analyzer] Processing 32/100: 0xe56b7080bf22e7aefe0991d514bfd3d84dfe8879","timestamp":"2026-08-06T03:04:24.591Z"}
{"level":"info","message":"[Analyzer] Processing 33/100: 0x6b6acdb0b7acc50c5bec2154935292f4c8b94a23","timestamp":"2026-08-06T03:04:24.591Z"}
{"level":"info","message":"[Analyzer] Processing 34/100: 0x6be11a7347beb5e412c1da06d109e4f43cecf35b","timestamp":"2026-08-06T03:04:24.591Z"}
{"level":"info","message":"[Analyzer] Processing 35/100: 0x260ea103414cdb2ef9f7024c49bf0dd12ff1671b","timestamp":"2026-08-06T03:04:24.591Z"}
{"level":"info","message":"[Analyzer] Processing 36/100: 0x87c51a142125d07d9f862fa64b249b0a4a4059ca","timestamp":"2026-08-06T03:04:24.592Z"}
{"level":"info","message":"[Analyzer] Processing 37/100: 0x72271940fed293f34acbff530a816fb88e02ae50","timestamp":"2026-08-06T03:04:24.592Z"}
{"level":"info","message":"[Analyzer] Processing 38/100: 0x8b05395092778e19627b376752084488b2c1733e","timestamp":"2026-08-06T03:04:24.592Z"}
{"level":"info","message":"[Analyzer] Processing 39/100: 0x31c9b3e213f6bd7b348e700ae49633bdab8b5d1e","timestamp":"2026-08-06T03:04:24.593Z"}
{"level":"info","message":"[Analyzer] Processing 40/100: 0x50734e0ed778b4289946a51e5cfb9680ec0fec31","timestamp":"2026-08-06T03:04:24.594Z"}
{"level":"info","message":"[Analyzer] Processing 41/100: 0xc93141004ea6d5eaf43886c579196c1718ddd71b","timestamp":"2026-08-06T03:04:24.594Z"}
{"level":"info","message":"[Analyzer] Processing 42/100: 0x3ae3d109bba8a7f0234a11f1831afd2c420d047a","timestamp":"2026-08-06T03:04:24.594Z"}
{"level":"info","message":"[Analyzer] Processing 43/100: 0xd73113b56c0f2de7681ba0cb09d5cd1a14376b3e","timestamp":"2026-08-06T03:04:24.594Z"}
{"level":"info","message":"[Analyzer] Processing 44/100: 0x7904c49fa6459bb127495a70b6c6fcb32e820d28","timestamp":"2026-08-06T03:04:24.595Z"}
{"level":"info","message":"[Analyzer] Processing 45/100: 0xc02a930158c41db0cc50a48f2c97410b4c2dc80f","timestamp":"2026-08-06T03:04:24.595Z"}
{"level":"info","message":"[Analyzer] Processing 46/100: 0xb3dccbc3dd444bade5685a344d6c1a9733aea70b","timestamp":"2026-08-06T03:04:24.595Z"}
{"level":"info","message":"[Analyzer] Processing 47/100: 0x0e2f05b73af94e5bf7b795e5f1382d78faafa37a","timestamp":"2026-08-06T03:04:24.595Z"}
{"level":"info","message":"[Analyzer] Processing 48/100: 0xac504c75f9cb1e19e0423e2a0016ab514216a492","timestamp":"2026-08-06T03:04:24.596Z"}
{"level":"info","message":"[Analyzer] Processing 49/100: 0x885fa7233ed0a6f9383cdefa0807533e078848d9","timestamp":"2026-08-06T03:04:24.596Z"}
{"level":"info","message":"[Analyzer] Processing 50/100: 0xa276d3eb4549e551c334447ad5ada5076e2577e5","timestamp":"2026-08-06T03:04:24.596Z"}
{"level":"info","message":"[Analyzer] Processing 51/100: 0x54891ccafb5ce79e3fcdb9ca38cd2d7741cae0c2","timestamp":"2026-08-06T03:04:24.596Z"}
{"level":"info","message":"[Analyzer] Processing 52/100: 0xf68260dc4b16dc405afc43b132e042db12ae1c1a","timestamp":"2026-08-06T03:04:24.597Z"}
{"level":"info","message":"[Analyzer] Processing 53/100: 0x9ba1494d161a877ad0d4810a70d81362af56ad49","timestamp":"2026-08-06T03:04:24.597Z"}
{"level":"info","message":"[Analyzer] Processing 54/100: 0x81ccd143db51dde1c8098765d4dafb3c82635a73","timestamp":"2026-08-06T03:04:24.597Z"}
{"level":"info","message":"[Analyzer] Processing 55/100: 0x7b42e4c36de4707d887708b2014fb27c8c5efba9","timestamp":"2026-08-06T03:04:24.597Z"}
{"level":"info","message":"[Analyzer] Processing 56/100: 0x2150d1dbd882a97471c705e201bcade1873a7393","timestamp":"2026-08-06T03:04:24.598Z"}
{"level":"info","message":"[Analyzer] Processing 57/100: 0xb4d3c8d5db3a18490699fe1b633368eb8ce80b72","timestamp":"2026-08-06T03:04:24.598Z"}
{"level":"info","message":"[Analyzer] Processing 58/100: 0x087ee693218e102d26d9511ecdc19a4154fbddcd","timestamp":"2026-08-06T03:04:24.598Z"}
{"level":"info","message":"[Analyzer] Processing 59/100: 0xd068446b78241e930f4fed395fe1161b3f3f1abb","timestamp":"2026-08-06T03:04:24.598Z"}
{"level":"info","message":"[Analyzer] Processing 60/100: 0xc651a6a39187b56387dcda49f45e8a94f5189514","timestamp":"2026-08-06T03:04:24.600Z"}
{"level":"info","message":"[Analyzer] Processing 61/100: 0xb9b5bbca71b7363e74708518613ecbd8db6d49a6","timestamp":"2026-08-06T03:04:24.600Z"}
{"level":"info","message":"[Analyzer] Processing 62/100: 0x6e7ee150f644a2a17c2acd793837f3100a247dd1","timestamp":"2026-08-06T03:04:24.601Z"}
{"level":"info","message":"[Analyzer] Processing 63/100: 0xcf72420e9f6c94d0c99bda8324d0d4a6002fca58","timestamp":"2026-08-06T03:04:24.601Z"}
{"level":"info","message":"[Analyzer] Processing 64/100: 0x3c64df3bf97829dd0d8df2cac79991c77fdefcc5","timestamp":"2026-08-06T03:04:24.601Z"}
{"level":"info","message":"[Analyzer] Processing 65/100: 0x734310df9ce16244075785e3a968031af2bd42c5","timestamp":"2026-08-06T03:04:24.601Z"}
{"level":"info","message":"[Analyzer] Processing 66/100: 0x5ba54e4853b34adb63928babb0f408abac22b5f0","timestamp":"2026-08-06T03:04:24.601Z"}
{"level":"info","message":"[Analyzer] Processing 67/100: 0xae51564961886aee70941d69a4f5968c96007200","timestamp":"2026-08-06T03:04:24.602Z"}
{"level":"info","message":"[Analyzer] Processing 68/100: 0x31bdb06de532090040d6d511bf0bf36449e4c679","timestamp":"2026-08-06T03:04:24.602Z"}
{"level":"info","message":"[Analyzer] Processing 69/100: 0xeb2bcf42ba2fc73051b3cc1c30877b74b406410d","timestamp":"2026-08-06T03:04:24.602Z"}
{"level":"info","message":"[Analyzer] Processing 70/100: 0xef87251e9115f505402a9feabe78c5f5bf272369","timestamp":"2026-08-06T03:04:24.602Z"}
{"level":"info","message":"[Analyzer] Processing 71/100: 0x9a7a9f8ed1a93a9ab37874dec5dba6425452d7d5","timestamp":"2026-08-06T03:04:24.602Z"}
{"level":"info","message":"[Analyzer] Processing 72/100: 0x21dc7a1c0569acfeffff9e13e8df65b414fca1b3","timestamp":"2026-08-06T03:04:24.602Z"}
{"level":"info","message":"[Analyzer] Processing 73/100: 0x47a5c29f1b18c78a22851d635b732aeba4d40aaf","timestamp":"2026-08-06T03:04:24.603Z"}
{"level":"info","message":"[Analyzer] Processing 74/100: 0x883424afa852668a6acd45e12f569190c395f9e0","timestamp":"2026-08-06T03:04:24.603Z"}
{"level":"info","message":"[Analyzer] Processing 75/100: 0xcce1f96b7f858920245ea5d4587a3a28e04662bb","timestamp":"2026-08-06T03:04:24.603Z"}
{"level":"info","message":"[Analyzer] Processing 76/100: 0x091d4db25308202dabacf6118dc79528566bc3e8","timestamp":"2026-08-06T03:04:24.603Z"}
{"level":"info","message":"[Analyzer] Processing 77/100: 0xa062a4aa62ff4744776f62830e3409f2b50bfcf7","timestamp":"2026-08-06T03:04:24.603Z"}
{"level":"info","message":"[Analyzer] Processing 78/100: 0x958c0a8d426cc27d620d2b9418f95e356838c216","timestamp":"2026-08-06T03:04:24.603Z"}
{"level":"info","message":"[Analyzer] Processing 79/100: 0x77b1f127358284f10747c89c0bbb8e4794207652","timestamp":"2026-08-06T03:04:24.604Z"}
{"level":"info","message":"[Analyzer] Processing 80/100: 0x7522d13fc085b9cfb22a645cec2a26fcbe85bd78","timestamp":"2026-08-06T03:04:24.604Z"}
{"level":"info","message":"[Analyzer] Processing 81/100: 0xf18bbd14080994491dbe5e5cfdb32587aaf18f8c","timestamp":"2026-08-06T03:04:24.605Z"}
{"level":"info","message":"[Analyzer] Processing 82/100: 0x1661802dad4dee0b184f74d925e213308997c6db","timestamp":"2026-08-06T03:04:24.606Z"}
{"level":"info","message":"[Analyzer] Processing 83/100: 0xc72b4fdb99c2754a22bf0a00b12ad1be23adad7d","timestamp":"2026-08-06T03:04:24.606Z"}
{"level":"info","message":"[Analyzer] Processing 84/100: 0x492649c04faee173feacb3f170b4931c600b0d12","timestamp":"2026-08-06T03:04:24.606Z"}
{"level":"info","message":"[Analyzer] Processing 85/100: 0xccd7be05c7e75f4cd925154641e5c939712513f9","timestamp":"2026-08-06T03:04:24.607Z"}
{"level":"info","message":"[Analyzer] Processing 86/100: 0x9f8b2a7d8ea9ce11693224af6916278f4bd63cc3","timestamp":"2026-08-06T03:04:24.607Z"}
{"level":"info","message":"[Analyzer] Processing 87/100: 0x4b2fbb75e16a07bbb6ce58d6053080217170fc6b","timestamp":"2026-08-06T03:04:24.607Z"}
{"level":"info","message":"[Analyzer] Processing 88/100: 0x9001e00e11590f16d229211b670b181b6050b6de","timestamp":"2026-08-06T03:04:24.607Z"}
{"level":"info","message":"[Analyzer] Processing 89/100: 0xabb8300f3af8462680e0a2588cd72988ad3b4de6","timestamp":"2026-08-06T03:04:24.607Z"}
{"level":"info","message":"[Analyzer] Processing 90/100: 0x6abf2da7ffa109cbed5bf28381c7c998032d6fa1","timestamp":"2026-08-06T03:04:24.607Z"}
{"level":"info","message":"[Analyzer] Processing 91/100: 0x7e483c6a4e17e35b588446e691c5d47ca6c23d01","timestamp":"2026-08-06T03:04:24.608Z"}
{"level":"info","message":"[Analyzer] Processing 92/100: 0x8e824cea061943df44fa0c683cfb94d15f832827","timestamp":"2026-08-06T03:04:24.608Z"}
{"level":"info","message":"[Analyzer] Processing 93/100: 0xac91b4de8427124b00352b6e20e66bbb0166e4ec","timestamp":"2026-08-06T03:04:24.608Z"}
{"level":"info","message":"[Analyzer] Processing 94/100: 0x9b1b97a8be52e8811fa88e4644b9507a82428d5a","timestamp":"2026-08-06T03:04:24.608Z"}
{"level":"info","message":"[Analyzer] Processing 95/100: 0x483dc31ada5013792dff2755bce7a2900da997ef","timestamp":"2026-08-06T03:04:24.608Z"}
{"level":"info","message":"[Analyzer] Processing 96/100: 0x88b263de26ade15a4b344c9d887a00d0587d5573","timestamp":"2026-08-06T03:04:24.608Z"}
{"level":"info","message":"[Analyzer] Processing 97/100: 0x0d463413443e1594c0ce31313e9802da0d726d27","timestamp":"2026-08-06T03:04:24.609Z"}
{"level":"info","message":"[Analyzer] Processing 98/100: 0x39392fba11a03c7870018a000e9d9d7bda52afe8","timestamp":"2026-08-06T03:04:24.609Z"}
{"level":"info","message":"[Analyzer] Processing 99/100: 0xd2ad5c4519baf6117b278a2de27094d55724cc38","timestamp":"2026-08-06T03:04:24.609Z"}
{"level":"info","message":"[Analyzer] Processing 100/100: 0x6bac098359a232d4290a018420660b41414f1545","timestamp":"2026-08-06T03:04:24.609Z"}
{"level":"info","message":"Page 27: +85 human targets | 15 bots filtered","timestamp":"2026-08-06T03:04:38.396Z"}
{"level":"info","message":"Page 27: Deleted 724 transfer records for 100 evaluated senders","timestamp":"2026-08-06T03:04:39.006Z"}
{"level":"info","message":"Fetched 100 raw pairs (page 28). Running Stage 1 + Stage 2 checks...","timestamp":"2026-08-06T03:04:39.536Z"}
{"level":"info","message":"[Analyzer] Processing 1/100: 0x266d7ccbaa255b8064a7fcad06677e48ee9dac72","timestamp":"2026-08-06T03:04:39.536Z"}
{"level":"info","message":"[Analyzer] Processing 2/100: 0x381f119b7c914cf0afdce5a29654ddc6d036728d","timestamp":"2026-08-06T03:04:39.536Z"}
{"level":"info","message":"[Analyzer] Processing 3/100: 0x0122e1182a4b542ea51d9305b611e6ba9e01a0fd","timestamp":"2026-08-06T03:04:39.537Z"}
{"level":"info","message":"[Analyzer] Processing 4/100: 0x89a28923f045ed8535243d5cbf91a16c2f9eaae1","timestamp":"2026-08-06T03:04:39.537Z"}
{"level":"info","message":"[Analyzer] Processing 5/100: 0xab44d2f03aa9d38407fbb8c4f9e808c6164d875c","timestamp":"2026-08-06T03:04:39.537Z"}
{"level":"info","message":"[Analyzer] Processing 6/100: 0xea5557e69fb153b3ea5cd0a23e443e1df92ec9d4","timestamp":"2026-08-06T03:04:39.549Z"}
{"level":"info","message":"[Analyzer] Processing 7/100: 0x00915b41a7bdbd22913ce2996950bc22246c344c","timestamp":"2026-08-06T03:04:39.549Z"}
{"level":"info","message":"[Analyzer] Processing 8/100: 0xde98dae4378c145126edfee3ab593c99cc1fb2ad","timestamp":"2026-08-06T03:04:39.550Z"}
{"level":"info","message":"[Analyzer] Processing 9/100: 0x67faaaba309bc6d937d08ce92c5592b0c383220b","timestamp":"2026-08-06T03:04:39.550Z"}
{"level":"info","message":"[Analyzer] Processing 10/100: 0x4606e928251aecfc6bfd2968efc287556b6d7cb4","timestamp":"2026-08-06T03:04:39.551Z"}
{"level":"info","message":"[Analyzer] Processing 11/100: 0xc246a78d6d873a2269bcdaed0551d7057be96017","timestamp":"2026-08-06T03:04:39.551Z"}
{"level":"info","message":"[Analyzer] Processing 12/100: 0xe174dcd35733daccf64adbcc0a46c264f78dfbe2","timestamp":"2026-08-06T03:04:39.551Z"}
{"level":"info","message":"[Analyzer] Processing 13/100: 0x6ebd6c4de96862a2437ab16d6f52ffad1981a762","timestamp":"2026-08-06T03:04:39.551Z"}
{"level":"info","message":"[Analyzer] Processing 14/100: 0xf7649f52653e76584d1e8802e931bc368101f188","timestamp":"2026-08-06T03:04:39.552Z"}
{"level":"info","message":"[Analyzer] Processing 15/100: 0xe47e1b2f7a6e461a8c2a460654a4a039fade9087","timestamp":"2026-08-06T03:04:39.552Z"}
{"level":"info","message":"[Analyzer] Processing 16/100: 0xeed6a5e158c1ff1429fb04578b9404eb1c11354f","timestamp":"2026-08-06T03:04:39.553Z"}
{"level":"info","message":"[Analyzer] Processing 17/100: 0xe9d38ed6b44a9806e3a7184ee944a1be335f1780","timestamp":"2026-08-06T03:04:39.554Z"}
{"level":"info","message":"[Analyzer] Processing 18/100: 0x607a86aeee845b47c9fe6ff20883eb4691292c6c","timestamp":"2026-08-06T03:04:39.555Z"}
{"level":"info","message":"[Analyzer] Processing 19/100: 0x02584605206c2fcd6d91c3631df9bad5166229bb","timestamp":"2026-08-06T03:04:39.555Z"}
{"level":"info","message":"[Analyzer] Processing 20/100: 0x6bfd6d54f62f56841e52aeb0c817830dff5a937c","timestamp":"2026-08-06T03:04:39.556Z"}
{"level":"info","message":"[Analyzer] Processing 21/100: 0xa91488f728a397fec8cd6227ef63b8ec7e183218","timestamp":"2026-08-06T03:04:39.556Z"}
{"level":"info","message":"[Analyzer] Processing 22/100: 0x61349439f07fd1980c928f8815060ca1806914e7","timestamp":"2026-08-06T03:04:39.557Z"}
{"level":"info","message":"[Analyzer] Processing 23/100: 0xab1566f0b38bd2249cb74fc0c4f8888a6dbaadd5","timestamp":"2026-08-06T03:04:39.558Z"}
{"level":"info","message":"[Analyzer] Processing 24/100: 0xef2bb177e78e15b601fc41e2aade61a4e11fe8ed","timestamp":"2026-08-06T03:04:39.558Z"}
{"level":"info","message":"[Analyzer] Processing 25/100: 0xac4755bb587263b76be5cd5ea0e347a38a04a1ed","timestamp":"2026-08-06T03:04:39.559Z"}
{"level":"info","message":"[Analyzer] Processing 26/100: 0x4adc2aced7522477c8d5b93d11c8a066e44fe31f","timestamp":"2026-08-06T03:04:39.559Z"}
{"level":"info","message":"[Analyzer] Processing 27/100: 0xa3ce8cfabf26ba5a8d3c66a9513732b82e16f6df","timestamp":"2026-08-06T03:04:39.560Z"}
{"level":"info","message":"[Analyzer] Processing 28/100: 0x01222d9b206bfb353e27f54276b7c0bd7d96503d","timestamp":"2026-08-06T03:04:39.562Z"}
{"level":"info","message":"[Analyzer] Processing 29/100: 0x02528b7104c32844d159ee6f47ee8bf1dbc3e5e9","timestamp":"2026-08-06T03:04:39.564Z"}
{"level":"info","message":"[Analyzer] Processing 30/100: 0x2e664700ae2faebc7bbb42077c4ce11d77f4aa2e","timestamp":"2026-08-06T03:04:39.564Z"}
{"level":"info","message":"[Analyzer] Processing 31/100: 0x89878f64b42ec15ab47eef80db2012b1a5d80949","timestamp":"2026-08-06T03:04:39.565Z"}
{"level":"info","message":"[Analyzer] Processing 32/100: 0x68a27acc720a11bfe46c4fe30fdba496e5cd5804","timestamp":"2026-08-06T03:04:39.565Z"}
{"level":"info","message":"[Analyzer] Processing 33/100: 0x666660ac74869c1889f4359185fbdcbbd9b76666","timestamp":"2026-08-06T03:04:39.566Z"}
{"level":"info","message":"[Analyzer] Processing 34/100: 0x9ebebc82b98ed0bd39d4726deb800fe826eeae27","timestamp":"2026-08-06T03:04:39.566Z"}
{"level":"info","message":"[Analyzer] Processing 35/100: 0xe4dda318f29c21820471326d50db727de4d500d7","timestamp":"2026-08-06T03:04:39.567Z"}
{"level":"info","message":"[Analyzer] Processing 36/100: 0x6e8863d320d4b977eb6bed2fe05e8f456b326c2c","timestamp":"2026-08-06T03:04:39.568Z"}
{"level":"info","message":"[Analyzer] Processing 37/100: 0xb2e9d212cf7e503fbd5cbc066c1231860d5f8ae7","timestamp":"2026-08-06T03:04:39.569Z"}
{"level":"info","message":"[Analyzer] Processing 38/100: 0x10717c2d70bc20374eaecc9015a619fedc3264f1","timestamp":"2026-08-06T03:04:39.569Z"}
{"level":"info","message":"[Analyzer] Processing 39/100: 0xc58d0c92cff78885a81bd6d1b8032d7b81cb9612","timestamp":"2026-08-06T03:04:39.570Z"}
{"level":"info","message":"[Analyzer] Processing 40/100: 0x0d5a81465ea5afc551701079a972d06c8f6d723b","timestamp":"2026-08-06T03:04:39.570Z"}
{"level":"info","message":"[Analyzer] Processing 41/100: 0x794a16e7f2864103f2be459024e97a486a0f5152","timestamp":"2026-08-06T03:04:39.571Z"}
{"level":"info","message":"[Analyzer] Processing 42/100: 0xc03060511fc7722b04baf5458917719f5126ea03","timestamp":"2026-08-06T03:04:39.571Z"}
{"level":"info","message":"[Analyzer] Processing 43/100: 0x0e3ca10121a1459cc701c253cdc01508429bcbc6","timestamp":"2026-08-06T03:04:39.571Z"}
{"level":"info","message":"[Analyzer] Processing 44/100: 0x6956691c9ac3d63272a9167ffe19258638d54a97","timestamp":"2026-08-06T03:04:39.572Z"}
{"level":"info","message":"[Analyzer] Processing 45/100: 0x485cace3b4cad66fbdad62d19322fdc2d596a18b","timestamp":"2026-08-06T03:04:39.572Z"}
{"level":"info","message":"[Analyzer] Processing 46/100: 0x65af03051ea04e2671f4bc0cf8d5dbb53c0f9cea","timestamp":"2026-08-06T03:04:39.572Z"}
{"level":"info","message":"[Analyzer] Processing 47/100: 0x6956691c9ac3d63272a9167ffe19258638d54a97","timestamp":"2026-08-06T03:04:39.573Z"}
{"level":"info","message":"[Analyzer] Processing 48/100: 0xeb9ca8fdfac0652a97c0e1a48c1178d32d3a6b8f","timestamp":"2026-08-06T03:04:39.573Z"}
{"level":"info","message":"[Analyzer] Processing 49/100: 0xe9b5c01df6d5153fcd64646156cb94f5422d46a4","timestamp":"2026-08-06T03:04:39.576Z"}
{"level":"info","message":"[Analyzer] Processing 50/100: 0xce0468fa4715005d5e4a077cc40932b56d01da70","timestamp":"2026-08-06T03:04:39.576Z"}
{"level":"info","message":"[Analyzer] Processing 51/100: 0xe454a5a099a756d815a80fd610df2cfce45284c2","timestamp":"2026-08-06T03:04:39.577Z"}
{"level":"info","message":"[Analyzer] Processing 52/100: 0x1f05d6879c2ba4abc2f9a3b42f4ac30dd4f49935","timestamp":"2026-08-06T03:04:39.578Z"}
{"level":"info","message":"[Analyzer] Processing 53/100: 0x56fb864c16b6968aef0f1e95f2ca78a472132196","timestamp":"2026-08-06T03:04:39.578Z"}
{"level":"info","message":"[Analyzer] Processing 54/100: 0x73ec772601990672271d4f32699376b8f58558ef","timestamp":"2026-08-06T03:04:39.579Z"}
{"level":"info","message":"[Analyzer] Processing 55/100: 0x50648317f2cdefa4d8e6995000d458e442c4ab9e","timestamp":"2026-08-06T03:04:39.579Z"}
{"level":"info","message":"[Analyzer] Processing 56/100: 0x739e0f8b52fde0c1da49f2862e15ca17f12fc466","timestamp":"2026-08-06T03:04:39.579Z"}
{"level":"info","message":"[Analyzer] Processing 57/100: 0x18f83b947a42a70fba63f1a89cd6502d7f0e984f","timestamp":"2026-08-06T03:04:39.580Z"}
{"level":"info","message":"[Analyzer] Processing 58/100: 0x40830d6df84338f86b365add0ca9ff95fefa9832","timestamp":"2026-08-06T03:04:39.582Z"}
{"level":"info","message":"[Analyzer] Processing 59/100: 0x0a912da2ad5ca0384df258b71ef37b018ed2182e","timestamp":"2026-08-06T03:04:39.582Z"}
{"level":"info","message":"[Analyzer] Processing 60/100: 0xba26fcf7e96cb2031fc1541bd81db4024aee4ee8","timestamp":"2026-08-06T03:04:39.583Z"}
{"level":"info","message":"[Analyzer] Processing 61/100: 0x1f60b5ae8c05ac622ea7bae6d2d87851a4498e7a","timestamp":"2026-08-06T03:04:39.583Z"}
{"level":"info","message":"[Analyzer] Processing 62/100: 0x2313887dfb4a43bee0407e41ac56f9ffede3bd30","timestamp":"2026-08-06T03:04:39.583Z"}
{"level":"info","message":"[Analyzer] Processing 63/100: 0xd9c1b52e8cd964683ab3f4b95eeeccb3016323f5","timestamp":"2026-08-06T03:04:39.584Z"}
{"level":"info","message":"[Analyzer] Processing 64/100: 0xad25ca9a6e9c8ab0baba5a5ed0c28fe6fb498514","timestamp":"2026-08-06T03:04:39.584Z"}
{"level":"info","message":"[Analyzer] Processing 65/100: 0xf57ca621a31b050fa5bb3f6592a2f2d35c3c2201","timestamp":"2026-08-06T03:04:39.584Z"}
{"level":"info","message":"[Analyzer] Processing 66/100: 0x6daae604a127b84a22514c3b89212d2c87b6d5ff","timestamp":"2026-08-06T03:04:39.585Z"}
{"level":"info","message":"[Analyzer] Processing 67/100: 0xa05772b66f99a9cdfb847676dd2fc026bae4e9c2","timestamp":"2026-08-06T03:04:39.585Z"}
{"level":"info","message":"[Analyzer] Processing 68/100: 0xf67416a2c49f6a46fee1c47681c5a3832cf8856c","timestamp":"2026-08-06T03:04:39.585Z"}
{"level":"info","message":"[Analyzer] Processing 69/100: 0xf816450f2bd4b1b1915938078341e93331f3ab3a","timestamp":"2026-08-06T03:04:39.585Z"}
{"level":"info","message":"[Analyzer] Processing 70/100: 0x5ced0effe834feb3bf8b185482858ef8b78c14be","timestamp":"2026-08-06T03:04:39.586Z"}
{"level":"info","message":"[Analyzer] Processing 71/100: 0x84601a79063a099f4412e01a97aeb4c17f7fedd3","timestamp":"2026-08-06T03:04:39.588Z"}
{"level":"info","message":"[Analyzer] Processing 72/100: 0x3e000ef5844eebfb82df82c9888696cd9ce6456c","timestamp":"2026-08-06T03:04:39.588Z"}
{"level":"info","message":"[Analyzer] Processing 73/100: 0x1d23bbc8880d12d68f28b1c56cec1875effd3617","timestamp":"2026-08-06T03:04:39.589Z"}
{"level":"info","message":"[Analyzer] Processing 74/100: 0x1c8b812e5c747928ba21525ebd5e57d9a2c0b5b8","timestamp":"2026-08-06T03:04:39.589Z"}
{"level":"info","message":"[Analyzer] Processing 75/100: 0xf55ed4822ceedb7da9be95d759fec039eda2f91e","timestamp":"2026-08-06T03:04:39.589Z"}
{"level":"info","message":"[Analyzer] Processing 76/100: 0x080ccea8654fd4ff80b81e46cff2278689d88fb0","timestamp":"2026-08-06T03:04:39.590Z"}
{"level":"info","message":"[Analyzer] Processing 77/100: 0x50b99c62677a8b3f933e53c5db3900d9911ca485","timestamp":"2026-08-06T03:04:39.590Z"}
{"level":"info","message":"[Analyzer] Processing 78/100: 0x0df22213a3be97bd92fa3c04fbffddc4198898ec","timestamp":"2026-08-06T03:04:39.590Z"}
{"level":"info","message":"[Analyzer] Processing 79/100: 0x7eb9e3e2414ac9300ac1f5e938fe214ce09d0af8","timestamp":"2026-08-06T03:04:39.591Z"}
{"level":"info","message":"[Analyzer] Processing 80/100: 0xd6c1f44caa508b044a070253c1674206b1af508c","timestamp":"2026-08-06T03:04:39.591Z"}
{"level":"info","message":"[Analyzer] Processing 81/100: 0x82f18677b93c526f02129c34edba7066dd8d9cae","timestamp":"2026-08-06T03:04:39.595Z"}
{"level":"info","message":"[Analyzer] Processing 82/100: 0xad7c728f0f02f7050fd0be516133d09f3d3cb542","timestamp":"2026-08-06T03:04:39.595Z"}
{"level":"info","message":"[Analyzer] Processing 83/100: 0xf7e881c67e70512aca14980be31496019ee7cd14","timestamp":"2026-08-06T03:04:39.596Z"}
{"level":"info","message":"[Analyzer] Processing 84/100: 0x646cd701834ba97df80eb918ebc7abda8db8f962","timestamp":"2026-08-06T03:04:39.596Z"}
{"level":"info","message":"[Analyzer] Processing 85/100: 0xc9f359f789628026a46f8f5c4a0d6cf0aa8c571f","timestamp":"2026-08-06T03:04:39.596Z"}
{"level":"info","message":"[Analyzer] Processing 86/100: 0x9db398388b37dacd4e37ec0910d41a197cbfca38","timestamp":"2026-08-06T03:04:39.597Z"}
{"level":"info","message":"[Analyzer] Processing 87/100: 0x5f4d0cb80a98ff981a51708ecaf73bf26c7002b7","timestamp":"2026-08-06T03:04:39.597Z"}
{"level":"info","message":"[Analyzer] Processing 88/100: 0xfbdb2c15a4462b46df3b664c11e5273b50599215","timestamp":"2026-08-06T03:04:39.597Z"}
{"level":"info","message":"[Analyzer] Processing 89/100: 0xe171dc7be9d5a80ee7822ca11299be2d70b530a8","timestamp":"2026-08-06T03:04:39.598Z"}
{"level":"info","message":"[Analyzer] Processing 90/100: 0x82762d2cbbcd03171cf4f9a7bd4f8a4fb5f4feed","timestamp":"2026-08-06T03:04:39.598Z"}
{"level":"info","message":"[Analyzer] Processing 91/100: 0x9fee35dd3a5edd1b60a1666b997e03b72b341add","timestamp":"2026-08-06T03:04:39.598Z"}
{"level":"info","message":"[Analyzer] Processing 92/100: 0xe900da212178b3f88d316ad8933e039613bd3f69","timestamp":"2026-08-06T03:04:39.598Z"}
{"level":"info","message":"[Analyzer] Processing 93/100: 0xfdf4a080650cf82e5b88c32133d2d54f94d73a81","timestamp":"2026-08-06T03:04:39.599Z"}
{"level":"info","message":"[Analyzer] Processing 94/100: 0x5d02ccf0ad1e928e021319efebe730ea5ced4078","timestamp":"2026-08-06T03:04:39.599Z"}
{"level":"info","message":"[Analyzer] Processing 95/100: 0x775a69e1b1ded8105dfca01299ddf06f6a12dcc8","timestamp":"2026-08-06T03:04:39.599Z"}
{"level":"info","message":"[Analyzer] Processing 96/100: 0x59b5ae56c70a418df579f77c9277013c9968f175","timestamp":"2026-08-06T03:04:39.600Z"}
{"level":"info","message":"[Analyzer] Processing 97/100: 0x287c3fffec40a09f87ba84c89a8d290d3eb903f0","timestamp":"2026-08-06T03:04:39.600Z"}
{"level":"info","message":"[Analyzer] Processing 98/100: 0x98a41ce24f8e1ec5627bc818f82cc0675a359be9","timestamp":"2026-08-06T03:04:39.601Z"}
{"level":"info","message":"[Analyzer] Processing 99/100: 0xde59aba43e6b659e8666f7a1d0aed7a938c5f5e9","timestamp":"2026-08-06T03:04:39.602Z"}
{"level":"info","message":"[Analyzer] Processing 100/100: 0x338254d1a8e1ea8f456f243533aebb9ec1aa6c07","timestamp":"2026-08-06T03:04:39.603Z"}
{"level":"info","message":"Page 28: +86 human targets | 14 bots filtered","timestamp":"2026-08-06T03:04:54.320Z"}
{"level":"info","message":"Page 28: Deleted 760 transfer records for 99 evaluated senders","timestamp":"2026-08-06T03:04:54.872Z"}
{"level":"info","message":"Fetched 100 raw pairs (page 29). Running Stage 1 + Stage 2 checks...","timestamp":"2026-08-06T03:05:02.330Z"}
{"level":"info","message":"[Analyzer] Processing 1/100: 0x2c69c28f52593cdca80d4b10143d575633961f24","timestamp":"2026-08-06T03:05:02.331Z"}
{"level":"info","message":"[Analyzer] Processing 2/100: 0x28894713cd9bdafa5f66045fa7a0b99eb5176c5b","timestamp":"2026-08-06T03:05:02.331Z"}
{"level":"info","message":"[Analyzer] Processing 3/100: 0xcac4d03882c661aa9099441c7c0de8b585eaea2d","timestamp":"2026-08-06T03:05:02.331Z"}
{"level":"info","message":"[Analyzer] Processing 4/100: 0x363adf8182fd0fcd0f43d1c904809f85d6f24f7a","timestamp":"2026-08-06T03:05:02.332Z"}
{"level":"info","message":"[Analyzer] Processing 5/100: 0xb0279ce3d02206a33b0b8fdecd051978e44e63fa","timestamp":"2026-08-06T03:05:02.332Z"}
{"level":"info","message":"[Analyzer] Processing 6/100: 0x713f06a51ec6960bb4c0128500cd8f97672a862c","timestamp":"2026-08-06T03:05:02.333Z"}
{"level":"info","message":"[Analyzer] Processing 7/100: 0x75b697387a38ab83908e0bca2a1b5dc8ade9754d","timestamp":"2026-08-06T03:05:02.333Z"}
{"level":"info","message":"[Analyzer] Processing 8/100: 0x83a63f5aba3ea3dbfbbc02b78bc2356eef11736c","timestamp":"2026-08-06T03:05:02.334Z"}
{"level":"info","message":"[Analyzer] Processing 9/100: 0x66f21a9445c33ac9a0014c90fd5453c9defef70b","timestamp":"2026-08-06T03:05:02.335Z"}
{"level":"info","message":"[Analyzer] Processing 10/100: 0x6069dc27cee8aaf49c248286e82e4d211b4d8ef8","timestamp":"2026-08-06T03:05:02.335Z"}
{"level":"info","message":"[Analyzer] Processing 11/100: 0x863e6143409464cdb445ac83d0bde6759f35321b","timestamp":"2026-08-06T03:05:02.336Z"}
{"level":"info","message":"[Analyzer] Processing 12/100: 0x6fe8b12db69ad011748f57219532ab9aa58e170e","timestamp":"2026-08-06T03:05:02.336Z"}
{"level":"info","message":"[Analyzer] Processing 13/100: 0x136aab529cd220e923798cd8eb41400bf02a27d9","timestamp":"2026-08-06T03:05:02.338Z"}
{"level":"info","message":"[Analyzer] Processing 14/100: 0xbe8f5fbc1c350523f3c7d3c64ba35734048d2728","timestamp":"2026-08-06T03:05:02.338Z"}
{"level":"info","message":"[Analyzer] Processing 15/100: 0x627794c63e0d48fd05c4fd39193f00d6827728cf","timestamp":"2026-08-06T03:05:02.339Z"}
{"level":"info","message":"[Analyzer] Processing 16/100: 0x69fa29b4d286167ec24340c0437b4ce242097907","timestamp":"2026-08-06T03:05:02.339Z"}
{"level":"info","message":"[Analyzer] Processing 17/100: 0xe80f36c7c0fc4b27a139bd6611951784afde4620","timestamp":"2026-08-06T03:05:02.339Z"}
{"level":"info","message":"[Analyzer] Processing 18/100: 0x1c6e50c5f247a7a77dced61526f9093eeaf3c055","timestamp":"2026-08-06T03:05:02.340Z"}
{"level":"info","message":"[Analyzer] Processing 19/100: 0x4a12ea1a795caa7422e1cd828685c4aab5320302","timestamp":"2026-08-06T03:05:02.340Z"}
{"level":"info","message":"[Analyzer] Processing 20/100: 0xe0afb959a5109e2209a6f1c9969e6f55a1953722","timestamp":"2026-08-06T03:05:02.341Z"}
{"level":"info","message":"[Analyzer] Processing 21/100: 0x6f7858517e290a9de012e1f5c10b0a2f39e932cd","timestamp":"2026-08-06T03:05:02.341Z"}
{"level":"info","message":"[Analyzer] Processing 22/100: 0x03f932dec0db56bc7634694e8f9c7a017165eda1","timestamp":"2026-08-06T03:05:02.341Z"}
{"level":"info","message":"[Analyzer] Processing 23/100: 0x785574c8b1fe5f12229c36f816a2a95f8f648fca","timestamp":"2026-08-06T03:05:02.342Z"}
{"level":"info","message":"[Analyzer] Processing 24/100: 0x514cd2f66c7a7e1ea9903813955a4c06545de7c1","timestamp":"2026-08-06T03:05:02.343Z"}
{"level":"info","message":"[Analyzer] Processing 25/100: 0x1b49b1e648a9e23c4bb6e2eb42ec43ee1978e563","timestamp":"2026-08-06T03:05:02.343Z"}
{"level":"info","message":"[Analyzer] Processing 26/100: 0x1ac3db412adc485141a544052d270a357519da73","timestamp":"2026-08-06T03:05:02.344Z"}
{"level":"info","message":"[Analyzer] Processing 27/100: 0x623675c28c5ea72824d512263e4b52ef58ad0538","timestamp":"2026-08-06T03:05:02.344Z"}
{"level":"info","message":"[Analyzer] Processing 28/100: 0xdf478231302054e5ff75ba1451d834f9404768a4","timestamp":"2026-08-06T03:05:02.344Z"}
{"level":"info","message":"[Analyzer] Processing 29/100: 0xc46bc7d74ffaa62868f3f34ea701cc434afb1489","timestamp":"2026-08-06T03:05:02.344Z"}
{"level":"info","message":"[Analyzer] Processing 30/100: 0x7c7c44558541a2bb0b2761f48b4770790b233ea4","timestamp":"2026-08-06T03:05:02.345Z"}
{"level":"info","message":"[Analyzer] Processing 31/100: 0xaecf68a02f0a17f70c4f4063cef26cfcf45e987a","timestamp":"2026-08-06T03:05:02.345Z"}
{"level":"info","message":"[Analyzer] Processing 32/100: 0x0305c8aa090070000ee41a82d9226482f0296e08","timestamp":"2026-08-06T03:05:02.345Z"}
{"level":"info","message":"[Analyzer] Processing 33/100: 0x1fd077612bef7171a9996d3ae59fd43533caf0d7","timestamp":"2026-08-06T03:05:02.346Z"}
{"level":"info","message":"[Analyzer] Processing 34/100: 0x5d66b9bb60b55c6e8127a064b99d63111c748821","timestamp":"2026-08-06T03:05:02.346Z"}
{"level":"info","message":"[Analyzer] Processing 35/100: 0x8ebb654719e9596fbebdd44f1942f4d8784bb540","timestamp":"2026-08-06T03:05:02.346Z"}
{"level":"info","message":"[Analyzer] Processing 36/100: 0x5df756d2b351e7cfbe62a59d844945f597f3f09a","timestamp":"2026-08-06T03:05:02.346Z"}
{"level":"info","message":"[Analyzer] Processing 37/100: 0x2842f9956842e468b7faa57367dd374ee14dec1c","timestamp":"2026-08-06T03:05:02.346Z"}
{"level":"info","message":"[Analyzer] Processing 38/100: 0xf4aafbeb50c44fe706cf03d470f10a4f7a0a490e","timestamp":"2026-08-06T03:05:02.347Z"}
{"level":"info","message":"[Analyzer] Processing 39/100: 0x903299b52cd5ca5cdc84026768dfbb39dc325715","timestamp":"2026-08-06T03:05:02.348Z"}
{"level":"info","message":"[Analyzer] Processing 40/100: 0x932bd6036726705efce19ec4ebda6e70142c5003","timestamp":"2026-08-06T03:05:02.349Z"}
{"level":"info","message":"[Analyzer] Processing 41/100: 0x521ad536ac1c0246f2c7b40dc5f4d8853a9382e5","timestamp":"2026-08-06T03:05:02.350Z"}
{"level":"info","message":"[Analyzer] Processing 42/100: 0x1ae7e5184aeaa67e1cb35d2292111cd0be69bc40","timestamp":"2026-08-06T03:05:02.351Z"}
{"level":"info","message":"[Analyzer] Processing 43/100: 0xeed43c5ff8d04fdf5820fa9337c29daab997bf13","timestamp":"2026-08-06T03:05:02.351Z"}
{"level":"info","message":"[Analyzer] Processing 44/100: 0xc510a8fb67c4489ce1406c801f1997fccbed5edd","timestamp":"2026-08-06T03:05:02.351Z"}
{"level":"info","message":"[Analyzer] Processing 45/100: 0x4346997a4e4911a983dd5fd8dd99ba07be9638e8","timestamp":"2026-08-06T03:05:02.352Z"}
{"level":"info","message":"[Analyzer] Processing 46/100: 0x82ffb7d8c71caccf8206bcf3a4206bec826a1923","timestamp":"2026-08-06T03:05:02.352Z"}
{"level":"info","message":"[Analyzer] Processing 47/100: 0x79b962383b069a5e087f42e53e6dbe172a887913","timestamp":"2026-08-06T03:05:02.352Z"}
{"level":"info","message":"[Analyzer] Processing 48/100: 0x5063e2474f6846d31480e1f4b7697ab98522d242","timestamp":"2026-08-06T03:05:02.353Z"}
{"level":"info","message":"[Analyzer] Processing 49/100: 0x2fe45d35c408b9b1dfbdf268dab35672ee2c94ba","timestamp":"2026-08-06T03:05:02.353Z"}
{"level":"info","message":"[Analyzer] Processing 50/100: 0x901bc1ae969e5ff6dcddd5d946828412991c204d","timestamp":"2026-08-06T03:05:02.353Z"}
{"level":"info","message":"[Analyzer] Processing 51/100: 0xe1fb864b85d916d76263363f9df6a90ab4fc64f6","timestamp":"2026-08-06T03:05:02.354Z"}
{"level":"info","message":"[Analyzer] Processing 52/100: 0x1a404a6f528780be2a61d59b59da7f54e57423d2","timestamp":"2026-08-06T03:05:02.355Z"}
{"level":"info","message":"[Analyzer] Processing 53/100: 0xd984882dd44b934bf5214511198e42ac017fa0a5","timestamp":"2026-08-06T03:05:02.356Z"}
{"level":"info","message":"[Analyzer] Processing 54/100: 0x5ea55a9726cb0462f2dc4484330ffb626437c4e0","timestamp":"2026-08-06T03:05:02.356Z"}
{"level":"info","message":"[Analyzer] Processing 55/100: 0x0c74f1ae33f0703fb8008214abffd1e794e0926f","timestamp":"2026-08-06T03:05:02.357Z"}
{"level":"info","message":"[Analyzer] Processing 56/100: 0x2e886db07bf1f649cb0bcfa42821150814eab7f6","timestamp":"2026-08-06T03:05:02.357Z"}
{"level":"info","message":"[Analyzer] Processing 57/100: 0x3054bfdba7d671766e81665eb5b8825ac4328e90","timestamp":"2026-08-06T03:05:02.357Z"}
{"level":"info","message":"[Analyzer] Processing 58/100: 0x4df271e1611073f6cc0cb154cb5ea97bc4eb0e92","timestamp":"2026-08-06T03:05:02.358Z"}
{"level":"info","message":"[Analyzer] Processing 59/100: 0xef9a5315c23fe4a68dba3e4c688f1b742b07a5f5","timestamp":"2026-08-06T03:05:02.359Z"}
{"level":"info","message":"[Analyzer] Processing 60/100: 0x4cd60f8b9a3949cb73e1ecbc996ca0749facc54f","timestamp":"2026-08-06T03:05:02.359Z"}
{"level":"info","message":"[Analyzer] Processing 61/100: 0x352acc368620aaab97aefc74349576aeef87634c","timestamp":"2026-08-06T03:05:02.359Z"}
{"level":"info","message":"[Analyzer] Processing 62/100: 0x0e099bc5055a024d751cf06438e3493acb9f6dd5","timestamp":"2026-08-06T03:05:02.361Z"}
{"level":"info","message":"[Analyzer] Processing 63/100: 0x894c0c2f103ca0b976727f39bc33ac4df91f4e04","timestamp":"2026-08-06T03:05:02.361Z"}
{"level":"info","message":"[Analyzer] Processing 64/100: 0xbc21b66b8a46767397f9947a82815cd47eacc472","timestamp":"2026-08-06T03:05:02.362Z"}
{"level":"info","message":"[Analyzer] Processing 65/100: 0x21f977fd3e7c53c69af4d9a93e1cb9762baa8251","timestamp":"2026-08-06T03:05:02.362Z"}
{"level":"info","message":"[Analyzer] Processing 66/100: 0xac32367276718a4805bfb5d4d6822d232dc77fec","timestamp":"2026-08-06T03:05:02.362Z"}
{"level":"info","message":"[Analyzer] Processing 67/100: 0xadf539ecde4aefbed5b5852ad0d56624538799e7","timestamp":"2026-08-06T03:05:02.363Z"}
{"level":"info","message":"[Analyzer] Processing 68/100: 0xec9c3a4343f60d679936412d0c40722bf0a6265d","timestamp":"2026-08-06T03:05:02.363Z"}
{"level":"info","message":"[Analyzer] Processing 69/100: 0x962e6f6d3edd1b1f7c49ecb8e94d5ed3cbb324c4","timestamp":"2026-08-06T03:05:02.364Z"}
{"level":"info","message":"[Analyzer] Processing 70/100: 0xe05dfd0abae46aa39ede9a54358ed2f51a3db00d","timestamp":"2026-08-06T03:05:02.364Z"}
{"level":"info","message":"[Analyzer] Processing 71/100: 0xc211030cc9b3865a4094510eb2de294b36b02f80","timestamp":"2026-08-06T03:05:02.364Z"}
{"level":"info","message":"[Analyzer] Processing 72/100: 0x8cfd9560e3aabfc801c22ffa7a83451b4f0bb4bc","timestamp":"2026-08-06T03:05:02.365Z"}
{"level":"info","message":"[Analyzer] Processing 73/100: 0x3d5948e3c71788b852eb7991c0e01581707c91a9","timestamp":"2026-08-06T03:05:02.365Z"}
{"level":"info","message":"[Analyzer] Processing 74/100: 0x1db659185b609f5212a2604595f2cb85aca2972b","timestamp":"2026-08-06T03:05:02.365Z"}
{"level":"info","message":"[Analyzer] Processing 75/100: 0x8f016c43114f30f8957f9c08dbd9c5cd729b9792","timestamp":"2026-08-06T03:05:02.366Z"}
{"level":"info","message":"[Analyzer] Processing 76/100: 0x231a00303e633c8b76039f97386c4dd638099f53","timestamp":"2026-08-06T03:05:02.367Z"}
{"level":"info","message":"[Analyzer] Processing 77/100: 0x236f296d9745cc65cd888f868902e570c52a707a","timestamp":"2026-08-06T03:05:02.368Z"}
{"level":"info","message":"[Analyzer] Processing 78/100: 0xad9b5d4ab6360cafc7cb1c36e9b92507c73195cd","timestamp":"2026-08-06T03:05:02.368Z"}
{"level":"info","message":"[Analyzer] Processing 79/100: 0x72ac9f951605886fad489aa2c85b9fa9fc9e98b5","timestamp":"2026-08-06T03:05:02.369Z"}
{"level":"info","message":"[Analyzer] Processing 80/100: 0x0d5a0ea0255c1349b38157dbd4b125f0d659d15c","timestamp":"2026-08-06T03:05:02.369Z"}
{"level":"info","message":"[Analyzer] Processing 81/100: 0xa9137d00c18723b39526f268b53f8e3ecf938ed8","timestamp":"2026-08-06T03:05:02.369Z"}
{"level":"info","message":"[Analyzer] Processing 82/100: 0x0007de94fea9dcb6ee8931f848ee31df6fc4c577","timestamp":"2026-08-06T03:05:02.370Z"}
{"level":"info","message":"[Analyzer] Processing 83/100: 0x91b6bd4e4b58715c4284996e5c3bda20cd0ba82f","timestamp":"2026-08-06T03:05:02.370Z"}
{"level":"info","message":"[Analyzer] Processing 84/100: 0x13e53c3c0cca4d1e97c7c0ac0e95db184aeed900","timestamp":"2026-08-06T03:05:02.370Z"}
{"level":"info","message":"[Analyzer] Processing 85/100: 0xd4da67cdf5ed0a05f72b16db581f6b531ffb0fc2","timestamp":"2026-08-06T03:05:02.370Z"}
{"level":"info","message":"[Analyzer] Processing 86/100: 0xfe86be7b7a6fc2741980fa348a6eba7f1f3c7e2a","timestamp":"2026-08-06T03:05:02.370Z"}
{"level":"info","message":"[Analyzer] Processing 87/100: 0xaf1625a0c01e2f7a34cf07467fe70980755ec1a4","timestamp":"2026-08-06T03:05:02.370Z"}
{"level":"info","message":"[Analyzer] Processing 88/100: 0xd646a53726cc0f235d1ece405e08e4d9930ad290","timestamp":"2026-08-06T03:05:02.371Z"}
{"level":"info","message":"[Analyzer] Processing 89/100: 0x7fb01b188e175de0095ab823fcfcef3d6975b780","timestamp":"2026-08-06T03:05:02.371Z"}
{"level":"info","message":"[Analyzer] Processing 90/100: 0x6ccf7374dd59f3642633ce2161e02cf670773034","timestamp":"2026-08-06T03:05:02.372Z"}
{"level":"info","message":"[Analyzer] Processing 91/100: 0x7f517a32441f8f915cf8c1f2d26240c1be5e9199","timestamp":"2026-08-06T03:05:02.373Z"}
{"level":"info","message":"[Analyzer] Processing 92/100: 0x4cd2304ba445aa38dcdfdf81bc6cf52654453e4a","timestamp":"2026-08-06T03:05:02.373Z"}
{"level":"info","message":"[Analyzer] Processing 93/100: 0x6d95b00e256988ed6c282ac0e02ed8915ec5ec59","timestamp":"2026-08-06T03:05:02.374Z"}
{"level":"info","message":"[Analyzer] Processing 94/100: 0xda298974c49c0ef82ba91fc26647df4cc7f1d871","timestamp":"2026-08-06T03:05:02.374Z"}
{"level":"info","message":"[Analyzer] Processing 95/100: 0x690ffde56fc2cfb168cf898e1239994cefe6ebca","timestamp":"2026-08-06T03:05:02.374Z"}
{"level":"info","message":"[Analyzer] Processing 96/100: 0x722f6df5038f0b234785b7efc510892954144573","timestamp":"2026-08-06T03:05:02.374Z"}
{"level":"info","message":"[Analyzer] Processing 97/100: 0x37cafc75dec5593b056a8844698e98ac855ce594","timestamp":"2026-08-06T03:05:02.375Z"}
{"level":"info","message":"[Analyzer] Processing 98/100: 0x7e0b1e53b4d2d2a1a206c05369d54eedb992666c","timestamp":"2026-08-06T03:05:02.375Z"}
{"level":"info","message":"[Analyzer] Processing 99/100: 0x5b9897c2d6d3117371c0884f82a754b6f947df70","timestamp":"2026-08-06T03:05:02.375Z"}
{"level":"info","message":"[Analyzer] Processing 100/100: 0x0b4996faadd6103b751d7e64827607ce19b727a0","timestamp":"2026-08-06T03:05:02.375Z"}
{"level":"info","message":"Page 29: +84 human targets | 16 bots filtered","timestamp":"2026-08-06T03:05:16.750Z"}
{"level":"info","message":"Page 29: Deleted 694 transfer records for 100 evaluated senders","timestamp":"2026-08-06T03:05:17.333Z"}
{"level":"info","message":"Fetched 100 raw pairs (page 30). Running Stage 1 + Stage 2 checks...","timestamp":"2026-08-06T03:05:18.165Z"}
{"level":"info","message":"[Analyzer] Processing 1/100: 0xeb5a5b9e0d121439c1ef122dc1093c3c5acf54a0","timestamp":"2026-08-06T03:05:18.165Z"}
{"level":"info","message":"[Analyzer] Processing 2/100: 0x387b8f17d575be96202e7db92e03b3a3d39cc392","timestamp":"2026-08-06T03:05:18.166Z"}
{"level":"info","message":"[Analyzer] Processing 3/100: 0xdc4ae30c03d06322388f02350f182b1ea2d9ceb9","timestamp":"2026-08-06T03:05:18.166Z"}
{"level":"info","message":"[Analyzer] Processing 4/100: 0xd33b6dba6b59f2e779bf021b12b2347b5f213ef1","timestamp":"2026-08-06T03:05:18.167Z"}
{"level":"info","message":"[Analyzer] Processing 5/100: 0xd08a7176e7efa689bec7af8191f2c107aecb7a43","timestamp":"2026-08-06T03:05:18.167Z"}
{"level":"info","message":"[Analyzer] Processing 6/100: 0xb2574f989c91717c7812191ff4bdbac06a600a0a","timestamp":"2026-08-06T03:05:18.167Z"}
{"level":"info","message":"[Analyzer] Processing 7/100: 0x17b3f70f9783a3b9e69c83484b711ba026449df3","timestamp":"2026-08-06T03:05:18.168Z"}
{"level":"info","message":"[Analyzer] Processing 8/100: 0x3f8f166aa42675516a8f301b5c19b4aeb2af8d54","timestamp":"2026-08-06T03:05:18.168Z"}
{"level":"info","message":"[Analyzer] Processing 9/100: 0xfe3fd0f11f91f2d077fe237b900dea3cfe67dc5b","timestamp":"2026-08-06T03:05:18.168Z"}
{"level":"info","message":"[Analyzer] Processing 10/100: 0xd2ee79b1c168c834e401af5fb8d7db979194911a","timestamp":"2026-08-06T03:05:18.169Z"}
{"level":"info","message":"[Analyzer] Processing 11/100: 0xa35c5ca03edf3f8b8b1d347cc16fde7392f640e5","timestamp":"2026-08-06T03:05:18.170Z"}
{"level":"info","message":"[Analyzer] Processing 12/100: 0x2a5dd3944035e8d1f265cfcfdafe903f48b3589e","timestamp":"2026-08-06T03:05:18.170Z"}
{"level":"info","message":"[Analyzer] Processing 13/100: 0x485e6c09943ecb745bed1b0d0d53ff0228d9caa4","timestamp":"2026-08-06T03:05:18.170Z"}
{"level":"info","message":"[Analyzer] Processing 14/100: 0x2044c30f480a4e15f5995d17c73770856903fb9e","timestamp":"2026-08-06T03:05:18.171Z"}
{"level":"info","message":"[Analyzer] Processing 15/100: 0xdf0e8cc922c4c3ff7dc13bd810cce8a0cbbbeab1","timestamp":"2026-08-06T03:05:18.173Z"}
{"level":"info","message":"[Analyzer] Processing 16/100: 0xe31536ea25ab26862cf3d9acf7f10600f674dd6e","timestamp":"2026-08-06T03:05:18.174Z"}
{"level":"info","message":"[Analyzer] Processing 17/100: 0xe51fc733601126a2a42520cb904b54b7480dc114","timestamp":"2026-08-06T03:05:18.175Z"}
{"level":"info","message":"[Analyzer] Processing 18/100: 0x7aeef85b007659ba71f2a43146fc8f6c42b9cf62","timestamp":"2026-08-06T03:05:18.176Z"}
{"level":"info","message":"[Analyzer] Processing 19/100: 0x62f92bcd452ef12357f55e34c20e48dd3c485ad3","timestamp":"2026-08-06T03:05:18.176Z"}
{"level":"info","message":"[Analyzer] Processing 20/100: 0x178b221446c8cc27512ba30e719058ef8c44d38f","timestamp":"2026-08-06T03:05:18.177Z"}
{"level":"info","message":"[Analyzer] Processing 21/100: 0x1463f12f669b64a09c77339ea3359795fe48996a","timestamp":"2026-08-06T03:05:18.177Z"}
{"level":"info","message":"[Analyzer] Processing 22/100: 0xfce919e9a781b66b3cf91a9f021ae2ef104d9256","timestamp":"2026-08-06T03:05:18.177Z"}
{"level":"info","message":"[Analyzer] Processing 23/100: 0x0c4bbeabfbd7c7318b868195e7dd5ca41ff1160c","timestamp":"2026-08-06T03:05:18.178Z"}
{"level":"info","message":"[Analyzer] Processing 24/100: 0x649111f5420e47b37037b41682cafacadc945588","timestamp":"2026-08-06T03:05:18.178Z"}
{"level":"info","message":"[Analyzer] Processing 25/100: 0x34ff216a793974465f9303b08fde9500b9c6f0d3","timestamp":"2026-08-06T03:05:18.181Z"}
{"level":"info","message":"[Analyzer] Processing 26/100: 0x1ed297468afaafb0cd3772bd10c977ee84c69cb0","timestamp":"2026-08-06T03:05:18.182Z"}
{"level":"info","message":"[Analyzer] Processing 27/100: 0xc13c1c0b5919e2fca746df2e4a25257dab245b67","timestamp":"2026-08-06T03:05:18.182Z"}
{"level":"info","message":"[Analyzer] Processing 28/100: 0x3b964ea549567141aee45c670c69180b7ee3d0c3","timestamp":"2026-08-06T03:05:18.182Z"}
{"level":"info","message":"[Analyzer] Processing 29/100: 0x1198df5254ab896a2de9ff68261206cfe9e71308","timestamp":"2026-08-06T03:05:18.183Z"}
{"level":"info","message":"[Analyzer] Processing 30/100: 0x00d8f4a72f125fd08c895489ec13d6664d5603a7","timestamp":"2026-08-06T03:05:18.183Z"}
{"level":"info","message":"[Analyzer] Processing 31/100: 0x8cb6f4fc0b484b9a48c32281e211f0a66d092f72","timestamp":"2026-08-06T03:05:18.183Z"}
{"level":"info","message":"[Analyzer] Processing 32/100: 0x0925d56b0b90ff9a6be732b02f226855bbdceb35","timestamp":"2026-08-06T03:05:18.184Z"}
{"level":"info","message":"[Analyzer] Processing 33/100: 0xb8f0877a6e6cb5321eabd2f04a4ba07c5fbcbd73","timestamp":"2026-08-06T03:05:18.184Z"}
{"level":"info","message":"[Analyzer] Processing 34/100: 0xf3bf37535523b95a23f9a8818f6c9fccf12d0d8d","timestamp":"2026-08-06T03:05:18.184Z"}
{"level":"info","message":"[Analyzer] Processing 35/100: 0x6219616f22b050617ee2ed1f3587fd5b2bdd847b","timestamp":"2026-08-06T03:05:18.184Z"}
{"level":"info","message":"[Analyzer] Processing 36/100: 0x669307786a32015dcdd770849c18a6e6fb9f96cb","timestamp":"2026-08-06T03:05:18.184Z"}
{"level":"info","message":"[Analyzer] Processing 37/100: 0x09e749d13a17affcad146c59eb5cea3d7791e745","timestamp":"2026-08-06T03:05:18.185Z"}
{"level":"info","message":"[Analyzer] Processing 38/100: 0x5de9d25c44247354c04c7c364f6e69c9c4af8feb","timestamp":"2026-08-06T03:05:18.185Z"}
{"level":"info","message":"[Analyzer] Processing 39/100: 0xfe4ab80b6f98f968d2e6f5cd2e529bc50ba539d5","timestamp":"2026-08-06T03:05:18.188Z"}
{"level":"info","message":"[Analyzer] Processing 40/100: 0xf6fd1a7e49b2495eb028027ab8c336685f4722ef","timestamp":"2026-08-06T03:05:18.188Z"}
{"level":"info","message":"[Analyzer] Processing 41/100: 0x9417a4faa625021b0edd75cbd03a377eb7ea91ec","timestamp":"2026-08-06T03:05:18.189Z"}
{"level":"info","message":"[Analyzer] Processing 42/100: 0xa43b64f6a1865185e15a9cfe90e84f6545504dba","timestamp":"2026-08-06T03:05:18.189Z"}
{"level":"info","message":"[Analyzer] Processing 43/100: 0x4a7a43f08e2fea525255e720ce331965db0269c2","timestamp":"2026-08-06T03:05:18.190Z"}
{"level":"info","message":"[Analyzer] Processing 44/100: 0x525cd711fddbdafbb5afd8bc709ca6487828fc3b","timestamp":"2026-08-06T03:05:18.190Z"}
{"level":"info","message":"[Analyzer] Processing 45/100: 0xe5dd2062a9fbb5a398a3ed1b04a1c328f6c3235e","timestamp":"2026-08-06T03:05:18.191Z"}
{"level":"info","message":"[Analyzer] Processing 46/100: 0x04e1988b21fd936a93dfa39c1bd9e20fb2aff398","timestamp":"2026-08-06T03:05:18.191Z"}
{"level":"info","message":"[Analyzer] Processing 47/100: 0x378b8d410518ee178e7cd6c19943b664ca58a84f","timestamp":"2026-08-06T03:05:18.192Z"}
{"level":"info","message":"[Analyzer] Processing 48/100: 0xaa237e7a98ac82dff2cd9bd8ed0316b0b4e41f73","timestamp":"2026-08-06T03:05:18.192Z"}
{"level":"info","message":"[Analyzer] Processing 49/100: 0x43c52f58fc387363eb0a995fad32c4030bdb1e88","timestamp":"2026-08-06T03:05:18.192Z"}
{"level":"info","message":"[Analyzer] Processing 50/100: 0x6e1125b3a795d3427f9a02b720ac31a6e622573d","timestamp":"2026-08-06T03:05:18.193Z"}
{"level":"info","message":"[Analyzer] Processing 51/100: 0x3c042e2c8cc90575188906fd2ef1e73ec29526af","timestamp":"2026-08-06T03:05:18.193Z"}
{"level":"info","message":"[Analyzer] Processing 52/100: 0x992c8dad258060a3770c79c3cd6b6016435df35b","timestamp":"2026-08-06T03:05:18.194Z"}
{"level":"info","message":"[Analyzer] Processing 53/100: 0x40f096cc801ee4a41d459446b66d0381b893fcef","timestamp":"2026-08-06T03:05:18.194Z"}
{"level":"info","message":"[Analyzer] Processing 54/100: 0x9a8539748c4fe6bdacbd95d988975576912f6f10","timestamp":"2026-08-06T03:05:18.195Z"}
{"level":"info","message":"[Analyzer] Processing 55/100: 0xe1c40797c1b848b1afcd7346f2d809d751b1f7ef","timestamp":"2026-08-06T03:05:18.195Z"}
{"level":"info","message":"[Analyzer] Processing 56/100: 0xb8d681831e467fe5290bfd96418bdd57c4499024","timestamp":"2026-08-06T03:05:18.195Z"}
{"level":"info","message":"[Analyzer] Processing 57/100: 0x1fba9114d951bcc1e412f651850dc92a75d760a8","timestamp":"2026-08-06T03:05:18.196Z"}
{"level":"info","message":"[Analyzer] Processing 58/100: 0xf423f8b766a4d910ef2d4c27efc7663a8192b245","timestamp":"2026-08-06T03:05:18.196Z"}
{"level":"info","message":"[Analyzer] Processing 59/100: 0xa5fae7ed550943d7e496d8183af1a2eb371441cd","timestamp":"2026-08-06T03:05:18.197Z"}
{"level":"info","message":"[Analyzer] Processing 60/100: 0xbc84ee48439b8728bfde0691e3073de8a6d6edb3","timestamp":"2026-08-06T03:05:18.198Z"}
{"level":"info","message":"[Analyzer] Processing 61/100: 0xe619275393109c0372eb2be6b2c254e484202694","timestamp":"2026-08-06T03:05:18.198Z"}
{"level":"info","message":"[Analyzer] Processing 62/100: 0xdc5ed8ce7b4e9e156cd64741f6410413b7b1a143","timestamp":"2026-08-06T03:05:18.198Z"}
{"level":"info","message":"[Analyzer] Processing 63/100: 0x1aa60b23694974da3555777dc340b8665d0e984e","timestamp":"2026-08-06T03:05:18.199Z"}
{"level":"info","message":"[Analyzer] Processing 64/100: 0x5b693dc2b713421a9ad3695a89602899f3b6d474","timestamp":"2026-08-06T03:05:18.200Z"}
{"level":"info","message":"[Analyzer] Processing 65/100: 0xeb4e9574ef4271cfda36f7173b455176c31e6027","timestamp":"2026-08-06T03:05:18.201Z"}
{"level":"info","message":"[Analyzer] Processing 66/100: 0x619cee7c3f8222a35dd9c3577063336f5235db76","timestamp":"2026-08-06T03:05:18.201Z"}
{"level":"info","message":"[Analyzer] Processing 67/100: 0x25cea9d83987b59743fbf62d11451ec34d6ff0d4","timestamp":"2026-08-06T03:05:18.202Z"}
{"level":"info","message":"[Analyzer] Processing 68/100: 0x662d39ce11267d7b8dd5322b57bf6b60afd540d3","timestamp":"2026-08-06T03:05:18.203Z"}
{"level":"info","message":"[Analyzer] Processing 69/100: 0x34a513786191e759c36e419090c8d5ef71cfddfa","timestamp":"2026-08-06T03:05:18.203Z"}
{"level":"info","message":"[Analyzer] Processing 70/100: 0x1dad3cf43a549a1aa7c71bfc2afb3c87bba1ed85","timestamp":"2026-08-06T03:05:18.205Z"}
{"level":"info","message":"[Analyzer] Processing 71/100: 0x7aa6242db9bd709560a0a72578eb67b8cb5eca16","timestamp":"2026-08-06T03:05:18.205Z"}
{"level":"info","message":"[Analyzer] Processing 72/100: 0x2f74f0150e1c81e7a3fa2a4dce36a9786e31f364","timestamp":"2026-08-06T03:05:18.208Z"}
{"level":"info","message":"[Analyzer] Processing 73/100: 0x71e676c3eb34f19a108ba87974e0dd92d3ef9d44","timestamp":"2026-08-06T03:05:18.209Z"}
{"level":"info","message":"[Analyzer] Processing 74/100: 0xe3d6c082ad71eaa251c33e9e3c43ec4dad5b39ba","timestamp":"2026-08-06T03:05:18.209Z"}
{"level":"info","message":"[Analyzer] Processing 75/100: 0x8244ac05fd756d2f5ef6f2f1ec65b57875ec363e","timestamp":"2026-08-06T03:05:18.210Z"}
{"level":"info","message":"[Analyzer] Processing 76/100: 0xdfcac7c1bb50cf7ba4b0d5df7b0f0f693cf5189b","timestamp":"2026-08-06T03:05:18.210Z"}
{"level":"info","message":"[Analyzer] Processing 77/100: 0x5dfb661e201cadc87e06930ea1676582d4edb5e2","timestamp":"2026-08-06T03:05:18.211Z"}
{"level":"info","message":"[Analyzer] Processing 78/100: 0xd9ada71762806b00bbe040944f6feadbbf3c657e","timestamp":"2026-08-06T03:05:18.211Z"}
{"level":"info","message":"[Analyzer] Processing 79/100: 0xbb7db50d48ea4c92ca876fbdbd032dd99215cc18","timestamp":"2026-08-06T03:05:18.212Z"}
{"level":"info","message":"[Analyzer] Processing 80/100: 0x460994197a7334a1e13b038ed2396c3536fc8dd6","timestamp":"2026-08-06T03:05:18.212Z"}
{"level":"info","message":"[Analyzer] Processing 81/100: 0xb0a6416772dd17b49829ba77f5000e8c8608f706","timestamp":"2026-08-06T03:05:18.213Z"}
{"level":"info","message":"[Analyzer] Processing 82/100: 0x60e2b5de6cafedb7cdd0e7d6a762043c7c2c34b2","timestamp":"2026-08-06T03:05:18.214Z"}
{"level":"info","message":"[Analyzer] Processing 83/100: 0x58841255f33012eb2b7ca63ba7b437dc26d51782","timestamp":"2026-08-06T03:05:18.215Z"}
{"level":"info","message":"[Analyzer] Processing 84/100: 0x173fb2111edb8ac8b0b833c5a1209e44161eb92f","timestamp":"2026-08-06T03:05:18.215Z"}
{"level":"info","message":"[Analyzer] Processing 85/100: 0x70edb9d206768a2d966f00d689b954ec159ef5ee","timestamp":"2026-08-06T03:05:18.216Z"}
{"level":"info","message":"[Analyzer] Processing 86/100: 0xb05904ab2566d60bc921affe8c1abfaa33ee1381","timestamp":"2026-08-06T03:05:18.216Z"}
{"level":"info","message":"[Analyzer] Processing 87/100: 0x25a6a4e14647690492511908084b2d3185b08ac5","timestamp":"2026-08-06T03:05:18.216Z"}
{"level":"info","message":"[Analyzer] Processing 88/100: 0x48cd090c9e8a9954b0955c8b87754031d90c4955","timestamp":"2026-08-06T03:05:18.217Z"}
{"level":"info","message":"[Analyzer] Processing 89/100: 0x85d15f0064d1d58a8d6aa1472bd9fd6a7f1cd4e9","timestamp":"2026-08-06T03:05:18.217Z"}
{"level":"info","message":"[Analyzer] Processing 90/100: 0x091173344db8ebadf479d3d57372ed910fa985ae","timestamp":"2026-08-06T03:05:18.217Z"}
{"level":"info","message":"[Analyzer] Processing 91/100: 0xecda758b706a9fb7215236798970e60198ccf873","timestamp":"2026-08-06T03:05:18.218Z"}
{"level":"info","message":"[Analyzer] Processing 92/100: 0x7b64e58c0a13b61133735fa75da34718f4a8e768","timestamp":"2026-08-06T03:05:18.219Z"}
{"level":"info","message":"[Analyzer] Processing 93/100: 0x3c2ec0b52339c488d51d3168d4737011cad15d18","timestamp":"2026-08-06T03:05:18.221Z"}
{"level":"info","message":"[Analyzer] Processing 94/100: 0xe0606e2a5e436c654399be4d216b855eb045588b","timestamp":"2026-08-06T03:05:18.222Z"}
{"level":"info","message":"[Analyzer] Processing 95/100: 0xd21d6ced27b51a362645b8862077480da5f1c065","timestamp":"2026-08-06T03:05:18.222Z"}
{"level":"info","message":"[Analyzer] Processing 96/100: 0x59572fed0e223c027dd36fe613e8ed02fe5cfc18","timestamp":"2026-08-06T03:05:18.223Z"}
{"level":"info","message":"[Analyzer] Processing 97/100: 0xc2d816e8f71024006f025e064d811587b24c2ab2","timestamp":"2026-08-06T03:05:18.223Z"}
{"level":"info","message":"[Analyzer] Processing 98/100: 0xf15739195d794607bf31e9da75ce68dcd7aa2968","timestamp":"2026-08-06T03:05:18.223Z"}
{"level":"info","message":"[Analyzer] Processing 99/100: 0x20a8461c15f6702b75ae23824b31e949c917b780","timestamp":"2026-08-06T03:05:18.224Z"}
{"level":"info","message":"[Analyzer] Processing 100/100: 0x2cbd59c757bc2018bce4c323bf9be39dd822fa39","timestamp":"2026-08-06T03:05:18.224Z"}
{"level":"info","message":"Page 30: +86 human targets | 14 bots filtered","timestamp":"2026-08-06T03:05:36.347Z"}
{"level":"info","message":"Page 30: Deleted 697 transfer records for 100 evaluated senders","timestamp":"2026-08-06T03:05:37.397Z"}
{"level":"info","message":"Fetched 100 raw pairs (page 31). Running Stage 1 + Stage 2 checks...","timestamp":"2026-08-06T03:05:38.142Z"}
{"level":"info","message":"[Analyzer] Processing 1/100: 0x5f38d43d0419f8fc822f47f932b00866e4fd5105","timestamp":"2026-08-06T03:05:38.143Z"}
{"level":"info","message":"[Analyzer] Processing 2/100: 0x1009ade4ea127b1d936121294cd8e6a1e54a07ad","timestamp":"2026-08-06T03:05:38.143Z"}
{"level":"info","message":"[Analyzer] Processing 3/100: 0xa5d0c048dcf3a06308d578b9d1b589a539eb5972","timestamp":"2026-08-06T03:05:38.144Z"}
{"level":"info","message":"[Analyzer] Processing 4/100: 0xebea7f0cd00353940a183693a266732bc7a9d323","timestamp":"2026-08-06T03:05:38.145Z"}
{"level":"info","message":"[Analyzer] Processing 5/100: 0x1c5d6fc60bd62cc68a19e9a0e64519ffc8ec6740","timestamp":"2026-08-06T03:05:38.145Z"}
{"level":"info","message":"[Analyzer] Processing 6/100: 0x3c31bda7a66258193af972280258c1dc1ccf6acb","timestamp":"2026-08-06T03:05:38.146Z"}
{"level":"info","message":"[Analyzer] Processing 7/100: 0xb1b7f494a166f36b970cbd70a728ffefcb57f0e6","timestamp":"2026-08-06T03:05:38.147Z"}
{"level":"info","message":"[Analyzer] Processing 8/100: 0xfc67ca323ae17472271b667b2b29119d92aa7da2","timestamp":"2026-08-06T03:05:38.147Z"}
{"level":"info","message":"[Analyzer] Processing 9/100: 0x521cf8f3641a6d67c74dcf2e2cd642cef38dc314","timestamp":"2026-08-06T03:05:38.148Z"}
{"level":"info","message":"[Analyzer] Processing 10/100: 0xe814de15bf3032419e4e5746957dae849ebfa912","timestamp":"2026-08-06T03:05:38.149Z"}
{"level":"info","message":"[Analyzer] Processing 11/100: 0x8e1eb2811e2b189e0a1a3c549a3fe76a3c44692c","timestamp":"2026-08-06T03:05:38.150Z"}
{"level":"info","message":"[Analyzer] Processing 12/100: 0x52f7aca49196928db10f49fbddeb2877317baac7","timestamp":"2026-08-06T03:05:38.151Z"}
{"level":"info","message":"[Analyzer] Processing 13/100: 0x4b9b24a798b01b08eb8f558777691f3820616209","timestamp":"2026-08-06T03:05:38.152Z"}
{"level":"info","message":"[Analyzer] Processing 14/100: 0x84c4be53d75d0e51826f220250bae8af7701b2fe","timestamp":"2026-08-06T03:05:38.152Z"}
{"level":"info","message":"[Analyzer] Processing 15/100: 0x4e631c6faf7575572e646bdc1c1bd8044a607976","timestamp":"2026-08-06T03:05:38.153Z"}
{"level":"info","message":"[Analyzer] Processing 16/100: 0x5374472bb20c2bf23d65aa7a45e858b8215f1ab7","timestamp":"2026-08-06T03:05:38.154Z"}
{"level":"info","message":"[Analyzer] Processing 17/100: 0x99b93644ab0d6f489466da883b878a3a5417129b","timestamp":"2026-08-06T03:05:38.155Z"}
{"level":"info","message":"[Analyzer] Processing 18/100: 0x1c5d6fc60bd62cc68a19e9a0e64519ffc8ec6740","timestamp":"2026-08-06T03:05:38.156Z"}
{"level":"info","message":"[Analyzer] Processing 19/100: 0x535aaf099d459a85e12c7a2e298fcdb3975e2635","timestamp":"2026-08-06T03:05:38.157Z"}
{"level":"info","message":"[Analyzer] Processing 20/100: 0xbf92c8e853931fd869239018faf191da92329101","timestamp":"2026-08-06T03:05:38.158Z"}
{"level":"info","message":"[Analyzer] Processing 21/100: 0x7c8aeab33f8b543b74271429e3445ee788d0c27c","timestamp":"2026-08-06T03:05:38.158Z"}
{"level":"info","message":"[Analyzer] Processing 22/100: 0xa641a57039578d947737922e4ebd772959b815eb","timestamp":"2026-08-06T03:05:38.158Z"}
{"level":"info","message":"[Analyzer] Processing 23/100: 0xb3b02e76e3094288c617f8e93fb8d6bc84349fb9","timestamp":"2026-08-06T03:05:38.159Z"}
{"level":"info","message":"[Analyzer] Processing 24/100: 0xa8bd0916c683390866c8265bc4307003c22faf1b","timestamp":"2026-08-06T03:05:38.160Z"}
{"level":"info","message":"[Analyzer] Processing 25/100: 0xc071afc474af5973068964c8c849b1f9a0b4a518","timestamp":"2026-08-06T03:05:38.160Z"}
{"level":"info","message":"[Analyzer] Processing 26/100: 0xf4f78d981a6a54b2e32dcbbf04d2355469d72ac2","timestamp":"2026-08-06T03:05:38.161Z"}
{"level":"info","message":"[Analyzer] Processing 27/100: 0x42e24c894dc784276828fe74f47b35b0c8a676fd","timestamp":"2026-08-06T03:05:38.161Z"}
{"level":"info","message":"[Analyzer] Processing 28/100: 0x1bc75ea020bc4d915fced2b1391024f2e1e72de3","timestamp":"2026-08-06T03:05:38.162Z"}
{"level":"info","message":"[Analyzer] Processing 29/100: 0xc4ecfe862a621f33946ac2b73d4b377d275f387c","timestamp":"2026-08-06T03:05:38.163Z"}
{"level":"info","message":"[Analyzer] Processing 30/100: 0x550ed910f9386b3c2922b95253eda42e5c442116","timestamp":"2026-08-06T03:05:38.163Z"}
{"level":"info","message":"[Analyzer] Processing 31/100: 0x2152fe8d3cf2acec956f84da1052163c479d86a4","timestamp":"2026-08-06T03:05:38.163Z"}
{"level":"info","message":"[Analyzer] Processing 32/100: 0xdbf44561ce64f3e2fa5ee9919be7212f3d3a129d","timestamp":"2026-08-06T03:05:38.164Z"}
{"level":"info","message":"[Analyzer] Processing 33/100: 0x567bab2f4479266d55ba1fcd93a5636efd63618c","timestamp":"2026-08-06T03:05:38.164Z"}
{"level":"info","message":"[Analyzer] Processing 34/100: 0x54e02530da0224668b98f01c5de39a15bfc413c4","timestamp":"2026-08-06T03:05:38.165Z"}
{"level":"info","message":"[Analyzer] Processing 35/100: 0x384909a49d855027587e408586612e957fb7ca95","timestamp":"2026-08-06T03:05:38.165Z"}
{"level":"info","message":"[Analyzer] Processing 36/100: 0xd984da73314e8b2408a0a0be73d4497a7c3dd6a5","timestamp":"2026-08-06T03:05:38.165Z"}
{"level":"info","message":"[Analyzer] Processing 37/100: 0xa602c996cf4aae6edda49b7a4070229139a5e6ab","timestamp":"2026-08-06T03:05:38.165Z"}
{"level":"info","message":"[Analyzer] Processing 38/100: 0xca8755f2339095a670a2b9cd4acc2f279064dd68","timestamp":"2026-08-06T03:05:38.166Z"}
{"level":"info","message":"[Analyzer] Processing 39/100: 0xc033cc5f176a0812c0a48e5019ca965e2f80661a","timestamp":"2026-08-06T03:05:38.166Z"}
{"level":"info","message":"[Analyzer] Processing 40/100: 0xb73cd17987158b4ca82903d5fad419d9cdc42e0e","timestamp":"2026-08-06T03:05:38.167Z"}
{"level":"info","message":"[Analyzer] Processing 41/100: 0x18c7f129039e2722484024c404e21982a49f4e49","timestamp":"2026-08-06T03:05:38.168Z"}
{"level":"info","message":"[Analyzer] Processing 42/100: 0x18c7f129039e2722484024c404e21982a49f4e49","timestamp":"2026-08-06T03:05:38.169Z"}
{"level":"info","message":"[Analyzer] Processing 43/100: 0xc98b602b0927e7f1e7164c621bb72e94395ae562","timestamp":"2026-08-06T03:05:38.169Z"}
{"level":"info","message":"[Analyzer] Processing 44/100: 0xeb08bbe9fa12261ab1dc47d3851faa20601b5acf","timestamp":"2026-08-06T03:05:38.169Z"}
{"level":"info","message":"[Analyzer] Processing 45/100: 0x7685b9174c87a60c1d72299e929b4a500aa74968","timestamp":"2026-08-06T03:05:38.170Z"}
{"level":"info","message":"[Analyzer] Processing 46/100: 0x41f276f1b9b69078d9859e1e4af372258da9f5ac","timestamp":"2026-08-06T03:05:38.170Z"}
{"level":"info","message":"[Analyzer] Processing 47/100: 0x23efd128573945d767ee0daae18df2015bf1f4d9","timestamp":"2026-08-06T03:05:38.171Z"}
{"level":"info","message":"[Analyzer] Processing 48/100: 0x57de0fc161a366fc2c568764e2f3dab9c2cdfee6","timestamp":"2026-08-06T03:05:38.171Z"}
{"level":"info","message":"[Analyzer] Processing 49/100: 0x08352f3b7894d2f0b3bc05ef74f936b1827da301","timestamp":"2026-08-06T03:05:38.172Z"}
{"level":"info","message":"[Analyzer] Processing 50/100: 0x280a01d7f57d1c2b443318c27eebc7b436023218","timestamp":"2026-08-06T03:05:38.172Z"}
{"level":"info","message":"[Analyzer] Processing 51/100: 0x0a7245fa92fc46caec9875cba186486e536cc901","timestamp":"2026-08-06T03:05:38.173Z"}
{"level":"info","message":"[Analyzer] Processing 52/100: 0x838c18428b9eac0bd45a84f949565a492cb86baa","timestamp":"2026-08-06T03:05:38.173Z"}
{"level":"info","message":"[Analyzer] Processing 53/100: 0x42112a40a74df50ebb837c18a0ce89ed4626ef78","timestamp":"2026-08-06T03:05:38.175Z"}
{"level":"info","message":"[Analyzer] Processing 54/100: 0x662b9eb09dad2203f49a93b78a7f63a3469a9f58","timestamp":"2026-08-06T03:05:38.175Z"}
{"level":"info","message":"[Analyzer] Processing 55/100: 0x947975e65ab1f352e18198135a86264d4c5ed437","timestamp":"2026-08-06T03:05:38.176Z"}
{"level":"info","message":"[Analyzer] Processing 56/100: 0xdc76d9db47099e6722edc4989a2857e427e14e32","timestamp":"2026-08-06T03:05:38.176Z"}
{"level":"info","message":"[Analyzer] Processing 57/100: 0x1771658c4f47a38e2f745a55214a1d6823bda1f9","timestamp":"2026-08-06T03:05:38.176Z"}
{"level":"info","message":"[Analyzer] Processing 58/100: 0x440618f021a65d01e6ec0f7f2e9a25733966be65","timestamp":"2026-08-06T03:05:38.176Z"}
{"level":"info","message":"[Analyzer] Processing 59/100: 0x718815a4f2f7fdaafb4c610751093d8f46e05a47","timestamp":"2026-08-06T03:05:38.177Z"}
{"level":"info","message":"[Analyzer] Processing 60/100: 0xd3096265ab27e19922ef777c36f55d5263251319","timestamp":"2026-08-06T03:05:38.177Z"}
{"level":"info","message":"[Analyzer] Processing 61/100: 0x963c7e1b33ea61a542840984c24eaeefd31d0591","timestamp":"2026-08-06T03:05:38.178Z"}
{"level":"info","message":"[Analyzer] Processing 62/100: 0x4c34ddb382f6b63206c95036445d43938be8bec4","timestamp":"2026-08-06T03:05:38.178Z"}
{"level":"info","message":"[Analyzer] Processing 63/100: 0x26d88e0d9e3b7810d924154f9b67626d57461b54","timestamp":"2026-08-06T03:05:38.178Z"}
{"level":"info","message":"[Analyzer] Processing 64/100: 0xd29fcf928325e93eef44c50de94629ff1b051475","timestamp":"2026-08-06T03:05:38.178Z"}
{"level":"info","message":"[Analyzer] Processing 65/100: 0x76c63e9a62f66b46402f9ded520add79669d630d","timestamp":"2026-08-06T03:05:38.179Z"}
{"level":"info","message":"[Analyzer] Processing 66/100: 0xd29fcf928325e93eef44c50de94629ff1b051475","timestamp":"2026-08-06T03:05:38.179Z"}
{"level":"info","message":"[Analyzer] Processing 67/100: 0x20a39d51eb5dcc86b61486373e959697ee3948f0","timestamp":"2026-08-06T03:05:38.180Z"}
{"level":"info","message":"[Analyzer] Processing 68/100: 0x370c157123e7ef366e7e49b15e806df9dbbeabb5","timestamp":"2026-08-06T03:05:38.180Z"}
{"level":"info","message":"[Analyzer] Processing 69/100: 0xb9cf518e53425e9e512e9e0b6eb1f9d5451b0162","timestamp":"2026-08-06T03:05:38.181Z"}
{"level":"info","message":"[Analyzer] Processing 70/100: 0x7dd73c4e25490c3d3ee3b910694ca4b3aefb0f58","timestamp":"2026-08-06T03:05:38.181Z"}
{"level":"info","message":"[Analyzer] Processing 71/100: 0xef8ae171e1d4ba1ae2fcbc383fed4953c8149ecc","timestamp":"2026-08-06T03:05:38.181Z"}
{"level":"info","message":"[Analyzer] Processing 72/100: 0x1c94cdcaa3e6171912a9671b7812f15f8ba05ecf","timestamp":"2026-08-06T03:05:38.181Z"}
{"level":"info","message":"[Analyzer] Processing 73/100: 0xfaf5171a4af72c866cb4172212b463dcfd6239cd","timestamp":"2026-08-06T03:05:38.181Z"}
{"level":"info","message":"[Analyzer] Processing 74/100: 0xfd856767060f5ae00dd96d33ed730513371a8c70","timestamp":"2026-08-06T03:05:38.182Z"}
{"level":"info","message":"[Analyzer] Processing 75/100: 0xb62e23151faf95152e2b81759ea16791c0703acf","timestamp":"2026-08-06T03:05:38.182Z"}
{"level":"info","message":"[Analyzer] Processing 76/100: 0x5eb4b733956db4df664c4f48f0ebb0097c559fef","timestamp":"2026-08-06T03:05:38.182Z"}
{"level":"info","message":"[Analyzer] Processing 77/100: 0xf914bed44605f66c3f6a850a5729516ae4bcaaf5","timestamp":"2026-08-06T03:05:38.182Z"}
{"level":"info","message":"[Analyzer] Processing 78/100: 0x5f4b275db94336ba2f9db7225c1165622142c89e","timestamp":"2026-08-06T03:05:38.182Z"}
{"level":"info","message":"[Analyzer] Processing 79/100: 0x65c0f1db343c17f127137ae32e1a5baf7c008b2f","timestamp":"2026-08-06T03:05:38.183Z"}
{"level":"info","message":"[Analyzer] Processing 80/100: 0x319c8ce841aaf9addaf6934c8eda1b14bf404c3d","timestamp":"2026-08-06T03:05:38.183Z"}
{"level":"info","message":"[Analyzer] Processing 81/100: 0x875c809179fe3d4be953179395767ac7be6ea9ed","timestamp":"2026-08-06T03:05:38.183Z"}
{"level":"info","message":"[Analyzer] Processing 82/100: 0x6ef9d91bb8e50f4f64443dbd579b2416bdd148f4","timestamp":"2026-08-06T03:05:38.183Z"}
{"level":"info","message":"[Analyzer] Processing 83/100: 0xd4e1bb60451933d62e17697318bf38bfd939ea12","timestamp":"2026-08-06T03:05:38.183Z"}
{"level":"info","message":"[Analyzer] Processing 84/100: 0x9b597e426c26ecb0a95e814a48c5a3605de6fb7b","timestamp":"2026-08-06T03:05:38.183Z"}
{"level":"info","message":"[Analyzer] Processing 85/100: 0x007fec577a9b46e8e27d96ff245b056d3479f3d7","timestamp":"2026-08-06T03:05:38.184Z"}
{"level":"info","message":"[Analyzer] Processing 86/100: 0xb8073d2ae5c5e17e2fff7890656ec8bdfcb67395","timestamp":"2026-08-06T03:05:38.184Z"}
{"level":"info","message":"[Analyzer] Processing 87/100: 0xd52ccd0ad3d317933c606798702eabeaf5b10764","timestamp":"2026-08-06T03:05:38.184Z"}
{"level":"info","message":"[Analyzer] Processing 88/100: 0x8b304f6e2a8cd9ae28f49c5cb41f710d038f5cf1","timestamp":"2026-08-06T03:05:38.189Z"}
{"level":"info","message":"[Analyzer] Processing 89/100: 0xa25ed1ca57ca8bb3b0beedd3638254caac1d40ba","timestamp":"2026-08-06T03:05:38.189Z"}
{"level":"info","message":"[Analyzer] Processing 90/100: 0xb9e7d2182013dcc8d3003beb1741371feccddb76","timestamp":"2026-08-06T03:05:38.189Z"}
{"level":"info","message":"[Analyzer] Processing 91/100: 0x6b24246bc0d4b7f55e8efda0a3f622e430c1368e","timestamp":"2026-08-06T03:05:38.189Z"}
{"level":"info","message":"[Analyzer] Processing 92/100: 0x76d0894a12141acedd8374a6b5e8f1394f25b03a","timestamp":"2026-08-06T03:05:38.190Z"}
{"level":"info","message":"[Analyzer] Processing 93/100: 0x8666e8487afed868e194436d41bdd015b417ef05","timestamp":"2026-08-06T03:05:38.190Z"}
{"level":"info","message":"[Analyzer] Processing 94/100: 0xed3eb4ffc40be862cd49acf4913d42e9a65d07bd","timestamp":"2026-08-06T03:05:38.190Z"}
{"level":"info","message":"[Analyzer] Processing 95/100: 0x77bf3af58df1323cca8e77ac0b88beca9093089a","timestamp":"2026-08-06T03:05:38.190Z"}
{"level":"info","message":"[Analyzer] Processing 96/100: 0x500bd656601f3454121ff72ef52aeb27ba8cc88c","timestamp":"2026-08-06T03:05:38.191Z"}
{"level":"info","message":"[Analyzer] Processing 97/100: 0xb5cf991b86130a6f1d231a23d888dc658b367710","timestamp":"2026-08-06T03:05:38.191Z"}
{"level":"info","message":"[Analyzer] Processing 98/100: 0xfdd6c35b915991a7fd18beda540aa6f212c8016c","timestamp":"2026-08-06T03:05:38.191Z"}
{"level":"info","message":"[Analyzer] Processing 99/100: 0x7a1df8533787de53827e7204157eb02bb618a201","timestamp":"2026-08-06T03:05:38.191Z"}
{"level":"info","message":"[Analyzer] Processing 100/100: 0xc4457a1e6b6bfdb8bfad34b5b0e367d85412a9b4","timestamp":"2026-08-06T03:05:38.191Z"}
{"level":"info","message":"Page 31: +88 human targets | 12 bots filtered","timestamp":"2026-08-06T03:05:52.262Z"}
{"level":"info","message":"Page 31: Deleted 708 transfer records for 97 evaluated senders","timestamp":"2026-08-06T03:05:52.885Z"}
{"level":"info","message":"Fetched 100 raw pairs (page 32). Running Stage 1 + Stage 2 checks...","timestamp":"2026-08-06T03:05:56.493Z"}
{"level":"info","message":"[Analyzer] Processing 1/100: 0x6a886c0c4ff2c7dcc06b4cdf748b9a964f0dd514","timestamp":"2026-08-06T03:05:56.493Z"}
{"level":"info","message":"[Analyzer] Processing 2/100: 0xf91f01e50d1ceab7a688a378efd3e298325756a0","timestamp":"2026-08-06T03:05:56.493Z"}
{"level":"info","message":"[Analyzer] Processing 3/100: 0x0a777b5bc1fe2f30d289a5df689a06c6e4cb2fca","timestamp":"2026-08-06T03:05:56.493Z"}
{"level":"info","message":"[Analyzer] Processing 4/100: 0x548bdd5aa0a55843fce60c77306d20240572d5f9","timestamp":"2026-08-06T03:05:56.494Z"}
{"level":"info","message":"[Analyzer] Processing 5/100: 0x083b7c832d0529c81ba97ec1e70698b61bb4b1df","timestamp":"2026-08-06T03:05:56.494Z"}
{"level":"info","message":"[Analyzer] Processing 6/100: 0x46b7edee1e7061f0ed211edf305b1d9960e33cbc","timestamp":"2026-08-06T03:05:56.494Z"}
{"level":"info","message":"[Analyzer] Processing 7/100: 0x571f013435ed7461868f62b2518cc118516aa2bc","timestamp":"2026-08-06T03:05:56.495Z"}
{"level":"info","message":"[Analyzer] Processing 8/100: 0xbd4adbd0bbbbf0e1c5f4d7ef4f9f490ab874e9ca","timestamp":"2026-08-06T03:05:56.495Z"}
{"level":"info","message":"[Analyzer] Processing 9/100: 0xfe964a44164aee72f8b9616917a04809e957f770","timestamp":"2026-08-06T03:05:56.495Z"}
{"level":"info","message":"[Analyzer] Processing 10/100: 0x23d977f32327f6316de81b4ce3c5472c737313d9","timestamp":"2026-08-06T03:05:56.495Z"}
{"level":"info","message":"[Analyzer] Processing 11/100: 0x3bb34fa5d98e62df041b34e343b33e1534e2c5ea","timestamp":"2026-08-06T03:05:56.496Z"}
{"level":"info","message":"[Analyzer] Processing 12/100: 0x2dc4a8cf7b19da7015665a27348219352f486342","timestamp":"2026-08-06T03:05:56.496Z"}
{"level":"info","message":"[Analyzer] Processing 13/100: 0x8b6b783d5b5cd4cff6dd5c227398130ecda21f0f","timestamp":"2026-08-06T03:05:56.496Z"}
{"level":"info","message":"[Analyzer] Processing 14/100: 0x8d56e0e3847148019da2948b1ed6bf89924044eb","timestamp":"2026-08-06T03:05:56.497Z"}
{"level":"info","message":"[Analyzer] Processing 15/100: 0x9bd494dcf339c599d814e473441d468a3341e998","timestamp":"2026-08-06T03:05:56.497Z"}
{"level":"info","message":"[Analyzer] Processing 16/100: 0x404ea99b88da3fa442a5b0d5e04fa2936077c6d2","timestamp":"2026-08-06T03:05:56.497Z"}
{"level":"info","message":"[Analyzer] Processing 17/100: 0x93a7857e0409d812e9c74c60bcdca6b075419ba3","timestamp":"2026-08-06T03:05:56.497Z"}
{"level":"info","message":"[Analyzer] Processing 18/100: 0x3d59e265f4c66af36ff683ce07100adb588a2656","timestamp":"2026-08-06T03:05:56.497Z"}
{"level":"info","message":"[Analyzer] Processing 19/100: 0xbf2176e80375ac42d2c377d31357b97724ddb7c9","timestamp":"2026-08-06T03:05:56.498Z"}
{"level":"info","message":"[Analyzer] Processing 20/100: 0x924eaab48834ad27d69d6c538fcd73a71ff04922","timestamp":"2026-08-06T03:05:56.498Z"}
{"level":"info","message":"[Analyzer] Processing 21/100: 0x5297eaee49c25c8cffdadaa1c8cf1314557fe195","timestamp":"2026-08-06T03:05:56.498Z"}
{"level":"info","message":"[Analyzer] Processing 22/100: 0xbb174749ef701a15283fe9d9a837af04065d4da9","timestamp":"2026-08-06T03:05:56.531Z"}
{"level":"info","message":"[Analyzer] Processing 23/100: 0x9817a8dc7ed241443111bc6c4b1f1e757cd214c0","timestamp":"2026-08-06T03:05:56.532Z"}
{"level":"info","message":"[Analyzer] Processing 24/100: 0x8850c21b845219cffc4a9996a490cd07eb6bcf80","timestamp":"2026-08-06T03:05:56.533Z"}
{"level":"info","message":"[Analyzer] Processing 25/100: 0xa197312d1f73c9ab383ed8a6239d2279eca23613","timestamp":"2026-08-06T03:05:56.534Z"}
{"level":"info","message":"[Analyzer] Processing 26/100: 0x8dc796c0b2c1868059b82fa3781790fabdb3d7ec","timestamp":"2026-08-06T03:05:56.534Z"}
{"level":"info","message":"[Analyzer] Processing 27/100: 0x700be042dca70b40d86a6911b9560e31b7e698be","timestamp":"2026-08-06T03:05:56.535Z"}
{"level":"info","message":"[Analyzer] Processing 28/100: 0x8d0280d1c50aa4ef8a9c3b7fe39f867a8872c63a","timestamp":"2026-08-06T03:05:56.535Z"}
{"level":"info","message":"[Analyzer] Processing 29/100: 0x51ee55c19d4f6313f3c61f3362bc0208c85bdc92","timestamp":"2026-08-06T03:05:56.535Z"}
{"level":"info","message":"[Analyzer] Processing 30/100: 0xb668bf4b4b4b15da33d140d7e942de49a0c3c73c","timestamp":"2026-08-06T03:05:56.537Z"}
{"level":"info","message":"[Analyzer] Processing 31/100: 0x2aeb6ec3f39fb58e36b42729049731e7b59bab48","timestamp":"2026-08-06T03:05:56.537Z"}
{"level":"info","message":"[Analyzer] Processing 32/100: 0x2aeb6ec3f39fb58e36b42729049731e7b59bab48","timestamp":"2026-08-06T03:05:56.538Z"}
{"level":"info","message":"[Analyzer] Processing 33/100: 0x2aeb6ec3f39fb58e36b42729049731e7b59bab48","timestamp":"2026-08-06T03:05:56.538Z"}
{"level":"info","message":"[Analyzer] Processing 34/100: 0x2aeb6ec3f39fb58e36b42729049731e7b59bab48","timestamp":"2026-08-06T03:05:56.538Z"}
{"level":"info","message":"[Analyzer] Processing 35/100: 0x31d5694d87aaa71e48c802857ec1e84f2af70fa5","timestamp":"2026-08-06T03:05:56.538Z"}
{"level":"info","message":"[Analyzer] Processing 36/100: 0x79eeb9732782e83f8149274d425d89b6b2eb0dae","timestamp":"2026-08-06T03:05:56.539Z"}
{"level":"info","message":"[Analyzer] Processing 37/100: 0x553d7857b3e3e5bda9cb6c03134b482f0778c99b","timestamp":"2026-08-06T03:05:56.539Z"}
{"level":"info","message":"[Analyzer] Processing 38/100: 0xce4f3f6c8931c4436a1b1fa599a7a7580826517c","timestamp":"2026-08-06T03:05:56.539Z"}
{"level":"info","message":"[Analyzer] Processing 39/100: 0x34838df425355528eb2f09edd45eb2e4ce244f00","timestamp":"2026-08-06T03:05:56.539Z"}
{"level":"info","message":"[Analyzer] Processing 40/100: 0xe51f69fe86bf03e20bae2b4535bc20d1d85257eb","timestamp":"2026-08-06T03:05:56.539Z"}
{"level":"info","message":"[Analyzer] Processing 41/100: 0x40979b92d1aaf81b1df2d4b58fd8303d7c6be7f2","timestamp":"2026-08-06T03:05:56.540Z"}
{"level":"info","message":"[Analyzer] Processing 42/100: 0x126df03eaa124d3c5314766acb6662da2718ba99","timestamp":"2026-08-06T03:05:56.540Z"}
{"level":"info","message":"[Analyzer] Processing 43/100: 0x4d6de6aadf0957f63a375edc3d6a84da4996628b","timestamp":"2026-08-06T03:05:56.540Z"}
{"level":"info","message":"[Analyzer] Processing 44/100: 0x36888a0df50d0b5f9557625799ba6d9480c0aab9","timestamp":"2026-08-06T03:05:56.540Z"}
{"level":"info","message":"[Analyzer] Processing 45/100: 0xa9833a613c7934411fe81ba0ffbc33053e470cd1","timestamp":"2026-08-06T03:05:56.541Z"}
{"level":"info","message":"[Analyzer] Processing 46/100: 0x720463143c40321191f97433c866f7e34b22ffd1","timestamp":"2026-08-06T03:05:56.541Z"}
{"level":"info","message":"[Analyzer] Processing 47/100: 0xd569e570b94265e5ebc7df1990f99ee68d3f60a1","timestamp":"2026-08-06T03:05:56.541Z"}
{"level":"info","message":"[Analyzer] Processing 48/100: 0x559239ebd5be3d6badced09924230f8ee667576b","timestamp":"2026-08-06T03:05:56.543Z"}
{"level":"info","message":"[Analyzer] Processing 49/100: 0xb860e82856622b935b49a4c2e2199af305708f89","timestamp":"2026-08-06T03:05:56.543Z"}
{"level":"info","message":"[Analyzer] Processing 50/100: 0x5ce08540f0ff016ade204de51bfb41b6aa55ac51","timestamp":"2026-08-06T03:05:56.543Z"}
{"level":"info","message":"[Analyzer] Processing 51/100: 0x18389deb5b03c0b22ec4ba06efe395fed13c91bc","timestamp":"2026-08-06T03:05:56.544Z"}
{"level":"info","message":"[Analyzer] Processing 52/100: 0x8e22b67377d98bcad3793fb56d25519e7656ed3a","timestamp":"2026-08-06T03:05:56.544Z"}
{"level":"info","message":"[Analyzer] Processing 53/100: 0xaee07d344344133f4f3221eb1278a7378929e536","timestamp":"2026-08-06T03:05:56.544Z"}
{"level":"info","message":"[Analyzer] Processing 54/100: 0xc6794ef26bda638b8a28b3ac85f3c56234dbbbf6","timestamp":"2026-08-06T03:05:56.545Z"}
{"level":"info","message":"[Analyzer] Processing 55/100: 0x1c4a8ddabf17643006152819a07a89c5cbfca823","timestamp":"2026-08-06T03:05:56.545Z"}
{"level":"info","message":"[Analyzer] Processing 56/100: 0xca66e974176356f2e85e89b4d048916899b3affc","timestamp":"2026-08-06T03:05:56.545Z"}
{"level":"info","message":"[Analyzer] Processing 57/100: 0xd81e6574f1f4f46c00d39b914eb273d6ae4c00c8","timestamp":"2026-08-06T03:05:56.546Z"}
{"level":"info","message":"[Analyzer] Processing 58/100: 0x051db72aff35dd51a822626f6fb63e7c8a0b7cb7","timestamp":"2026-08-06T03:05:56.546Z"}
{"level":"info","message":"[Analyzer] Processing 59/100: 0x23281d8b9a81bc2ebc1c6289ff754a079216cf13","timestamp":"2026-08-06T03:05:56.546Z"}
{"level":"info","message":"[Analyzer] Processing 60/100: 0x9ea2d097b1dc590d8bc958bcc0449ca0a4efadb1","timestamp":"2026-08-06T03:05:56.547Z"}
{"level":"info","message":"[Analyzer] Processing 61/100: 0xf528f8b27d035f0604ea12e57f63bd0faa6590df","timestamp":"2026-08-06T03:05:56.547Z"}
{"level":"info","message":"[Analyzer] Processing 62/100: 0x06f37f23747cd9189fb27489acacd7a6cef1fb1f","timestamp":"2026-08-06T03:05:56.549Z"}
{"level":"info","message":"[Analyzer] Processing 63/100: 0xafb50a75ed714b1284b63355640a819712b09ffe","timestamp":"2026-08-06T03:05:56.549Z"}
{"level":"info","message":"[Analyzer] Processing 64/100: 0xbe8eea4906ff3599d1f5ebce9f3efa7dd9edb23b","timestamp":"2026-08-06T03:05:56.550Z"}
{"level":"info","message":"[Analyzer] Processing 65/100: 0x2c34367de80326ed8d2685d91836e9aad86f6a52","timestamp":"2026-08-06T03:05:56.551Z"}
{"level":"info","message":"[Analyzer] Processing 66/100: 0xf242464abc8d432cef8088a172258a01078335eb","timestamp":"2026-08-06T03:05:56.551Z"}
{"level":"info","message":"[Analyzer] Processing 67/100: 0xcd5d64a2458fc610f3fc280860bbe66bd6fc0713","timestamp":"2026-08-06T03:05:56.551Z"}
{"level":"info","message":"[Analyzer] Processing 68/100: 0xf0675ef1c31e190181503c2d21636feded3db907","timestamp":"2026-08-06T03:05:56.552Z"}
{"level":"info","message":"[Analyzer] Processing 69/100: 0xa036726bf68baa55282cea286be76652d81ba046","timestamp":"2026-08-06T03:05:56.552Z"}
{"level":"info","message":"[Analyzer] Processing 70/100: 0xd0f02713d9905d4f08512f3305eee1cac47d6ac9","timestamp":"2026-08-06T03:05:56.552Z"}
{"level":"info","message":"[Analyzer] Processing 71/100: 0x8458017d47ad8dbe80cfc1d427d4970e02cc7385","timestamp":"2026-08-06T03:05:56.553Z"}
{"level":"info","message":"[Analyzer] Processing 72/100: 0x6d0dbe1b72811d5b46d6383e90e1b20c51e2bde1","timestamp":"2026-08-06T03:05:56.553Z"}
{"level":"info","message":"[Analyzer] Processing 73/100: 0xd703d3110902c9f453d0963a665d280f01fea8d7","timestamp":"2026-08-06T03:05:56.553Z"}
{"level":"info","message":"[Analyzer] Processing 74/100: 0x047acb98e3dc446df2c1b166c1a99795d07f0b66","timestamp":"2026-08-06T03:05:56.555Z"}
{"level":"info","message":"[Analyzer] Processing 75/100: 0xddf04ca2443de33fdbd56571606265cfc78c0a7d","timestamp":"2026-08-06T03:05:56.556Z"}
{"level":"info","message":"[Analyzer] Processing 76/100: 0x015956ea927d49d564743c8fd5e22f1b676c4015","timestamp":"2026-08-06T03:05:56.556Z"}
{"level":"info","message":"[Analyzer] Processing 77/100: 0x72a7b098cb051d0d25420fcc661322f61eb17798","timestamp":"2026-08-06T03:05:56.557Z"}
{"level":"info","message":"[Analyzer] Processing 78/100: 0xd835e54222987b1295503694e3e49968e09996f7","timestamp":"2026-08-06T03:05:56.557Z"}
{"level":"info","message":"[Analyzer] Processing 79/100: 0x15a4f009bb324a3fb9e36137136b201e3fe0dfdb","timestamp":"2026-08-06T03:05:56.557Z"}
{"level":"info","message":"[Analyzer] Processing 80/100: 0x304fd9ded0db1819e70ebb5a2c126c4554def24b","timestamp":"2026-08-06T03:05:56.557Z"}
{"level":"info","message":"[Analyzer] Processing 81/100: 0xe85070bf5b50ec06ef31ab0ed3db284649d872b8","timestamp":"2026-08-06T03:05:56.558Z"}
{"level":"info","message":"[Analyzer] Processing 82/100: 0x68b7af1384ffdce3b63b89d52f200fbc2fcd3adb","timestamp":"2026-08-06T03:05:56.558Z"}
{"level":"info","message":"[Analyzer] Processing 83/100: 0x2db23ec6775118ab189af44944ab8ef9ef52162b","timestamp":"2026-08-06T03:05:56.559Z"}
{"level":"info","message":"[Analyzer] Processing 84/100: 0x1f00e3dd65355390dca2b52d9e6e058ae1835699","timestamp":"2026-08-06T03:05:56.559Z"}
{"level":"info","message":"[Analyzer] Processing 85/100: 0x424593544001831a66c67c28b0707454a1ae749d","timestamp":"2026-08-06T03:05:56.560Z"}
{"level":"info","message":"[Analyzer] Processing 86/100: 0xe5b339fdb7e526128f93c261e72cd390faf59cc2","timestamp":"2026-08-06T03:05:56.560Z"}
{"level":"info","message":"[Analyzer] Processing 87/100: 0x054ad1ee38eca56c7ad9967a228d82c369c1891a","timestamp":"2026-08-06T03:05:56.562Z"}
{"level":"info","message":"[Analyzer] Processing 88/100: 0xb5fbc53511e91116a0ef483f39dae9e3f9fc75df","timestamp":"2026-08-06T03:05:56.563Z"}
{"level":"info","message":"[Analyzer] Processing 89/100: 0x7e35b5ab1dfdcc2be1747fa190fbfee2e04701b6","timestamp":"2026-08-06T03:05:56.563Z"}
{"level":"info","message":"[Analyzer] Processing 90/100: 0xe5fed00c4fa265984dea5ebb422d9559b85b404e","timestamp":"2026-08-06T03:05:56.563Z"}
{"level":"info","message":"[Analyzer] Processing 91/100: 0x602005193970dca8f75d82a8d94ed0e475b2574f","timestamp":"2026-08-06T03:05:56.564Z"}
{"level":"info","message":"[Analyzer] Processing 92/100: 0xa1fa49c5e54ce28b64b65ae351f74395ee38d105","timestamp":"2026-08-06T03:05:56.564Z"}
{"level":"info","message":"[Analyzer] Processing 93/100: 0xdfa625866ebac00fbcbd0f924ab7eb57e3f0e299","timestamp":"2026-08-06T03:05:56.564Z"}
{"level":"info","message":"[Analyzer] Processing 94/100: 0xf72c1911ea6ab4a4792db2668e881052f09ddbf7","timestamp":"2026-08-06T03:05:56.565Z"}
{"level":"info","message":"[Analyzer] Processing 95/100: 0x3d1b6c9dc886057d93eedc9a41cbf39d472a95fa","timestamp":"2026-08-06T03:05:56.565Z"}
{"level":"info","message":"[Analyzer] Processing 96/100: 0x2e5a1c140f7ba4ed3a22e713f964fd8b20ea03ca","timestamp":"2026-08-06T03:05:56.565Z"}
{"level":"info","message":"[Analyzer] Processing 97/100: 0x7d9ff4ebe5549fc06805558762a2a9f7df7ee90b","timestamp":"2026-08-06T03:05:56.565Z"}
{"level":"info","message":"[Analyzer] Processing 98/100: 0x1af048b90b9694f8308be442c55b0a5df9d6f721","timestamp":"2026-08-06T03:05:56.566Z"}
{"level":"info","message":"[Analyzer] Processing 99/100: 0x994749dc0e8f369159751fa6df4790459b46bf3e","timestamp":"2026-08-06T03:05:56.566Z"}
{"level":"info","message":"[Analyzer] Processing 100/100: 0xd250cba47d70781ba75a635c72343d87f568e91c","timestamp":"2026-08-06T03:05:56.569Z"}
{"level":"info","message":"Page 32: +84 human targets | 16 bots filtered","timestamp":"2026-08-06T03:06:12.646Z"}
{"level":"info","message":"Page 32: Deleted 838 transfer records for 97 evaluated senders","timestamp":"2026-08-06T03:06:13.511Z"}
{"level":"info","message":"Fetched 100 raw pairs (page 33). Running Stage 1 + Stage 2 checks...","timestamp":"2026-08-06T03:06:14.250Z"}
{"level":"info","message":"[Analyzer] Processing 1/100: 0x96a86c7fdffd70c1bd90d474c3ff1b87cc9456aa","timestamp":"2026-08-06T03:06:14.250Z"}
{"level":"info","message":"[Analyzer] Processing 2/100: 0x982779932f8622762da36293d4e66dacba294d52","timestamp":"2026-08-06T03:06:14.251Z"}
{"level":"info","message":"[Analyzer] Processing 3/100: 0xff17c41669e5017c034a16c581cd355e9eafa018","timestamp":"2026-08-06T03:06:14.252Z"}
{"level":"info","message":"[Analyzer] Processing 4/100: 0x0ecedd80b19650c4629933ae0c82b570553643dc","timestamp":"2026-08-06T03:06:14.253Z"}
{"level":"info","message":"[Analyzer] Processing 5/100: 0xb71565af6fb0dd30721cc501ea2b59c76bfb28d5","timestamp":"2026-08-06T03:06:14.253Z"}
{"level":"info","message":"[Analyzer] Processing 6/100: 0xeb56986f4e93ff83098fc780c52364554dd3022e","timestamp":"2026-08-06T03:06:14.254Z"}
{"level":"info","message":"[Analyzer] Processing 7/100: 0x192a4ea92281f83eebeba2451300a19da602333e","timestamp":"2026-08-06T03:06:14.254Z"}
{"level":"info","message":"[Analyzer] Processing 8/100: 0x6a8de163b37072c98307145cc29ed2537b96ca96","timestamp":"2026-08-06T03:06:14.254Z"}
{"level":"info","message":"[Analyzer] Processing 9/100: 0x1650c710eb6051880577f90fac1391cff53f1fa4","timestamp":"2026-08-06T03:06:14.255Z"}
{"level":"info","message":"[Analyzer] Processing 10/100: 0x15cfd729310062c9842b7a80457032b17772e840","timestamp":"2026-08-06T03:06:14.255Z"}
{"level":"info","message":"[Analyzer] Processing 11/100: 0x9f956d0fb44c26fe023fb0fe9c50240d2d817e9f","timestamp":"2026-08-06T03:06:14.255Z"}
{"level":"info","message":"[Analyzer] Processing 12/100: 0x523b9899f9b13d4a38e718f831fce4ad7e77a15a","timestamp":"2026-08-06T03:06:14.256Z"}
{"level":"info","message":"[Analyzer] Processing 13/100: 0x0b5bc2c27bcb35cc63ecb14d873c148119dfe932","timestamp":"2026-08-06T03:06:14.256Z"}
{"level":"info","message":"[Analyzer] Processing 14/100: 0xe5ca9e934ecf2daed8e0367fcfe03a327e4194ec","timestamp":"2026-08-06T03:06:14.257Z"}
{"level":"info","message":"[Analyzer] Processing 15/100: 0x06c80873d6b48352399f3ca9b0fe52e0699bf5f0","timestamp":"2026-08-06T03:06:14.257Z"}
{"level":"info","message":"[Analyzer] Processing 16/100: 0x940d38054e11201ffbec3dd0cc94acc49663e70b","timestamp":"2026-08-06T03:06:14.258Z"}
{"level":"info","message":"[Analyzer] Processing 17/100: 0xdfe1e45a44d50a04866dcf290e5c3071c0a7bb00","timestamp":"2026-08-06T03:06:14.258Z"}
{"level":"info","message":"[Analyzer] Processing 18/100: 0x9a12e4a0e540a2b23810b50f36a4cc8d931b2193","timestamp":"2026-08-06T03:06:14.258Z"}
{"level":"info","message":"[Analyzer] Processing 19/100: 0x654e9c94f3929b2a853345d015cdf3f5d8dd3816","timestamp":"2026-08-06T03:06:14.258Z"}
{"level":"info","message":"[Analyzer] Processing 20/100: 0xfc7d29e655d593d4cd17c5d83819f6c67204d9c3","timestamp":"2026-08-06T03:06:14.258Z"}
{"level":"info","message":"[Analyzer] Processing 21/100: 0xa5481bf1def245a06eef2ef541cad62d2042d279","timestamp":"2026-08-06T03:06:14.258Z"}
{"level":"info","message":"[Analyzer] Processing 22/100: 0xc20da016c04b4a8d406b9fafca987b8a79cb8fcc","timestamp":"2026-08-06T03:06:14.259Z"}
{"level":"info","message":"[Analyzer] Processing 23/100: 0x3b37ad6eea5b770d8fc12f4c0c4dcfa308e4e75c","timestamp":"2026-08-06T03:06:14.259Z"}
{"level":"info","message":"[Analyzer] Processing 24/100: 0xeeaee01cdfcae33c4accbfe240e43f23cd05551a","timestamp":"2026-08-06T03:06:14.259Z"}
{"level":"info","message":"[Analyzer] Processing 25/100: 0xc117b93f7b994f3fb7c13f4d6e0c3e6b5d47c98c","timestamp":"2026-08-06T03:06:14.260Z"}
{"level":"info","message":"[Analyzer] Processing 26/100: 0xb03f3f4d58e15af27127df7667f0b9f470191fdd","timestamp":"2026-08-06T03:06:14.260Z"}
{"level":"info","message":"[Analyzer] Processing 27/100: 0x45a44b00d63e07a967c221848b9738434f047605","timestamp":"2026-08-06T03:06:14.261Z"}
{"level":"info","message":"[Analyzer] Processing 28/100: 0xbdf589912bd39aad053867058bac61170e1bb443","timestamp":"2026-08-06T03:06:14.262Z"}
{"level":"info","message":"[Analyzer] Processing 29/100: 0xe0a0951063b36f34fd01156107d30e766b3e6b83","timestamp":"2026-08-06T03:06:14.262Z"}
{"level":"info","message":"[Analyzer] Processing 30/100: 0x75cc5337986c4e8e214ca11efdc15538b9677a44","timestamp":"2026-08-06T03:06:14.262Z"}
{"level":"info","message":"[Analyzer] Processing 31/100: 0xcdf02f5f1bd2ae8bd34d8dd5aa129837bd38a9b6","timestamp":"2026-08-06T03:06:14.263Z"}
{"level":"info","message":"[Analyzer] Processing 32/100: 0xb2066bfaead8249629c30d3c4413ce27bb6c8b57","timestamp":"2026-08-06T03:06:14.264Z"}
{"level":"info","message":"[Analyzer] Processing 33/100: 0x89c91540fc62f47faff38fc3ce140b9bc9813d39","timestamp":"2026-08-06T03:06:14.264Z"}
{"level":"info","message":"[Analyzer] Processing 34/100: 0x8d6a612608375d0f841a7b3846d396e69407383e","timestamp":"2026-08-06T03:06:14.265Z"}
{"level":"info","message":"[Analyzer] Processing 35/100: 0x72603b30c4f6c59a73324064695effd979d68959","timestamp":"2026-08-06T03:06:14.265Z"}
{"level":"info","message":"[Analyzer] Processing 36/100: 0x6dc4185fe336987d1e22f0605e0820bdfc5a077a","timestamp":"2026-08-06T03:06:14.265Z"}
{"level":"info","message":"[Analyzer] Processing 37/100: 0xce6f74a6b5eb6e19c5fb46fda0c69bb422a1463b","timestamp":"2026-08-06T03:06:14.266Z"}
{"level":"info","message":"[Analyzer] Processing 38/100: 0xc703bf577b98ca5e1b24b0358b23b99ba64f60e0","timestamp":"2026-08-06T03:06:14.266Z"}
{"level":"info","message":"[Analyzer] Processing 39/100: 0x49ab4b904154b945f8f14a5ec7629b7be429ba62","timestamp":"2026-08-06T03:06:14.267Z"}
{"level":"info","message":"[Analyzer] Processing 40/100: 0x6b35d08789cf8ed21a9ba5ff7b8438ec4f071206","timestamp":"2026-08-06T03:06:14.267Z"}
{"level":"info","message":"[Analyzer] Processing 41/100: 0x80f6479d655f7dc7bd4ce1a75dbfd8572ab898de","timestamp":"2026-08-06T03:06:14.267Z"}
{"level":"info","message":"[Analyzer] Processing 42/100: 0xefdbd93a7e67951816193efc9a5ddfc4ad2c102e","timestamp":"2026-08-06T03:06:14.267Z"}
{"level":"info","message":"[Analyzer] Processing 43/100: 0x57455c69a931d1eda7e491ee0422454e27a1f1ea","timestamp":"2026-08-06T03:06:14.268Z"}
{"level":"info","message":"[Analyzer] Processing 44/100: 0x46638686d7b11ae419137e16fff18ce2cd28b7ed","timestamp":"2026-08-06T03:06:14.270Z"}
{"level":"info","message":"[Analyzer] Processing 45/100: 0x131ed09e24bc4e57c3e05f92efdc7298228e0113","timestamp":"2026-08-06T03:06:14.270Z"}
{"level":"info","message":"[Analyzer] Processing 46/100: 0xdd9f904dae2b1f809c3350614f7fb6a6496fd23e","timestamp":"2026-08-06T03:06:14.271Z"}
{"level":"info","message":"[Analyzer] Processing 47/100: 0xd3bd8a637555bb6eb070610f9d54cdea14b9963d","timestamp":"2026-08-06T03:06:14.271Z"}
{"level":"info","message":"[Analyzer] Processing 48/100: 0x048ec349f7bc8c86cf4e89abb07fe2cb155008b6","timestamp":"2026-08-06T03:06:14.272Z"}
{"level":"info","message":"[Analyzer] Processing 49/100: 0xb46c6e6b111b295974ae16a8e906cdf33e0a3b6a","timestamp":"2026-08-06T03:06:14.272Z"}
{"level":"info","message":"[Analyzer] Processing 50/100: 0x45f9b599379969afc583e825494dc8f566b50f8a","timestamp":"2026-08-06T03:06:14.272Z"}
{"level":"info","message":"[Analyzer] Processing 51/100: 0x7d2eb9a4b279132cc01a146fceee75681a8f9628","timestamp":"2026-08-06T03:06:14.273Z"}
{"level":"info","message":"[Analyzer] Processing 52/100: 0xc147b92f3fbf8f35cdfca2c1fda795c52618b107","timestamp":"2026-08-06T03:06:14.273Z"}
{"level":"info","message":"[Analyzer] Processing 53/100: 0x7a7d2a832bdc5b437a77bcca2f6a2169f14a3e75","timestamp":"2026-08-06T03:06:14.273Z"}
{"level":"info","message":"[Analyzer] Processing 54/100: 0xebd732864b48646317d3fca3a67b25bd738280bc","timestamp":"2026-08-06T03:06:14.273Z"}
{"level":"info","message":"[Analyzer] Processing 55/100: 0x39a409cc0618f03dab2f9122c31d582926c211ce","timestamp":"2026-08-06T03:06:14.273Z"}
{"level":"info","message":"[Analyzer] Processing 56/100: 0x496388a642741b48bbd9dcbd84757419707ab86f","timestamp":"2026-08-06T03:06:14.274Z"}
{"level":"info","message":"[Analyzer] Processing 57/100: 0x2d339c8486d309eff816ee019147fee2059facd5","timestamp":"2026-08-06T03:06:14.274Z"}
{"level":"info","message":"[Analyzer] Processing 58/100: 0xf49afbe445344f5ce85acb95ad6f4f91ca466a87","timestamp":"2026-08-06T03:06:14.274Z"}
{"level":"info","message":"[Analyzer] Processing 59/100: 0x3943af3e43ef2d61bbb2e5fc60e936f678d3cd45","timestamp":"2026-08-06T03:06:14.275Z"}
{"level":"info","message":"[Analyzer] Processing 60/100: 0x10e706351dbb6d9ac15d49a47d7318564b5c0064","timestamp":"2026-08-06T03:06:14.275Z"}
{"level":"info","message":"[Analyzer] Processing 61/100: 0x9f2908cbec8a47032312c610ca38d476b587d352","timestamp":"2026-08-06T03:06:14.276Z"}
{"level":"info","message":"[Analyzer] Processing 62/100: 0x136204e730acd72b30390ff6e6826b3adfec6ee2","timestamp":"2026-08-06T03:06:14.277Z"}
{"level":"info","message":"[Analyzer] Processing 63/100: 0xb311756fe3413310c25e2d62270067bdb7bdb8bc","timestamp":"2026-08-06T03:06:14.277Z"}
{"level":"info","message":"[Analyzer] Processing 64/100: 0xa16d820c2e0b3dc56e9b8da9f215504e782402c6","timestamp":"2026-08-06T03:06:14.277Z"}
{"level":"info","message":"[Analyzer] Processing 65/100: 0x31834822c781a43c49ae31a9beee82365fd23227","timestamp":"2026-08-06T03:06:14.278Z"}
{"level":"info","message":"[Analyzer] Processing 66/100: 0x3eaf0cca8a4222981abc0f06f1402b101954559b","timestamp":"2026-08-06T03:06:14.278Z"}
{"level":"info","message":"[Analyzer] Processing 67/100: 0x674bc03bbb5a3b4a255679cfac41896195fde06e","timestamp":"2026-08-06T03:06:14.278Z"}
{"level":"info","message":"[Analyzer] Processing 68/100: 0xb8c0d2fd144c91ec2b48c961f1a8631ce04143fc","timestamp":"2026-08-06T03:06:14.278Z"}
{"level":"info","message":"[Analyzer] Processing 69/100: 0xec5569bbbf0cc35bab2ab0de65e69206359db6c3","timestamp":"2026-08-06T03:06:14.279Z"}
{"level":"info","message":"[Analyzer] Processing 70/100: 0xa41bc7d6c9e13ada0d566af2ddfcf3b6729f960f","timestamp":"2026-08-06T03:06:14.279Z"}
{"level":"info","message":"[Analyzer] Processing 71/100: 0x1e68701903297b716a4459fb96c61792c4a18b1c","timestamp":"2026-08-06T03:06:14.279Z"}
{"level":"info","message":"[Analyzer] Processing 72/100: 0x3ea99af1873c3a8f06523ee3d3d5278f4b24c4ae","timestamp":"2026-08-06T03:06:14.279Z"}
{"level":"info","message":"[Analyzer] Processing 73/100: 0x93ff179740460a3c51b67888614bca648c193b50","timestamp":"2026-08-06T03:06:14.280Z"}
{"level":"info","message":"[Analyzer] Processing 74/100: 0x5b9a8c6e450720f0d88c2561bc52628180197fbf","timestamp":"2026-08-06T03:06:14.280Z"}
{"level":"info","message":"[Analyzer] Processing 75/100: 0xc0092851c0025225151b8a8f06aa75e3433935ab","timestamp":"2026-08-06T03:06:14.281Z"}
{"level":"info","message":"[Analyzer] Processing 76/100: 0xdffc80f1edcaac53bede97b47527ef13a81da880","timestamp":"2026-08-06T03:06:14.282Z"}
{"level":"info","message":"[Analyzer] Processing 77/100: 0x8e0980c6ce8a3222566d12536bfdce9db78eca23","timestamp":"2026-08-06T03:06:14.283Z"}
{"level":"info","message":"[Analyzer] Processing 78/100: 0x119cdd0edd1c47cb6d807d01a19ed6860becb884","timestamp":"2026-08-06T03:06:14.283Z"}
{"level":"info","message":"[Analyzer] Processing 79/100: 0x62cd26a58a3813191c366580c480cd56dc131a0d","timestamp":"2026-08-06T03:06:14.284Z"}
{"level":"info","message":"[Analyzer] Processing 80/100: 0x056f05649d824c65556f0b16d3ccf4386732e960","timestamp":"2026-08-06T03:06:14.284Z"}
{"level":"info","message":"[Analyzer] Processing 81/100: 0x279ec73fc506988781b7a449d3adf422a6237194","timestamp":"2026-08-06T03:06:14.285Z"}
{"level":"info","message":"[Analyzer] Processing 82/100: 0x02726e6fbaadc9c4d8d5be2a31ad51dcb454af00","timestamp":"2026-08-06T03:06:14.285Z"}
{"level":"info","message":"[Analyzer] Processing 83/100: 0x3e7fe3f8f14ac208fa99c6bc61c4cd4f42c3671a","timestamp":"2026-08-06T03:06:14.286Z"}
{"level":"info","message":"[Analyzer] Processing 84/100: 0xc6d9861b11dadcdd3b3e9cbe2f001929d6ff43e2","timestamp":"2026-08-06T03:06:14.286Z"}
{"level":"info","message":"[Analyzer] Processing 85/100: 0x9bdd22ecbe67ad29629ade99622125408b0d8b25","timestamp":"2026-08-06T03:06:14.286Z"}
{"level":"info","message":"[Analyzer] Processing 86/100: 0x1dd06d1735356ed27fc2cfd4ac2efb18892e1c39","timestamp":"2026-08-06T03:06:14.287Z"}
{"level":"info","message":"[Analyzer] Processing 87/100: 0x451b5d253df4c5c1eb31d075a74dcd0826a503c7","timestamp":"2026-08-06T03:06:14.288Z"}
{"level":"info","message":"[Analyzer] Processing 88/100: 0x9161dbbb9df0b20b5b3fb9f7a2fc90fc864fe9c6","timestamp":"2026-08-06T03:06:14.289Z"}
{"level":"info","message":"[Analyzer] Processing 89/100: 0x36bb92c0b19439f496d6070be422adcabd740b5b","timestamp":"2026-08-06T03:06:14.289Z"}
{"level":"info","message":"[Analyzer] Processing 90/100: 0x04c75cd6aa6492bdefe196136ddf6f24ac28ab05","timestamp":"2026-08-06T03:06:14.289Z"}
{"level":"info","message":"[Analyzer] Processing 91/100: 0xbf703bd073e58f63b7ef28f25226ae0773caf807","timestamp":"2026-08-06T03:06:14.290Z"}
{"level":"info","message":"[Analyzer] Processing 92/100: 0x3825e69bb486f2d2c0b2ac85725a0955918d5555","timestamp":"2026-08-06T03:06:14.290Z"}
{"level":"info","message":"[Analyzer] Processing 93/100: 0xa14d8d2caabc95195febc9a426977acdbd1b657e","timestamp":"2026-08-06T03:06:14.290Z"}
{"level":"info","message":"[Analyzer] Processing 94/100: 0xc19600ac7a551ebe6a38353b554ffbcba08fcf3c","timestamp":"2026-08-06T03:06:14.290Z"}
{"level":"info","message":"[Analyzer] Processing 95/100: 0x70fcf6bd88c6f941cb2b8efd422fdcf6ef7851ee","timestamp":"2026-08-06T03:06:14.290Z"}
{"level":"info","message":"[Analyzer] Processing 96/100: 0xf967159d15374b567ec866d56f02cf723404af8c","timestamp":"2026-08-06T03:06:14.291Z"}
{"level":"info","message":"[Analyzer] Processing 97/100: 0x195c2a6b5aa6da386b9cf0908fb55b242d664dd6","timestamp":"2026-08-06T03:06:14.291Z"}
{"level":"info","message":"[Analyzer] Processing 98/100: 0x37c98490bd129d6ccb8679ef6702cb21e88c3c55","timestamp":"2026-08-06T03:06:14.291Z"}
{"level":"info","message":"[Analyzer] Processing 99/100: 0x1907b4c8ed358b543886710e82310201e310cd74","timestamp":"2026-08-06T03:06:14.291Z"}
{"level":"info","message":"[Analyzer] Processing 100/100: 0x38e197faac23c5c50a080c3384dfc5d4304e0826","timestamp":"2026-08-06T03:06:14.292Z"}
{"level":"info","message":"Page 33: +89 human targets | 11 bots filtered","timestamp":"2026-08-06T03:06:30.437Z"}
{"level":"info","message":"Page 33: Deleted 712 transfer records for 100 evaluated senders","timestamp":"2026-08-06T03:06:31.529Z"}
{"level":"info","message":"Fetched 100 raw pairs (page 34). Running Stage 1 + Stage 2 checks...","timestamp":"2026-08-06T03:06:36.101Z"}
{"level":"info","message":"[Analyzer] Processing 1/100: 0x2098afde0fcf94640aa6f52f18545c6b80ebc18c","timestamp":"2026-08-06T03:06:36.102Z"}
{"level":"info","message":"[Analyzer] Processing 2/100: 0xaa4036bd0afd8550185d8330f17eb897b964f87d","timestamp":"2026-08-06T03:06:36.103Z"}
{"level":"info","message":"[Analyzer] Processing 3/100: 0x7a543a16eeb4a46ad4163e80ce2a6c30550d9661","timestamp":"2026-08-06T03:06:36.104Z"}
{"level":"info","message":"[Analyzer] Processing 4/100: 0x6a1ef6f7185c6e2a068831bd96236ea26feefa3d","timestamp":"2026-08-06T03:06:36.105Z"}
{"level":"info","message":"[Analyzer] Processing 5/100: 0xfb9664f4ad13ca839eca09d1651836990232eaf1","timestamp":"2026-08-06T03:06:36.106Z"}
{"level":"info","message":"[Analyzer] Processing 6/100: 0x829eb828c188574279b832c123a4b6abff9eb5a3","timestamp":"2026-08-06T03:06:36.106Z"}
{"level":"info","message":"[Analyzer] Processing 7/100: 0xb1795190be64152daa9655b28ff403f3b5e5297e","timestamp":"2026-08-06T03:06:36.107Z"}
{"level":"info","message":"[Analyzer] Processing 8/100: 0xdfd9bef926be4ec59e6736ec0738c346b646d3bb","timestamp":"2026-08-06T03:06:36.109Z"}
{"level":"info","message":"[Analyzer] Processing 9/100: 0x4f1fb405540ed1e0a8aa070246a540f4bf0dfc28","timestamp":"2026-08-06T03:06:36.110Z"}
{"level":"info","message":"[Analyzer] Processing 10/100: 0xf542d79aafb2e61e35770bd40d633d59d27cb1ef","timestamp":"2026-08-06T03:06:36.110Z"}
{"level":"info","message":"[Analyzer] Processing 11/100: 0x57acfd4c2b011e75b55f1070af7b7512acbfd711","timestamp":"2026-08-06T03:06:36.111Z"}
{"level":"info","message":"[Analyzer] Processing 12/100: 0x45524ceb2bf45a259a60d5a02de132cfd6fb8010","timestamp":"2026-08-06T03:06:36.111Z"}
{"level":"info","message":"[Analyzer] Processing 13/100: 0x143a969ffca7a42db7d6ca1cc79eafd889ddbaa6","timestamp":"2026-08-06T03:06:36.112Z"}
{"level":"info","message":"[Analyzer] Processing 14/100: 0x70e9c2a23cdae67d5dd9a2d8273372d4e2d7d167","timestamp":"2026-08-06T03:06:36.112Z"}
{"level":"info","message":"[Analyzer] Processing 15/100: 0xae89d53adaf7dc6e5bf85ed9f9bc745a938ee0fe","timestamp":"2026-08-06T03:06:36.113Z"}
{"level":"info","message":"[Analyzer] Processing 16/100: 0xedb239049c6edb0e9d12f7964ec8ca7af8799189","timestamp":"2026-08-06T03:06:36.113Z"}
{"level":"info","message":"[Analyzer] Processing 17/100: 0xf15a1f564669d29045d50698778dd7dfa1e1d07a","timestamp":"2026-08-06T03:06:36.114Z"}
{"level":"info","message":"[Analyzer] Processing 18/100: 0xf47b68779f6fbec241e9550274b525cad3df2c4e","timestamp":"2026-08-06T03:06:36.115Z"}
{"level":"info","message":"[Analyzer] Processing 19/100: 0xec682362ef6143d0e03fac9e6a16d4690a390f76","timestamp":"2026-08-06T03:06:36.116Z"}
{"level":"info","message":"[Analyzer] Processing 20/100: 0xf7019bdd4d6b05e58d9e56c7dae74a1c833838d5","timestamp":"2026-08-06T03:06:36.116Z"}
{"level":"info","message":"[Analyzer] Processing 21/100: 0xa9a8d467ad087f5300b3aee4b38718867c2b9d08","timestamp":"2026-08-06T03:06:36.116Z"}
{"level":"info","message":"[Analyzer] Processing 22/100: 0x737b82692f3e350c900b1c9d10cf39fdd9b606be","timestamp":"2026-08-06T03:06:36.117Z"}
{"level":"info","message":"[Analyzer] Processing 23/100: 0x93236513cd476581da11f9b9d2c3d9af6b96ef90","timestamp":"2026-08-06T03:06:36.117Z"}
{"level":"info","message":"[Analyzer] Processing 24/100: 0x34c417391914496f757493c99320489cb04d068e","timestamp":"2026-08-06T03:06:36.117Z"}
{"level":"info","message":"[Analyzer] Processing 25/100: 0x4a324518e4d3e869e50198fd175e42da07e9236b","timestamp":"2026-08-06T03:06:36.118Z"}
{"level":"info","message":"[Analyzer] Processing 26/100: 0x045bf8cd8f2c6d453041f5416714920ff8c17322","timestamp":"2026-08-06T03:06:36.119Z"}
{"level":"info","message":"[Analyzer] Processing 27/100: 0x63916e153e185ed0b322367417244ef72a83af95","timestamp":"2026-08-06T03:06:36.119Z"}
{"level":"info","message":"[Analyzer] Processing 28/100: 0x9db27e390defac98beaedd9517004295edba5fd0","timestamp":"2026-08-06T03:06:36.120Z"}
{"level":"info","message":"[Analyzer] Processing 29/100: 0x70f51e20b485138265880427856bbaee5b3e62a2","timestamp":"2026-08-06T03:06:36.121Z"}
{"level":"info","message":"[Analyzer] Processing 30/100: 0xddeb7039e229ad90c9b60874eb375a023b0b7de3","timestamp":"2026-08-06T03:06:36.122Z"}
{"level":"info","message":"[Analyzer] Processing 31/100: 0xddfffb40f3851cba93112fbd7219f1326414ad33","timestamp":"2026-08-06T03:06:36.122Z"}
{"level":"info","message":"[Analyzer] Processing 32/100: 0x2ca78d8be4a4de44548f31ae4ebf7c148abcc93e","timestamp":"2026-08-06T03:06:36.122Z"}
{"level":"info","message":"[Analyzer] Processing 33/100: 0xcd6ff8bb96ac207c5c8a1a2052772fabec07b1be","timestamp":"2026-08-06T03:06:36.123Z"}
{"level":"info","message":"[Analyzer] Processing 34/100: 0x9f2349e6ea9d54977f17b73a3d0434257a26470f","timestamp":"2026-08-06T03:06:36.123Z"}
{"level":"info","message":"[Analyzer] Processing 35/100: 0xf90e3715da336ebb7e8c305476c6570972fcdbb9","timestamp":"2026-08-06T03:06:36.124Z"}
{"level":"info","message":"[Analyzer] Processing 36/100: 0x2b3f0328459338530fecc2eacff2914b489b8f06","timestamp":"2026-08-06T03:06:36.124Z"}
{"level":"info","message":"[Analyzer] Processing 37/100: 0x00b2af64a91d9c487f096865eecda27b32678b1a","timestamp":"2026-08-06T03:06:36.125Z"}
{"level":"info","message":"[Analyzer] Processing 38/100: 0xd8fbbd6b4350cba11c4a9658b54d94280b59f048","timestamp":"2026-08-06T03:06:36.125Z"}
{"level":"info","message":"[Analyzer] Processing 39/100: 0x9733dd7281f85bf60e08ecd1dc952a46cca9da15","timestamp":"2026-08-06T03:06:36.126Z"}
{"level":"info","message":"[Analyzer] Processing 40/100: 0xbaec5079db8fb892eea9c55882d936f425b73a79","timestamp":"2026-08-06T03:06:36.127Z"}
{"level":"info","message":"[Analyzer] Processing 41/100: 0x18c4792cfada1bd4c8972ed63f5263c4b1a3a5f4","timestamp":"2026-08-06T03:06:36.129Z"}
{"level":"info","message":"[Analyzer] Processing 42/100: 0x3178490d60b5cceaa5a79fd4d9050c7405bab80c","timestamp":"2026-08-06T03:06:36.131Z"}
{"level":"info","message":"[Analyzer] Processing 43/100: 0xcf40227000dada862f532e213f189827c0066fd2","timestamp":"2026-08-06T03:06:36.132Z"}
{"level":"info","message":"[Analyzer] Processing 44/100: 0xb2141ad75bb93f6248652c17c4215505cda0d920","timestamp":"2026-08-06T03:06:36.132Z"}
{"level":"info","message":"[Analyzer] Processing 45/100: 0x3b6311b2f31d90a57d3cb89db67096a28fbf1315","timestamp":"2026-08-06T03:06:36.133Z"}
{"level":"info","message":"[Analyzer] Processing 46/100: 0x6499a3657bffdcbeb75037d6f5b4097b0c90f84b","timestamp":"2026-08-06T03:06:36.133Z"}
{"level":"info","message":"[Analyzer] Processing 47/100: 0xcb09433aa4bf14bccb71e37d9fb0ac3744663d10","timestamp":"2026-08-06T03:06:36.134Z"}
{"level":"info","message":"[Analyzer] Processing 48/100: 0x9dd6a7ddc1a0dbb1ee678bce8e95413ed3185d68","timestamp":"2026-08-06T03:06:36.135Z"}
{"level":"info","message":"[Analyzer] Processing 49/100: 0x42dc0440d05c775cc8629355398d2b141cba62a6","timestamp":"2026-08-06T03:06:36.135Z"}
{"level":"info","message":"[Analyzer] Processing 50/100: 0xbf7a0ec4afd78aec69f54bfa331ec9d11967ebd6","timestamp":"2026-08-06T03:06:36.137Z"}
{"level":"info","message":"[Analyzer] Processing 51/100: 0x53bd5891b5e733f82d9cba5faaf086fe6a2a6c46","timestamp":"2026-08-06T03:06:36.137Z"}
{"level":"info","message":"[Analyzer] Processing 52/100: 0x1d4d85a19254c42df7f99ee5d9b1b8e8dbc65866","timestamp":"2026-08-06T03:06:36.138Z"}
{"level":"info","message":"[Analyzer] Processing 53/100: 0xa1062cb3c45214a46f916a35bef1b6db8fce6e99","timestamp":"2026-08-06T03:06:36.138Z"}
{"level":"info","message":"[Analyzer] Processing 54/100: 0xb32d274e3cd9d83af150f3b361786abc02f0dd52","timestamp":"2026-08-06T03:06:36.138Z"}
{"level":"info","message":"[Analyzer] Processing 55/100: 0x8c30c55216c8bd77cccbad90187089549e4c9af1","timestamp":"2026-08-06T03:06:36.139Z"}
{"level":"info","message":"[Analyzer] Processing 56/100: 0x895f92854c5fc955268fc03d0abf928543f8fdf4","timestamp":"2026-08-06T03:06:36.139Z"}
{"level":"info","message":"[Analyzer] Processing 57/100: 0xcd9559a6e3f2065fd26598d29ad9d7887a31a582","timestamp":"2026-08-06T03:06:36.139Z"}
{"level":"info","message":"[Analyzer] Processing 58/100: 0x1a60a570318d51fc800b70b8ac18cc570cff3f09","timestamp":"2026-08-06T03:06:36.140Z"}
{"level":"info","message":"[Analyzer] Processing 59/100: 0xe4d4846d4ed3cb3870823aad4ecb440acb38c413","timestamp":"2026-08-06T03:06:36.140Z"}
{"level":"info","message":"[Analyzer] Processing 60/100: 0x39992ad09f2579c8f558f5f9afcc7547d9a61677","timestamp":"2026-08-06T03:06:36.140Z"}
{"level":"info","message":"[Analyzer] Processing 61/100: 0x35a690a69fd77f4fcb1cae776aec7823b3c23ae2","timestamp":"2026-08-06T03:06:36.141Z"}
{"level":"info","message":"[Analyzer] Processing 62/100: 0x3dac4efcb77421b430be398b6307d6426b749c42","timestamp":"2026-08-06T03:06:36.141Z"}
{"level":"info","message":"[Analyzer] Processing 63/100: 0x2f1f729a293233160f33f63a81756f95d70f9f15","timestamp":"2026-08-06T03:06:36.141Z"}
{"level":"info","message":"[Analyzer] Processing 64/100: 0x5d6423a66bda4b6b006cfde757d80b06baf9b4d8","timestamp":"2026-08-06T03:06:36.143Z"}
{"level":"info","message":"[Analyzer] Processing 65/100: 0x0c8c447fe979f7234905de9877392e2f33f3f235","timestamp":"2026-08-06T03:06:36.143Z"}
{"level":"info","message":"[Analyzer] Processing 66/100: 0xe1c59ecbc7c0969cde4b1bc84cb00a2f735ac086","timestamp":"2026-08-06T03:06:36.144Z"}
{"level":"info","message":"[Analyzer] Processing 67/100: 0xb3f4330ac74c58d4096d25fee90f77fe982b5263","timestamp":"2026-08-06T03:06:36.144Z"}
{"level":"info","message":"[Analyzer] Processing 68/100: 0x56bd1c5d7facc5c7504b78f092d60aa400b7c12a","timestamp":"2026-08-06T03:06:36.144Z"}
{"level":"info","message":"[Analyzer] Processing 69/100: 0xeb788c3fcd60df7687ce55bb20bbcb5238c72133","timestamp":"2026-08-06T03:06:36.144Z"}
{"level":"info","message":"[Analyzer] Processing 70/100: 0xa8502f29df83ddec4086a8908b14ad793245df48","timestamp":"2026-08-06T03:06:36.145Z"}
{"level":"info","message":"[Analyzer] Processing 71/100: 0xdc17e05fa64e823742ea0692003233ef2f0cc02b","timestamp":"2026-08-06T03:06:36.145Z"}
{"level":"info","message":"[Analyzer] Processing 72/100: 0xc6ba1088428d10a08d202d33ad9e7e0c53a22621","timestamp":"2026-08-06T03:06:36.145Z"}
{"level":"info","message":"[Analyzer] Processing 73/100: 0x499024d3e9f5be41c4c7cea783399e744bcd7e61","timestamp":"2026-08-06T03:06:36.145Z"}
{"level":"info","message":"[Analyzer] Processing 74/100: 0x167117ad20783742f94f9582e9365c85236226c2","timestamp":"2026-08-06T03:06:36.145Z"}
{"level":"info","message":"[Analyzer] Processing 75/100: 0x9b750f7287e50b1e7d9ab847cf22880d09a4596e","timestamp":"2026-08-06T03:06:36.146Z"}
{"level":"info","message":"[Analyzer] Processing 76/100: 0x734c1792a3d7de580678ea0ee4b51118ac92b800","timestamp":"2026-08-06T03:06:36.146Z"}
{"level":"info","message":"[Analyzer] Processing 77/100: 0xac7400be7c8dc757b3be79f0d3f4746c247a8574","timestamp":"2026-08-06T03:06:36.146Z"}
{"level":"info","message":"[Analyzer] Processing 78/100: 0x9bfbb404b2c5b1d17d9885c5e83141d464505313","timestamp":"2026-08-06T03:06:36.146Z"}
{"level":"info","message":"[Analyzer] Processing 79/100: 0x8c1dfd121d3a14ca1a26ec242e34f5ceb5587884","timestamp":"2026-08-06T03:06:36.146Z"}
{"level":"info","message":"[Analyzer] Processing 80/100: 0x12ffdaf51f43e066e745dcce13381df8f82af702","timestamp":"2026-08-06T03:06:36.147Z"}
{"level":"info","message":"[Analyzer] Processing 81/100: 0x13d58d3c7b1ee558b5ab1bf3ab13197c860d4489","timestamp":"2026-08-06T03:06:36.147Z"}
{"level":"info","message":"[Analyzer] Processing 82/100: 0x61d6580632439fe3ebc2550910a9b45f11985838","timestamp":"2026-08-06T03:06:36.147Z"}
{"level":"info","message":"[Analyzer] Processing 83/100: 0x92174d4b5ac9a512e73497577095f1d8ab18c409","timestamp":"2026-08-06T03:06:36.147Z"}
{"level":"info","message":"[Analyzer] Processing 84/100: 0x5626b98ad4e7fdc5757bab44dd07b29b130dcc92","timestamp":"2026-08-06T03:06:36.147Z"}
{"level":"info","message":"[Analyzer] Processing 85/100: 0x6778a476d861c6857de59464285bde0d9f0d13d6","timestamp":"2026-08-06T03:06:36.152Z"}
{"level":"info","message":"[Analyzer] Processing 86/100: 0x310354d0576c990da319d648142500e8b9962fb4","timestamp":"2026-08-06T03:06:36.153Z"}
{"level":"info","message":"[Analyzer] Processing 87/100: 0x91546cc623a95fdfad62e9df8590dee69b771702","timestamp":"2026-08-06T03:06:36.153Z"}
{"level":"info","message":"[Analyzer] Processing 88/100: 0x403830e860e600c7fc0116777ba6d8e57ef9116e","timestamp":"2026-08-06T03:06:36.153Z"}
{"level":"info","message":"[Analyzer] Processing 89/100: 0x8f143183ee71666d2ebd2b5f2b87785950627769","timestamp":"2026-08-06T03:06:36.154Z"}
{"level":"info","message":"[Analyzer] Processing 90/100: 0x69a3e2c4855f34201ce3f0f103ca763d4ee2d32a","timestamp":"2026-08-06T03:06:36.154Z"}
{"level":"info","message":"[Analyzer] Processing 91/100: 0xc1c26846543a69fa7b835871cd0935a081a0533f","timestamp":"2026-08-06T03:06:36.154Z"}
{"level":"info","message":"[Analyzer] Processing 92/100: 0xfde86801ffaaf5cd03e774bbe2f0663c601b1d4a","timestamp":"2026-08-06T03:06:36.155Z"}
{"level":"info","message":"[Analyzer] Processing 93/100: 0x93ec90430f00fe9c32cdd78b08b020bcf45dbf26","timestamp":"2026-08-06T03:06:36.155Z"}
{"level":"info","message":"[Analyzer] Processing 94/100: 0x0260ef0cdb2f34f59d076d0d67b4daa9d24e270b","timestamp":"2026-08-06T03:06:36.155Z"}
{"level":"info","message":"[Analyzer] Processing 95/100: 0xd34745717a04273532a5aace85c25b5a55f76a68","timestamp":"2026-08-06T03:06:36.155Z"}
{"level":"info","message":"[Analyzer] Processing 96/100: 0xce9b7c2c15a61890ce8cc37692cb5976ee4c10ac","timestamp":"2026-08-06T03:06:36.156Z"}
{"level":"info","message":"[Analyzer] Processing 97/100: 0x855dfe58a192622f50f419e1873a37bbbd728bc2","timestamp":"2026-08-06T03:06:36.156Z"}
{"level":"info","message":"[Analyzer] Processing 98/100: 0x37d4a369dc562f1c0d2abbf0e4dd9667618a2611","timestamp":"2026-08-06T03:06:36.156Z"}
{"level":"info","message":"[Analyzer] Processing 99/100: 0xc615c662102ea51d42e0f5b4e271383c17cb11cb","timestamp":"2026-08-06T03:06:36.156Z"}
{"level":"info","message":"[Analyzer] Processing 100/100: 0x03eb800c81dd706479acdb4430e7575c258341d5","timestamp":"2026-08-06T03:06:36.156Z"}
{"level":"info","message":"Page 34: +93 human targets | 7 bots filtered","timestamp":"2026-08-06T03:06:49.037Z"}
{"level":"info","message":"Page 34: Deleted 681 transfer records for 100 evaluated senders","timestamp":"2026-08-06T03:06:49.580Z"}
{"level":"info","message":"Fetched 100 raw pairs (page 35). Running Stage 1 + Stage 2 checks...","timestamp":"2026-08-06T03:06:57.315Z"}
{"level":"info","message":"[Analyzer] Processing 1/100: 0x19a9b9ba8342ee2b1e006ad9b7305d5c3c340267","timestamp":"2026-08-06T03:06:57.316Z"}
{"level":"info","message":"[Analyzer] Processing 2/100: 0xeeda1a7910a1a0b20090d94f68856cc27311beb3","timestamp":"2026-08-06T03:06:57.320Z"}
{"level":"info","message":"[Analyzer] Processing 3/100: 0x1c65731351dc615c37f4f618bef3db3938b95913","timestamp":"2026-08-06T03:06:57.322Z"}
{"level":"info","message":"[Analyzer] Processing 4/100: 0xf9f33a03796e153af28bb8010be1a4648512bf0a","timestamp":"2026-08-06T03:06:57.323Z"}
{"level":"info","message":"[Analyzer] Processing 5/100: 0xe3538e9aa0d2b63812e020a5d7e3957de951f2fd","timestamp":"2026-08-06T03:06:57.323Z"}
{"level":"info","message":"[Analyzer] Processing 6/100: 0x2419615c880921cd42373dfc0eccab0e6a9d2763","timestamp":"2026-08-06T03:06:57.323Z"}
{"level":"info","message":"[Analyzer] Processing 7/100: 0x89509af9eab69965e0fdc5cee335eb5e3c7ec200","timestamp":"2026-08-06T03:06:57.324Z"}
{"level":"info","message":"[Analyzer] Processing 8/100: 0xfc6d7a87e3a8f2cd03f98925ae1f270a004558c1","timestamp":"2026-08-06T03:06:57.324Z"}
{"level":"info","message":"[Analyzer] Processing 9/100: 0xfc81113b7d0d58c66015983037f1eab52a8e9a28","timestamp":"2026-08-06T03:06:57.325Z"}
{"level":"info","message":"[Analyzer] Processing 10/100: 0xcb03428e2a9dbe90896108b41735f25e6feb41d4","timestamp":"2026-08-06T03:06:57.325Z"}
{"level":"info","message":"[Analyzer] Processing 11/100: 0xfd0153d391336af8d30a64bf73f08966623a7172","timestamp":"2026-08-06T03:06:57.326Z"}
{"level":"info","message":"[Analyzer] Processing 12/100: 0x4b32906c1daaa71988175c43b95668936c4020c3","timestamp":"2026-08-06T03:06:57.327Z"}
{"level":"info","message":"[Analyzer] Processing 13/100: 0x48b7882b8be7e226dda1234a0dc42ea3d4d87f63","timestamp":"2026-08-06T03:06:57.327Z"}
{"level":"info","message":"[Analyzer] Processing 14/100: 0x98fd48fc4fb5dd24ad59c2287c40c7f1b0916ab4","timestamp":"2026-08-06T03:06:57.328Z"}
{"level":"info","message":"[Analyzer] Processing 15/100: 0x89aa01dd175e6c3765b2347e374b33bd6311e9a4","timestamp":"2026-08-06T03:06:57.328Z"}
{"level":"info","message":"[Analyzer] Processing 16/100: 0xe0800d91fe0c59ad46a8ac015b1a6fa7143918d7","timestamp":"2026-08-06T03:06:57.328Z"}
{"level":"info","message":"[Analyzer] Processing 17/100: 0x2626c35c4312b10e193faedcf0d7a4fdfce1669c","timestamp":"2026-08-06T03:06:57.328Z"}
{"level":"info","message":"[Analyzer] Processing 18/100: 0xf98cc17b78652eb478f9b433a724fe47c2da24bd","timestamp":"2026-08-06T03:06:57.329Z"}
{"level":"info","message":"[Analyzer] Processing 19/100: 0x4622cd5177d50cabd87abe1cf808a9a23f1ae157","timestamp":"2026-08-06T03:06:57.329Z"}
{"level":"info","message":"[Analyzer] Processing 20/100: 0x4f2b9eca5886867d2d00c494e39e0ea127566220","timestamp":"2026-08-06T03:06:57.330Z"}
{"level":"info","message":"[Analyzer] Processing 21/100: 0xefb0a1664ddaf0fca4749608864355b30936e769","timestamp":"2026-08-06T03:06:57.330Z"}
{"level":"info","message":"[Analyzer] Processing 22/100: 0x5e9a40649a71af1c883cf468a6ce26342527761d","timestamp":"2026-08-06T03:06:57.330Z"}
{"level":"info","message":"[Analyzer] Processing 23/100: 0xc912457800090c574cffe0217d227b6fe5004e09","timestamp":"2026-08-06T03:06:57.331Z"}
{"level":"info","message":"[Analyzer] Processing 24/100: 0xc912457800090c574cffe0217d227b6fe5004e09","timestamp":"2026-08-06T03:06:57.332Z"}
{"level":"info","message":"[Analyzer] Processing 25/100: 0x46c5a10b412a536a3abd701b3f281b8a3618bb46","timestamp":"2026-08-06T03:06:57.333Z"}
{"level":"info","message":"[Analyzer] Processing 26/100: 0x8f67fda829d71c332738cb399ebd2b2033bec8c6","timestamp":"2026-08-06T03:06:57.333Z"}
{"level":"info","message":"[Analyzer] Processing 27/100: 0x886710c91c4db3bbd7e2b44fc68391acf9ecb83b","timestamp":"2026-08-06T03:06:57.334Z"}
{"level":"info","message":"[Analyzer] Processing 28/100: 0x148e76193d7705386fefac78e6a8c8f3596eaeef","timestamp":"2026-08-06T03:06:57.334Z"}
{"level":"info","message":"[Analyzer] Processing 29/100: 0xcd7de4b0a92fcbfc644768c7080dbda745cc597d","timestamp":"2026-08-06T03:06:57.334Z"}
{"level":"info","message":"[Analyzer] Processing 30/100: 0x97b7fe74eda464632bb8f460990728b17152d798","timestamp":"2026-08-06T03:06:57.335Z"}
{"level":"info","message":"[Analyzer] Processing 31/100: 0x1f3e9149ada56a6462511af1e73b999d1684adda","timestamp":"2026-08-06T03:06:57.337Z"}
{"level":"info","message":"[Analyzer] Processing 32/100: 0x903ec1bf8f10e2692be7e14024a37d07473e555a","timestamp":"2026-08-06T03:06:57.339Z"}
{"level":"info","message":"[Analyzer] Processing 33/100: 0x115258e70d2654d63b072385f4bd5481b26ce344","timestamp":"2026-08-06T03:06:57.340Z"}
{"level":"info","message":"[Analyzer] Processing 34/100: 0xf7d557608e33e9862648a8068418ea7550d9af8f","timestamp":"2026-08-06T03:06:57.340Z"}
{"level":"info","message":"[Analyzer] Processing 35/100: 0x1d913ce06e24215c792c01c6ba982a002bc0ec7e","timestamp":"2026-08-06T03:06:57.340Z"}
{"level":"info","message":"[Analyzer] Processing 36/100: 0x2f19458b33a04aa643572838d29ac18efc40f820","timestamp":"2026-08-06T03:06:57.341Z"}
{"level":"info","message":"[Analyzer] Processing 37/100: 0x8fd3659732df94c3643d84c1079fa62b04e66a31","timestamp":"2026-08-06T03:06:57.341Z"}
{"level":"info","message":"[Analyzer] Processing 38/100: 0xce747ba4b98e238f87001ddd4659ac2af29c32e2","timestamp":"2026-08-06T03:06:57.341Z"}
{"level":"info","message":"[Analyzer] Processing 39/100: 0x6d73a9848f0a2243a70d5ad4054ee58284ec888b","timestamp":"2026-08-06T03:06:57.342Z"}
{"level":"info","message":"[Analyzer] Processing 40/100: 0xf79d225cf4734186f766c77c0a9332b23ec14c6e","timestamp":"2026-08-06T03:06:57.342Z"}
{"level":"info","message":"[Analyzer] Processing 41/100: 0xbd7b1dc195d81829f8c9db06a8c69af26cc03ec3","timestamp":"2026-08-06T03:06:57.342Z"}
{"level":"info","message":"[Analyzer] Processing 42/100: 0x0c7258b7a66b9a18cf50e03f98bc2107dd6e358a","timestamp":"2026-08-06T03:06:57.342Z"}
{"level":"info","message":"[Analyzer] Processing 43/100: 0xc43ea61e6256354bbc3457b50ec6ab30ea334a19","timestamp":"2026-08-06T03:06:57.343Z"}
{"level":"info","message":"[Analyzer] Processing 44/100: 0xfaf281219c74329c4e3f46bdd4155ee69dc8608f","timestamp":"2026-08-06T03:06:57.343Z"}
{"level":"info","message":"[Analyzer] Processing 45/100: 0x931a42a2386205e8169b2f1cb4a74b077e1cda49","timestamp":"2026-08-06T03:06:57.343Z"}
{"level":"info","message":"[Analyzer] Processing 46/100: 0x40ebc3ed03c7d978e834b04dad03fdf5480d61f8","timestamp":"2026-08-06T03:06:57.343Z"}
{"level":"info","message":"[Analyzer] Processing 47/100: 0xde615ef99bc125ed6f8b7572df8325e6e8841e4b","timestamp":"2026-08-06T03:06:57.344Z"}
{"level":"info","message":"[Analyzer] Processing 48/100: 0xafcab0f96ece2d670ce5509bacd87e95867d53b2","timestamp":"2026-08-06T03:06:57.344Z"}
{"level":"info","message":"[Analyzer] Processing 49/100: 0x6633b5041a1f88b32e0da9e88b3e8a162f3877bd","timestamp":"2026-08-06T03:06:57.344Z"}
{"level":"info","message":"[Analyzer] Processing 50/100: 0x4602e8fefe4e5d1e9609e89fc79ebe1ffab395b6","timestamp":"2026-08-06T03:06:57.345Z"}
{"level":"info","message":"[Analyzer] Processing 51/100: 0x6e4e768267b0e1e033b085ab6be4775dd42b4b1e","timestamp":"2026-08-06T03:06:57.346Z"}
{"level":"info","message":"[Analyzer] Processing 52/100: 0x5243bab405b33be675a4fbdf271000e8a1cf426d","timestamp":"2026-08-06T03:06:57.346Z"}
{"level":"info","message":"[Analyzer] Processing 53/100: 0xb8e29479c7c3acdd1c4b9bb805bca05695686c70","timestamp":"2026-08-06T03:06:57.347Z"}
{"level":"info","message":"[Analyzer] Processing 54/100: 0x1b948c1d916d597f6f977cda33a63ef5859ef382","timestamp":"2026-08-06T03:06:57.347Z"}
{"level":"info","message":"[Analyzer] Processing 55/100: 0x285576a661dfd9d05092280fba8e87a87496ad1d","timestamp":"2026-08-06T03:06:57.347Z"}
{"level":"info","message":"[Analyzer] Processing 56/100: 0x7c6211ab60fda17eecb0f7f5d3d252dcb84924c8","timestamp":"2026-08-06T03:06:57.347Z"}
{"level":"info","message":"[Analyzer] Processing 57/100: 0x0f6a1e21bf7dc3082539a4ed3f6a0aa10a1df2da","timestamp":"2026-08-06T03:06:57.348Z"}
{"level":"info","message":"[Analyzer] Processing 58/100: 0xb4a4734e93837997bb6b3cdf655e46d1a8394551","timestamp":"2026-08-06T03:06:57.348Z"}
{"level":"info","message":"[Analyzer] Processing 59/100: 0xaec8fea2f7c92b7744df2315d892b9f0c028bce3","timestamp":"2026-08-06T03:06:57.349Z"}
{"level":"info","message":"[Analyzer] Processing 60/100: 0x04ef7ebce867930b520706cac146fb086790897a","timestamp":"2026-08-06T03:06:57.349Z"}
{"level":"info","message":"[Analyzer] Processing 61/100: 0x566618a2201af17f4d9766ea0027087bfdf40b01","timestamp":"2026-08-06T03:06:57.349Z"}
{"level":"info","message":"[Analyzer] Processing 62/100: 0xe7d05a4f406aeaa8ae95d02624e01328bc328c55","timestamp":"2026-08-06T03:06:57.350Z"}
{"level":"info","message":"[Analyzer] Processing 63/100: 0x1a34d4516c5fbd832463188389a5aa33b70a7ff4","timestamp":"2026-08-06T03:06:57.352Z"}
{"level":"info","message":"[Analyzer] Processing 64/100: 0x96de6a0ef5e1d1bcf382bdf31bc980be129b569d","timestamp":"2026-08-06T03:06:57.353Z"}
{"level":"info","message":"[Analyzer] Processing 65/100: 0xfc935e94ef9f3c7c345c0b4ef8a75b6a01d24eeb","timestamp":"2026-08-06T03:06:57.353Z"}
{"level":"info","message":"[Analyzer] Processing 66/100: 0x8c9c12d4f751740231e7ce97c3ef14e5e215b0d4","timestamp":"2026-08-06T03:06:57.354Z"}
{"level":"info","message":"[Analyzer] Processing 67/100: 0xc834df54da19105dea625aa05d264777ba5c514a","timestamp":"2026-08-06T03:06:57.354Z"}
{"level":"info","message":"[Analyzer] Processing 68/100: 0xa0f8d810498f8ff8a8c74622a7d56ccfb017bdc7","timestamp":"2026-08-06T03:06:57.355Z"}
{"level":"info","message":"[Analyzer] Processing 69/100: 0xf72b447a0a6f71c70b3345c8ef41cc2980dcf62d","timestamp":"2026-08-06T03:06:57.355Z"}
{"level":"info","message":"[Analyzer] Processing 70/100: 0x7440df63f7331b52d3dff9f447b01f2ca97ed0a3","timestamp":"2026-08-06T03:06:57.356Z"}
{"level":"info","message":"[Analyzer] Processing 71/100: 0x50d56c77c22d4f4a312ff478f31db1b753370b0c","timestamp":"2026-08-06T03:06:57.356Z"}
{"level":"info","message":"[Analyzer] Processing 72/100: 0x8316b99211ec586de95597a52f203d03827f94ea","timestamp":"2026-08-06T03:06:57.357Z"}
{"level":"info","message":"[Analyzer] Processing 73/100: 0x1123dce34dadb4e233081868ef48d28ac0d86ae0","timestamp":"2026-08-06T03:06:57.357Z"}
{"level":"info","message":"[Analyzer] Processing 74/100: 0x79908de8db8648c3908f9701665754504d5bb2d1","timestamp":"2026-08-06T03:06:57.358Z"}
{"level":"info","message":"[Analyzer] Processing 75/100: 0x8a6694d26eb72d5eb00b8a2ec2efeef945b1534d","timestamp":"2026-08-06T03:06:57.359Z"}
{"level":"info","message":"[Analyzer] Processing 76/100: 0xb2c4df823aeb3972c2d15adb8def9c715c734e25","timestamp":"2026-08-06T03:06:57.359Z"}
{"level":"info","message":"[Analyzer] Processing 77/100: 0xa147e963a9fb3c1506d7400eb77106d969e09ad3","timestamp":"2026-08-06T03:06:57.359Z"}
{"level":"info","message":"[Analyzer] Processing 78/100: 0x05c4711446a1c9948190fcccdf1c59c3ae2e99da","timestamp":"2026-08-06T03:06:57.360Z"}
{"level":"info","message":"[Analyzer] Processing 79/100: 0xc2f4a13d12ae37b67a759b626f218667c68ba06c","timestamp":"2026-08-06T03:06:57.360Z"}
{"level":"info","message":"[Analyzer] Processing 80/100: 0xd77743524bb28522ded41418e04da6ae11aa7d7e","timestamp":"2026-08-06T03:06:57.361Z"}
{"level":"info","message":"[Analyzer] Processing 81/100: 0x5dfc4f9990ff6c1c6d66bfbd4fa6f3c16d81a8e7","timestamp":"2026-08-06T03:06:57.361Z"}
{"level":"info","message":"[Analyzer] Processing 82/100: 0x2777a74341a61567b831f7bd3d2a49f9b6a825ee","timestamp":"2026-08-06T03:06:57.362Z"}
{"level":"info","message":"[Analyzer] Processing 83/100: 0x7334bf0f2bb84f16a432a4e4501e9e15ee4bab7c","timestamp":"2026-08-06T03:06:57.362Z"}
{"level":"info","message":"[Analyzer] Processing 84/100: 0xa7ef90ccc146891076202015467fc62af12b477e","timestamp":"2026-08-06T03:06:57.362Z"}
{"level":"info","message":"[Analyzer] Processing 85/100: 0x4ad2b70414c64b5e768bb0d395ee99b3a62460e8","timestamp":"2026-08-06T03:06:57.363Z"}
{"level":"info","message":"[Analyzer] Processing 86/100: 0x0dd8de3bfa5a7fc2fc027927d27426d5a0c96add","timestamp":"2026-08-06T03:06:57.363Z"}
{"level":"info","message":"[Analyzer] Processing 87/100: 0x6eab88f84182aacc6364f085d4017ec180cee2c7","timestamp":"2026-08-06T03:06:57.364Z"}
{"level":"info","message":"[Analyzer] Processing 88/100: 0xe382bf5ade454ef70ae341cc71eb3dd0992b9411","timestamp":"2026-08-06T03:06:57.364Z"}
{"level":"info","message":"[Analyzer] Processing 89/100: 0x7e518659dbfb39a5d2832d5ab40143cdc1b19009","timestamp":"2026-08-06T03:06:57.365Z"}
{"level":"info","message":"[Analyzer] Processing 90/100: 0xc77c360766c75cbddd09a9721cbfc44d2499314d","timestamp":"2026-08-06T03:06:57.365Z"}
{"level":"info","message":"[Analyzer] Processing 91/100: 0xcdcd0b8504447d533843a7b4b94d9c6bcf9c4bee","timestamp":"2026-08-06T03:06:57.365Z"}
{"level":"info","message":"[Analyzer] Processing 92/100: 0xbd00a3235eb5be635eda39f9fbf57dc3dad2198a","timestamp":"2026-08-06T03:06:57.365Z"}
{"level":"info","message":"[Analyzer] Processing 93/100: 0x1325010bf7f8552854354e3b366ca2f68104dda9","timestamp":"2026-08-06T03:06:57.366Z"}
{"level":"info","message":"[Analyzer] Processing 94/100: 0x030e3872fd69b373cbd66c9a2ebba1faeeac2c94","timestamp":"2026-08-06T03:06:57.366Z"}
{"level":"info","message":"[Analyzer] Processing 95/100: 0xd74ec308f0be02463f11302f9177d822c980635f","timestamp":"2026-08-06T03:06:57.366Z"}
{"level":"info","message":"[Analyzer] Processing 96/100: 0x3123a0b206ebcfbf439ffcf5aa7ebaa4cd889528","timestamp":"2026-08-06T03:06:57.366Z"}
{"level":"info","message":"[Analyzer] Processing 97/100: 0x77c02db5355bef4bb9d8d90f84223978c2e368d2","timestamp":"2026-08-06T03:06:57.366Z"}
{"level":"info","message":"[Analyzer] Processing 98/100: 0x460edffb4081fcc0893b69f04f7e0608c234ad2b","timestamp":"2026-08-06T03:06:57.367Z"}
{"level":"info","message":"[Analyzer] Processing 99/100: 0xf43964f0cb0eb60e92438701bbadf530884291ac","timestamp":"2026-08-06T03:06:57.367Z"}
{"level":"info","message":"[Analyzer] Processing 100/100: 0xcad7d02bfd92854c1a9db0e1e01a576ce9230b48","timestamp":"2026-08-06T03:06:57.367Z"}
{"level":"info","message":"Page 35: +94 human targets | 6 bots filtered","timestamp":"2026-08-06T03:07:11.690Z"}
{"level":"info","message":"Page 35: Deleted 656 transfer records for 99 evaluated senders","timestamp":"2026-08-06T03:07:12.357Z"}
{"level":"info","message":"Fetched 19 raw pairs (page 36). Running Stage 1 + Stage 2 checks...","timestamp":"2026-08-06T03:07:13.148Z"}
{"level":"info","message":"[Analyzer] Processing 1/19: 0xa755d88b6b40666779fdbd785a05eac6762aee07","timestamp":"2026-08-06T03:07:13.148Z"}
{"level":"info","message":"[Analyzer] Processing 2/19: 0x524d26b1746e29e2ed3e07b9345eb850863780fd","timestamp":"2026-08-06T03:07:13.149Z"}
{"level":"info","message":"[Analyzer] Processing 3/19: 0x8636d1ab1c865277c2c9a88c0c0903007cd3d529","timestamp":"2026-08-06T03:07:13.150Z"}
{"level":"info","message":"[Analyzer] Processing 4/19: 0x03039209f0c88de76c4074db46040d846d449534","timestamp":"2026-08-06T03:07:13.152Z"}
{"level":"info","message":"[Analyzer] Processing 5/19: 0x6f0bd4492a5ce8b84803592e51e633468e4c2bda","timestamp":"2026-08-06T03:07:13.153Z"}
{"level":"info","message":"[Analyzer] Processing 6/19: 0xfcbbedc510072a61e4b54e454754c47f4eb27f63","timestamp":"2026-08-06T03:07:13.153Z"}
{"level":"info","message":"[Analyzer] Processing 7/19: 0x87f0e43ee7ee2a34512a1e130d0cac08887d5b38","timestamp":"2026-08-06T03:07:13.155Z"}
{"level":"info","message":"[Analyzer] Processing 8/19: 0xf783ba9b15c0ff155c6309b7b3c79e32be3fc0ab","timestamp":"2026-08-06T03:07:13.156Z"}
{"level":"info","message":"[Analyzer] Processing 9/19: 0xa270784281036631baa3d142c1aa0411fd5ccc86","timestamp":"2026-08-06T03:07:13.157Z"}
{"level":"info","message":"[Analyzer] Processing 10/19: 0x9f6c08f3b16ed18c2771d3c3eb090b57d3a69eea","timestamp":"2026-08-06T03:07:13.158Z"}
{"level":"info","message":"[Analyzer] Processing 11/19: 0x5376f165d6746a603095628d6cc46260bfad7633","timestamp":"2026-08-06T03:07:13.159Z"}
{"level":"info","message":"[Analyzer] Processing 12/19: 0x30343119f60aa43ff9a6ab9a0d07bdfad228caa2","timestamp":"2026-08-06T03:07:13.160Z"}
{"level":"info","message":"[Analyzer] Processing 13/19: 0xa0e9e85ce7dc87200d42d9795e23a8b267cf79b5","timestamp":"2026-08-06T03:07:13.161Z"}
{"level":"info","message":"[Analyzer] Processing 14/19: 0x25663c9061ad94fa373fbdfd1bd630de838794db","timestamp":"2026-08-06T03:07:13.162Z"}
{"level":"info","message":"[Analyzer] Processing 15/19: 0x4c50a0d2f5a998ca3d669bb7cb3dd604e9f282b8","timestamp":"2026-08-06T03:07:13.163Z"}
{"level":"info","message":"[Analyzer] Processing 16/19: 0xb5d6f8bb2115e8369b5610045dc8b022cc23a5e5","timestamp":"2026-08-06T03:07:13.164Z"}
{"level":"info","message":"[Analyzer] Processing 17/19: 0x65cdcaef57ecd891e2c0bb44b511462b11f0d0ce","timestamp":"2026-08-06T03:07:13.164Z"}
{"level":"info","message":"[Analyzer] Processing 18/19: 0xe8eaff853ae1eb56059c269998da3bc57739090c","timestamp":"2026-08-06T03:07:13.165Z"}
{"level":"info","message":"[Analyzer] Processing 19/19: 0xbe19a1e438fc97be96d8ca37681b8dcff9e0a448","timestamp":"2026-08-06T03:07:13.166Z"}
{"level":"info","message":"Page 36: +17 human targets | 2 bots filtered","timestamp":"2026-08-06T03:07:19.291Z"}
{"level":"info","message":"Page 36: Deleted 140 transfer records for 19 evaluated senders","timestamp":"2026-08-06T03:07:19.532Z"}
{"level":"info","message":"[Stage 2] Run complete. Added: 2852 | Filtered: 667 bots | Deleted: 41081 records | Total pending: 3507","timestamp":"2026-08-06T03:07:20.087Z"}
{"level":"info","message":"Received SIGINT. Shutting down gracefully...","timestamp":"2026-08-06T03:18:40.032Z"}
{"level":"info","message":"[Stage 2 Analyzer] Running for chain: ethereum (ID: 1)","timestamp":"2026-08-06T03:18:41.828Z"}
{"level":"info","message":"Starting Stage 2 Behavioral Analyzer (continuous mode)","timestamp":"2026-08-06T03:18:41.831Z"}
{"level":"info","message":"Polling interval: 18000s | Chain: ethereum | Lookback: 7200 blocks","timestamp":"2026-08-06T03:18:41.832Z"}
{"level":"info","message":"Fetching qualified pairs and running Stage 1 + Stage 2 heuristics...","timestamp":"2026-08-06T03:18:41.832Z"}
{"level":"info","message":"Threshold block for 40-day window: 25396608 (max block: 25684608)","timestamp":"2026-08-06T03:18:43.342Z"}
{"level":"warn","message":"[FetchPendingTargetsRPC_page_1] Attempt 1 failed: canceling statement due to statement timeout","timestamp":"2026-08-06T03:18:52.298Z"}
{"level":"info","message":"[Stage 2] Run complete. Added: 0 | Filtered: 0 bots | Deleted: 0 records | Total pending: 3507","timestamp":"2026-08-06T03:19:01.913Z"}
{"level":"info","message":"Fetching qualified pairs and running Stage 1 + Stage 2 heuristics...","timestamp":"2026-08-06T08:19:03.895Z"}
{"level":"info","message":"Threshold block for 40-day window: 25396608 (max block: 25684608)","timestamp":"2026-08-06T08:19:04.702Z"}
{"level":"warn","message":"[FetchPendingTargetsRPC_page_1] Attempt 1 failed: canceling statement due to statement timeout","timestamp":"2026-08-06T08:19:13.514Z"}
{"level":"info","message":"Fetched 4 raw pairs (page 1). Running Stage 1 + Stage 2 checks...","timestamp":"2026-08-06T08:19:19.780Z"}
{"level":"info","message":"[Analyzer] Processing 1/4: 0x07542cf0f43468e1a487b3fbb2001d2c12aa0989","timestamp":"2026-08-06T08:19:19.781Z"}
{"level":"info","message":"[Analyzer] Processing 2/4: 0xd42715451a80123b0887ae4111578f7f90cc94f6","timestamp":"2026-08-06T08:19:19.797Z"}
{"level":"info","message":"[Analyzer] Processing 3/4: 0x5d98062030d7fd546bcc10837f15d435744a4c03","timestamp":"2026-08-06T08:19:19.800Z"}
{"level":"info","message":"[Analyzer] Processing 4/4: 0xbe60c20ec4f8643cfa6e92c0c08860878a868918","timestamp":"2026-08-06T08:19:19.802Z"}
{"level":"info","message":"Page 1: +2 human targets | 2 bots filtered","timestamp":"2026-08-06T08:19:25.870Z"}
{"level":"info","message":"Page 1: Deleted 28 transfer records for 4 evaluated senders","timestamp":"2026-08-06T08:19:26.075Z"}
{"level":"info","message":"[Stage 2] Run complete. Added: 2 | Filtered: 2 bots | Deleted: 28 records | Total pending: 1162","timestamp":"2026-08-06T08:19:26.640Z"}
{"level":"info","message":"Fetching qualified pairs and running Stage 1 + Stage 2 heuristics...","timestamp":"2026-08-06T13:19:03.768Z"}
{"level":"info","message":"Threshold block for 40-day window: 25396608 (max block: 25684608)","timestamp":"2026-08-06T13:19:04.915Z"}
{"level":"info","message":"[Stage 2] Run complete. Added: 0 | Filtered: 0 bots | Deleted: 0 records | Total pending: 1162","timestamp":"2026-08-06T13:19:14.319Z"}
{"level":"info","message":"Received SIGINT. Shutting down gracefully...","timestamp":"2026-08-06T16:56:14.932Z"}
